rho,nesting,seed,region,local,global
1,nested,0,0,0.74125,0.751875
1,nested,0,1,0.7439583333333334,0.7475
1,nested,0,2,0.7660416666666666,0.7785416666666667
1,nested,1,0,1.0,1.0
1,nested,1,1,1.0,1.0
1,nested,1,2,1.0,1.0
1,nested,2,0,0.7454166666666666,0.74125
1,nested,2,1,0.7214583333333333,0.7377083333333333
1,nested,2,2,0.736875,0.7625
1,nested,3,0,0.89875,0.8772916666666667
1,nested,3,1,0.870625,0.856875
1,nested,3,2,0.8491666666666666,0.87125
1,nested,4,0,0.9604166666666667,0.9702083333333333
1,nested,4,1,0.9533333333333334,0.9654166666666667
1,nested,4,2,0.9827083333333333,0.9772916666666667
1,nested,5,0,0.6970833333333334,0.7075
1,nested,5,1,0.6758333333333333,0.6704166666666667
1,nested,5,2,0.7175,0.7164583333333333
1,nested,6,0,0.743125,0.73375
1,nested,6,1,0.745625,0.755625
1,nested,6,2,0.751875,0.7539583333333333
1,nested,7,0,0.6020833333333333,0.594375
1,nested,7,1,0.7172916666666667,0.699375
1,nested,7,2,0.53,0.6158333333333333
1,nested,8,0,0.945,0.9510416666666667
1,nested,8,1,0.9585416666666666,0.9622916666666667
1,nested,8,2,0.9820833333333333,0.98375
1,nested,9,0,0.7802083333333333,0.799375
1,nested,9,1,0.76875,0.7833333333333333
1,nested,9,2,0.8472916666666667,0.83875
1,nested,10,0,0.4764583333333333,0.444375
1,nested,10,1,0.54125,0.558125
1,nested,10,2,0.499375,0.51
1,nested,11,0,0.8025,0.7939583333333333
1,nested,11,1,0.8535416666666666,0.8529166666666667
1,nested,11,2,0.8439583333333334,0.8441666666666666
1,nested,12,0,0.9522916666666666,0.9554166666666667
1,nested,12,1,0.9389583333333333,0.9366666666666666
1,nested,12,2,0.9935416666666667,0.98625
1,nested,13,0,0.764375,0.7772916666666667
1,nested,13,1,0.7491666666666666,0.748125
1,nested,13,2,0.7814583333333334,0.7833333333333333
1,nested,14,0,0.7975,0.823125
1,nested,14,1,0.7641666666666667,0.78875
1,nested,14,2,0.7920833333333334,0.7804166666666666
1,nested,15,0,0.5564583333333334,0.5302083333333333
1,nested,15,1,0.5485416666666667,0.52
1,nested,15,2,0.5722916666666666,0.5439583333333333
1,nested,16,0,0.9991666666666666,0.998125
1,nested,16,1,0.9897916666666666,0.9904166666666666
1,nested,16,2,0.9858333333333333,0.9870833333333333
1,nested,17,0,0.7429166666666667,0.75125
1,nested,17,1,0.744375,0.7525
1,nested,17,2,0.739375,0.7425
1,nested,18,0,0.9872916666666667,0.9914583333333333
1,nested,18,1,0.994375,0.9958333333333333
1,nested,18,2,0.9983333333333333,0.9991666666666666
1,nested,19,0,0.779375,0.7925
1,nested,19,1,0.8822916666666667,0.869375
1,nested,19,2,0.8116666666666666,0.8158333333333333
1,non_nested,0,0,1.0,1.0
1,non_nested,0,1,0.8166666666666667,0.835
1,non_nested,0,2,1.0,1.0
1,non_nested,1,0,1.0,1.0
1,non_nested,1,1,1.0,1.0
1,non_nested,1,2,1.0,1.0
1,non_nested,2,0,0.9989583333333333,1.0
1,non_nested,2,1,0.9816666666666667,0.9822916666666667
1,non_nested,2,2,1.0,1.0
1,non_nested,3,0,1.0,1.0
1,non_nested,3,1,1.0,1.0
1,non_nested,3,2,1.0,1.0
1,non_nested,4,0,1.0,1.0
1,non_nested,4,1,1.0,1.0
1,non_nested,4,2,1.0,1.0
1,non_nested,5,0,1.0,1.0
1,non_nested,5,1,1.0,1.0
1,non_nested,5,2,0.9995833333333334,1.0
1,non_nested,6,0,1.0,1.0
1,non_nested,6,1,0.965,0.9725
1,non_nested,6,2,1.0,1.0
1,non_nested,7,0,1.0,1.0
1,non_nested,7,1,1.0,1.0
1,non_nested,7,2,0.9979166666666667,0.998125
1,non_nested,8,0,1.0,1.0
1,non_nested,8,1,1.0,1.0
1,non_nested,8,2,1.0,1.0
1,non_nested,9,0,1.0,1.0
1,non_nested,9,1,1.0,1.0
1,non_nested,9,2,1.0,1.0
1,non_nested,10,0,0.781875,0.8195833333333333
1,non_nested,10,1,0.9864583333333333,0.9885416666666667
1,non_nested,10,2,0.8314583333333333,0.8166666666666667
1,non_nested,11,0,1.0,1.0
1,non_nested,11,1,1.0,1.0
1,non_nested,11,2,1.0,1.0
1,non_nested,12,0,1.0,1.0
1,non_nested,12,1,1.0,1.0
1,non_nested,12,2,1.0,1.0
1,non_nested,13,0,1.0,1.0
1,non_nested,13,1,0.99625,0.9947916666666666
1,non_nested,13,2,1.0,1.0
1,non_nested,14,0,1.0,1.0
1,non_nested,14,1,1.0,1.0
1,non_nested,14,2,0.9927083333333333,0.9922916666666667
1,non_nested,15,0,0.7627083333333333,0.7616666666666667
1,non_nested,15,1,1.0,1.0
1,non_nested,15,2,0.9491666666666667,0.9620833333333333
1,non_nested,16,0,1.0,0.9985416666666667
1,non_nested,16,1,1.0,1.0
1,non_nested,16,2,1.0,1.0
1,non_nested,17,0,0.83,0.833125
1,non_nested,17,1,0.97375,0.9860416666666667
1,non_nested,17,2,0.8002083333333333,0.8014583333333334
1,non_nested,18,0,1.0,1.0
1,non_nested,18,1,1.0,1.0
1,non_nested,18,2,1.0,1.0
1,non_nested,19,0,1.0,1.0
1,non_nested,19,1,1.0,1.0
1,non_nested,19,2,0.9972916666666667,0.9991666666666666
2,nested,0,0,0.7495833333333334,0.7516666666666667
2,nested,0,1,0.720625,0.7258333333333333
2,nested,0,2,0.7691666666666667,0.7622916666666667
2,nested,1,0,1.0,1.0
2,nested,1,1,1.0,1.0
2,nested,1,2,1.0,1.0
2,nested,2,0,0.7022916666666666,0.708125
2,nested,2,1,0.7054166666666667,0.6864583333333333
2,nested,2,2,0.724375,0.711875
2,nested,3,0,0.8502083333333333,0.8579166666666667
2,nested,3,1,0.79875,0.793125
2,nested,3,2,0.845625,0.84625
2,nested,4,0,0.9591666666666666,0.9539583333333334
2,nested,4,1,0.9491666666666667,0.9516666666666667
2,nested,4,2,0.9704166666666667,0.9677083333333333
2,nested,5,0,0.6308333333333334,0.621875
2,nested,5,1,0.6204166666666666,0.6175
2,nested,5,2,0.6577083333333333,0.6566666666666666
2,nested,6,0,0.7570833333333333,0.7422916666666667
2,nested,6,1,0.7425,0.7489583333333333
2,nested,6,2,0.7614583333333333,0.7454166666666666
2,nested,7,0,0.553125,0.55875
2,nested,7,1,0.68,0.681875
2,nested,7,2,0.6035416666666666,0.6533333333333333
2,nested,8,0,0.95375,0.9570833333333333
2,nested,8,1,0.9470833333333334,0.9454166666666667
2,nested,8,2,0.9664583333333333,0.9802083333333333
2,nested,9,0,0.7575,0.749375
2,nested,9,1,0.80375,0.800625
2,nested,9,2,0.815,0.8208333333333333
2,nested,10,0,0.45729166666666665,0.48604166666666665
2,nested,10,1,0.6116666666666667,0.5804166666666667
2,nested,10,2,0.5277083333333333,0.5397916666666667
2,nested,11,0,0.7879166666666667,0.8010416666666667
2,nested,11,1,0.8416666666666667,0.8258333333333333
2,nested,11,2,0.8208333333333333,0.8239583333333333
2,nested,12,0,0.9591666666666666,0.9689583333333334
2,nested,12,1,0.9058333333333334,0.913125
2,nested,12,2,0.9722916666666667,0.9716666666666667
2,nested,13,0,0.7435416666666667,0.7745833333333333
2,nested,13,1,0.7435416666666667,0.7527083333333333
2,nested,13,2,0.7720833333333333,0.7958333333333333
2,nested,14,0,0.7791666666666667,0.795625
2,nested,14,1,0.7245833333333334,0.7529166666666667
2,nested,14,2,0.7929166666666667,0.803125
2,nested,15,0,0.5439583333333333,0.548125
2,nested,15,1,0.561875,0.583125
2,nested,15,2,0.5477083333333334,0.5491666666666667
2,nested,16,0,1.0,0.9989583333333333
2,nested,16,1,0.996875,0.9970833333333333
2,nested,16,2,0.9752083333333333,0.9754166666666667
2,nested,17,0,0.7516666666666667,0.7514583333333333
2,nested,17,1,0.7391666666666666,0.7502083333333334
2,nested,17,2,0.7247916666666666,0.7327083333333333
2,nested,18,0,0.9735416666666666,0.97375
2,nested,18,1,1.0,0.9995833333333334
2,nested,18,2,0.9985416666666667,0.999375
2,nested,19,0,0.804375,0.7760416666666666
2,nested,19,1,0.843125,0.7885416666666667
2,nested,19,2,0.785,0.7904166666666667
2,non_nested,0,0,1.0,1.0
2,non_nested,0,1,0.821875,0.8279166666666666
2,non_nested,0,2,1.0,1.0
2,non_nested,1,0,1.0,1.0
2,non_nested,1,1,1.0,1.0
2,non_nested,1,2,1.0,1.0
2,non_nested,2,0,0.9997916666666666,1.0
2,non_nested,2,1,0.9797916666666666,0.9839583333333334
2,non_nested,2,2,1.0,1.0
2,non_nested,3,0,1.0,1.0
2,non_nested,3,1,1.0,1.0
2,non_nested,3,2,1.0,1.0
2,non_nested,4,0,1.0,1.0
2,non_nested,4,1,1.0,1.0
2,non_nested,4,2,1.0,1.0
2,non_nested,5,0,1.0,1.0
2,non_nested,5,1,1.0,1.0
2,non_nested,5,2,1.0,1.0
2,non_nested,6,0,1.0,1.0
2,non_nested,6,1,0.9641666666666666,0.9625
2,non_nested,6,2,1.0,1.0
2,non_nested,7,0,1.0,1.0
2,non_nested,7,1,1.0,1.0
2,non_nested,7,2,0.9989583333333333,0.999375
2,non_nested,8,0,1.0,1.0
2,non_nested,8,1,1.0,1.0
2,non_nested,8,2,1.0,1.0
2,non_nested,9,0,1.0,1.0
2,non_nested,9,1,1.0,1.0
2,non_nested,9,2,1.0,1.0
2,non_nested,10,0,0.7989583333333333,0.8260416666666667
2,non_nested,10,1,0.9883333333333333,0.9879166666666667
2,non_nested,10,2,0.8352083333333333,0.8235416666666666
2,non_nested,11,0,1.0,1.0
2,non_nested,11,1,1.0,1.0
2,non_nested,11,2,1.0,1.0
2,non_nested,12,0,1.0,1.0
2,non_nested,12,1,1.0,1.0
2,non_nested,12,2,1.0,1.0
2,non_nested,13,0,1.0,1.0
2,non_nested,13,1,0.994375,0.9954166666666666
2,non_nested,13,2,1.0,1.0
2,non_nested,14,0,1.0,1.0
2,non_nested,14,1,1.0,1.0
2,non_nested,14,2,0.9929166666666667,0.9954166666666666
2,non_nested,15,0,0.7645833333333333,0.76875
2,non_nested,15,1,1.0,1.0
2,non_nested,15,2,0.95125,0.9572916666666667
2,non_nested,16,0,1.0,0.9964583333333333
2,non_nested,16,1,1.0,1.0
2,non_nested,16,2,1.0,1.0
2,non_nested,17,0,0.8385416666666666,0.83
2,non_nested,17,1,0.9770833333333333,0.9835416666666666
2,non_nested,17,2,0.8297916666666667,0.789375
2,non_nested,18,0,1.0,1.0
2,non_nested,18,1,1.0,1.0
2,non_nested,18,2,1.0,1.0
2,non_nested,19,0,1.0,1.0
2,non_nested,19,1,1.0,1.0
2,non_nested,19,2,0.99875,0.9991666666666666
4,nested,0,0,0.7385416666666667,0.741875
4,nested,0,1,0.6975,0.6685416666666667
4,nested,0,2,0.76125,0.7722916666666667
4,nested,1,0,1.0,1.0
4,nested,1,1,1.0,1.0
4,nested,1,2,1.0,1.0
4,nested,2,0,0.5879166666666666,0.6052083333333333
4,nested,2,1,0.6085416666666666,0.6241666666666666
4,nested,2,2,0.5822916666666667,0.5675
4,nested,3,0,0.7135416666666666,0.70375
4,nested,3,1,0.7360416666666667,0.7002083333333333
4,nested,3,2,0.7375,0.720625
4,nested,4,0,0.9020833333333333,0.906875
4,nested,4,1,0.895,0.915
4,nested,4,2,0.9304166666666667,0.93
4,nested,5,0,0.570625,0.545
4,nested,5,1,0.5958333333333333,0.5470833333333334
4,nested,5,2,0.6025,0.5891666666666666
4,nested,6,0,0.7191666666666666,0.72625
4,nested,6,1,0.7214583333333333,0.7152083333333333
4,nested,6,2,0.72,0.731875
4,nested,7,0,0.5335416666666667,0.5197916666666667
4,nested,7,1,0.61875,0.603125
4,nested,7,2,0.63875,0.620625
4,nested,8,0,0.9275,0.928125
4,nested,8,1,0.8822916666666667,0.9072916666666667
4,nested,8,2,0.9266666666666666,0.9216666666666666
4,nested,9,0,0.7570833333333333,0.7697916666666667
4,nested,9,1,0.8041666666666667,0.803125
4,nested,9,2,0.756875,0.7254166666666667
4,nested,10,0,0.47854166666666664,0.5172916666666667
4,nested,10,1,0.5295833333333333,0.5325
4,nested,10,2,0.5245833333333333,0.5341666666666667
4,nested,11,0,0.7079166666666666,0.7202083333333333
4,nested,11,1,0.7733333333333333,0.7552083333333334
4,nested,11,2,0.773125,0.7783333333333333
4,nested,12,0,0.9404166666666667,0.9570833333333333
4,nested,12,1,0.7833333333333333,0.8435416666666666
4,nested,12,2,0.8735416666666667,0.8883333333333333
4,nested,13,0,0.7583333333333333,0.7641666666666667
4,nested,13,1,0.7385416666666667,0.7404166666666666
4,nested,13,2,0.7589583333333333,0.765
4,nested,14,0,0.74125,0.7810416666666666
4,nested,14,1,0.7045833333333333,0.7227083333333333
4,nested,14,2,0.7464583333333333,0.725
4,nested,15,0,0.5197916666666667,0.5339583333333333
4,nested,15,1,0.55,0.5741666666666667
4,nested,15,2,0.5404166666666667,0.55125
4,nested,16,0,0.9985416666666667,0.9995833333333334
4,nested,16,1,0.995625,0.9970833333333333
4,nested,16,2,0.9435416666666666,0.9360416666666667
4,nested,17,0,0.745,0.7560416666666666
4,nested,17,1,0.7116666666666667,0.7033333333333334
4,nested,17,2,0.7133333333333334,0.718125
4,nested,18,0,0.9377083333333334,0.9279166666666666
4,nested,18,1,0.974375,0.96375
4,nested,18,2,0.99375,0.993125
4,nested,19,0,0.7847916666666667,0.7733333333333333
4,nested,19,1,0.7814583333333334,0.803125
4,nested,19,2,0.7835416666666667,0.7695833333333333
4,non_nested,0,0,1.0,1.0
4,non_nested,0,1,0.8283333333333334,0.8522916666666667
4,non_nested,0,2,1.0,1.0
4,non_nested,1,0,1.0,1.0
4,non_nested,1,1,1.0,1.0
4,non_nested,1,2,1.0,1.0
4,non_nested,2,0,1.0,0.9989583333333333
4,non_nested,2,1,0.9816666666666667,0.9904166666666666
4,non_nested,2,2,1.0,1.0
4,non_nested,3,0,1.0,1.0
4,non_nested,3,1,1.0,1.0
4,non_nested,3,2,1.0,1.0
4,non_nested,4,0,1.0,1.0
4,non_nested,4,1,1.0,1.0
4,non_nested,4,2,1.0,1.0
4,non_nested,5,0,1.0,1.0
4,non_nested,5,1,1.0,1.0
4,non_nested,5,2,1.0,1.0
4,non_nested,6,0,1.0,1.0
4,non_nested,6,1,0.9679166666666666,0.969375
4,non_nested,6,2,1.0,1.0
4,non_nested,7,0,1.0,1.0
4,non_nested,7,1,1.0,1.0
4,non_nested,7,2,0.9991666666666666,0.998125
4,non_nested,8,0,1.0,1.0
4,non_nested,8,1,1.0,1.0
4,non_nested,8,2,1.0,1.0
4,non_nested,9,0,1.0,1.0
4,non_nested,9,1,1.0,1.0
4,non_nested,9,2,1.0,1.0
4,non_nested,10,0,0.81375,0.8272916666666666
4,non_nested,10,1,0.98875,0.98875
4,non_nested,10,2,0.8358333333333333,0.82875
4,non_nested,11,0,1.0,1.0
4,non_nested,11,1,1.0,1.0
4,non_nested,11,2,1.0,1.0
4,non_nested,12,0,1.0,1.0
4,non_nested,12,1,1.0,0.9947916666666666
4,non_nested,12,2,1.0,1.0
4,non_nested,13,0,1.0,1.0
4,non_nested,13,1,0.9935416666666667,0.995
4,non_nested,13,2,1.0,1.0
4,non_nested,14,0,1.0,1.0
4,non_nested,14,1,1.0,1.0
4,non_nested,14,2,0.996875,0.9941666666666666
4,non_nested,15,0,0.7591666666666667,0.7585416666666667
4,non_nested,15,1,1.0,1.0
4,non_nested,15,2,0.958125,0.9583333333333334
4,non_nested,16,0,1.0,0.9991666666666666
4,non_nested,16,1,1.0,1.0
4,non_nested,16,2,1.0,1.0
4,non_nested,17,0,0.8329166666666666,0.8170833333333334
4,non_nested,17,1,0.96875,0.985625
4,non_nested,17,2,0.8379166666666666,0.8054166666666667
4,non_nested,18,0,1.0,1.0
4,non_nested,18,1,1.0,1.0
4,non_nested,18,2,1.0,1.0
4,non_nested,19,0,1.0,1.0
4,non_nested,19,1,1.0,1.0
4,non_nested,19,2,0.9995833333333334,0.9991666666666666
8,nested,0,0,0.6835416666666667,0.6666666666666666
8,nested,0,1,0.533125,0.5302083333333333
8,nested,0,2,0.6789583333333333,0.684375
8,nested,1,0,0.9995833333333334,1.0
8,nested,1,1,1.0,1.0
8,nested,1,2,1.0,1.0
8,nested,2,0,0.5454166666666667,0.5422916666666666
8,nested,2,1,0.5704166666666667,0.5541666666666667
8,nested,2,2,0.4739583333333333,0.4664583333333333
8,nested,3,0,0.65125,0.6429166666666667
8,nested,3,1,0.611875,0.610625
8,nested,3,2,0.5625,0.55375
8,nested,4,0,0.7716666666666666,0.785625
8,nested,4,1,0.8564583333333333,0.8541666666666666
8,nested,4,2,0.8327083333333334,0.848125
8,nested,5,0,0.5529166666666666,0.5397916666666667
8,nested,5,1,0.5425,0.5495833333333333
8,nested,5,2,0.5725,0.578125
8,nested,6,0,0.6733333333333333,0.6745833333333333
8,nested,6,1,0.63875,0.629375
8,nested,6,2,0.5558333333333333,0.5652083333333333
8,nested,7,0,0.5333333333333333,0.5064583333333333
8,nested,7,1,0.5425,0.5475
8,nested,7,2,0.6089583333333334,0.5970833333333333
8,nested,8,0,0.8779166666666667,0.8877083333333333
8,nested,8,1,0.800625,0.8010416666666667
8,nested,8,2,0.79375,0.7889583333333333
8,nested,9,0,0.745,0.7397916666666666
8,nested,9,1,0.7675,0.7766666666666666
8,nested,9,2,0.676875,0.7016666666666667
8,nested,10,0,0.48354166666666665,0.50125
8,nested,10,1,0.546875,0.5404166666666667
8,nested,10,2,0.5347916666666667,0.5260416666666666
8,nested,11,0,0.688125,0.66375
8,nested,11,1,0.6516666666666666,0.6564583333333334
8,nested,11,2,0.7602083333333334,0.7604166666666666
8,nested,12,0,0.8729166666666667,0.8802083333333334
8,nested,12,1,0.7139583333333334,0.7266666666666667
8,nested,12,2,0.8216666666666667,0.7897916666666667
8,nested,13,0,0.741875,0.7327083333333333
8,nested,13,1,0.71625,0.713125
8,nested,13,2,0.7602083333333334,0.7558333333333334
8,nested,14,0,0.696875,0.7047916666666667
8,nested,14,1,0.64125,0.6383333333333333
8,nested,14,2,0.7035416666666666,0.6677083333333333
8,nested,15,0,0.48,0.48583333333333334
8,nested,15,1,0.5285416666666667,0.5295833333333333
8,nested,15,2,0.5377083333333333,0.5295833333333333
8,nested,16,0,0.9941666666666666,0.9891666666666666
8,nested,16,1,0.9927083333333333,0.994375
8,nested,16,2,0.908125,0.9214583333333334
8,nested,17,0,0.7045833333333333,0.7129166666666666
8,nested,17,1,0.6866666666666666,0.69
8,nested,17,2,0.6583333333333333,0.666875
8,nested,18,0,0.8439583333333334,0.8633333333333333
8,nested,18,1,0.9,0.8866666666666667
8,nested,18,2,0.9889583333333334,0.9885416666666667
8,nested,19,0,0.7547916666666666,0.75375
8,nested,19,1,0.75875,0.7625
8,nested,19,2,0.7685416666666667,0.7591666666666667
8,non_nested,0,0,1.0,1.0
8,non_nested,0,1,0.8129166666666666,0.8658333333333333
8,non_nested,0,2,1.0,1.0
8,non_nested,1,0,1.0,1.0
8,non_nested,1,1,1.0,1.0
8,non_nested,1,2,1.0,1.0
8,non_nested,2,0,1.0,0.9989583333333333
8,non_nested,2,1,0.9804166666666667,0.9825
8,non_nested,2,2,1.0,1.0
8,non_nested,3,0,1.0,1.0
8,non_nested,3,1,1.0,1.0
8,non_nested,3,2,1.0,1.0
8,non_nested,4,0,1.0,1.0
8,non_nested,4,1,1.0,1.0
8,non_nested,4,2,1.0,1.0
8,non_nested,5,0,1.0,1.0
8,non_nested,5,1,1.0,1.0
8,non_nested,5,2,1.0,1.0
8,non_nested,6,0,1.0,1.0
8,non_nested,6,1,0.958125,0.9766666666666667
8,non_nested,6,2,1.0,1.0
8,non_nested,7,0,1.0,1.0
8,non_nested,7,1,1.0,1.0
8,non_nested,7,2,0.998125,0.9983333333333333
8,non_nested,8,0,1.0,1.0
8,non_nested,8,1,1.0,1.0
8,non_nested,8,2,1.0,1.0
8,non_nested,9,0,1.0,1.0
8,non_nested,9,1,1.0,1.0
8,non_nested,9,2,1.0,1.0
8,non_nested,10,0,0.7945833333333333,0.8166666666666667
8,non_nested,10,1,0.9897916666666666,0.9889583333333334
8,non_nested,10,2,0.8416666666666667,0.83375
8,non_nested,11,0,1.0,1.0
8,non_nested,11,1,1.0,1.0
8,non_nested,11,2,1.0,1.0
8,non_nested,12,0,1.0,1.0
8,non_nested,12,1,1.0,1.0
8,non_nested,12,2,1.0,1.0
8,non_nested,13,0,1.0,1.0
8,non_nested,13,1,0.9954166666666666,0.995
8,non_nested,13,2,1.0,1.0
8,non_nested,14,0,1.0,1.0
8,non_nested,14,1,1.0,1.0
8,non_nested,14,2,0.9941666666666666,0.9954166666666666
8,non_nested,15,0,0.7652083333333334,0.7575
8,non_nested,15,1,1.0,1.0
8,non_nested,15,2,0.9552083333333333,0.9585416666666666
8,non_nested,16,0,1.0,0.9979166666666667
8,non_nested,16,1,1.0,1.0
8,non_nested,16,2,1.0,1.0
8,non_nested,17,0,0.82375,0.838125
8,non_nested,17,1,0.9679166666666666,0.9775
8,non_nested,17,2,0.810625,0.7964583333333334
8,non_nested,18,0,1.0,1.0
8,non_nested,18,1,1.0,1.0
8,non_nested,18,2,1.0,1.0
8,non_nested,19,0,1.0,1.0
8,non_nested,19,1,1.0,1.0
8,non_nested,19,2,0.9952083333333334,0.999375
16,nested,0,0,0.5383333333333333,0.5291666666666667
16,nested,0,1,0.48125,0.47333333333333333
16,nested,0,2,0.565,0.5691666666666667
16,nested,1,0,0.9954166666666666,0.9933333333333333
16,nested,1,1,1.0,1.0
16,nested,1,2,0.995,0.9979166666666667
16,nested,2,0,0.4535416666666667,0.4554166666666667
16,nested,2,1,0.4825,0.46375
16,nested,2,2,0.39791666666666664,0.395
16,nested,3,0,0.6095833333333334,0.6091666666666666
16,nested,3,1,0.5708333333333333,0.5677083333333334
16,nested,3,2,0.5695833333333333,0.56875
16,nested,4,0,0.701875,0.68875
16,nested,4,1,0.750625,0.780625
16,nested,4,2,0.809375,0.7958333333333333
16,nested,5,0,0.5179166666666667,0.5254166666666666
16,nested,5,1,0.5172916666666667,0.5158333333333334
16,nested,5,2,0.565,0.569375
16,nested,6,0,0.6252083333333334,0.6152083333333334
16,nested,6,1,0.5514583333333334,0.5372916666666666
16,nested,6,2,0.43020833333333336,0.40479166666666666
16,nested,7,0,0.5389583333333333,0.528125
16,nested,7,1,0.5472916666666666,0.5527083333333334
16,nested,7,2,0.5939583333333334,0.5941666666666666
16,nested,8,0,0.7833333333333333,0.7814583333333334
16,nested,8,1,0.7316666666666667,0.7322916666666667
16,nested,8,2,0.71625,0.7189583333333334
16,nested,9,0,0.7364583333333333,0.743125
16,nested,9,1,0.7464583333333333,0.765
16,nested,9,2,0.7139583333333334,0.6791666666666667
16,nested,10,0,0.47583333333333333,0.518125
16,nested,10,1,0.5416666666666666,0.5041666666666667
16,nested,10,2,0.5445833333333333,0.5522916666666666
16,nested,11,0,0.65375,0.64375
16,nested,11,1,0.6125,0.6
16,nested,11,2,0.7560416666666666,0.7504166666666666
16,nested,12,0,0.8114583333333333,0.8066666666666666
16,nested,12,1,0.6825,0.6954166666666667
16,nested,12,2,0.7308333333333333,0.7229166666666667
16,nested,13,0,0.7139583333333334,0.7014583333333333
16,nested,13,1,0.6952083333333333,0.6825
16,nested,13,2,0.7383333333333333,0.7395833333333334
16,nested,14,0,0.6497916666666667,0.6591666666666667
16,nested,14,1,0.595,0.5870833333333333
16,nested,14,2,0.6302083333333334,0.6041666666666666
16,nested,15,0,0.4639583333333333,0.4560416666666667
16,nested,15,1,0.4795833333333333,0.495625
16,nested,15,2,0.5460416666666666,0.5364583333333334
16,nested,16,0,0.96625,0.969375
16,nested,16,1,0.9866666666666667,0.9820833333333333
16,nested,16,2,0.895,0.90125
16,nested,17,0,0.6639583333333333,0.62625
16,nested,17,1,0.655,0.656875
16,nested,17,2,0.6425,0.634375
16,nested,18,0,0.84125,0.8375
16,nested,18,1,0.7997916666666667,0.79625
16,nested,18,2,0.95625,0.9554166666666667
16,nested,19,0,0.7675,0.7458333333333333
16,nested,19,1,0.7754166666666666,0.7683333333333333
16,nested,19,2,0.7654166666666666,0.7529166666666667
16,non_nested,0,0,1.0,1.0
16,non_nested,0,1,0.7875,0.7866666666666666
16,non_nested,0,2,1.0,1.0
16,non_nested,1,0,1.0,1.0
16,non_nested,1,1,1.0,1.0
16,non_nested,1,2,1.0,1.0
16,non_nested,2,0,1.0,0.9997916666666666
16,non_nested,2,1,0.981875,0.9777083333333333
16,non_nested,2,2,1.0,1.0
16,non_nested,3,0,1.0,1.0
16,non_nested,3,1,1.0,1.0
16,non_nested,3,2,1.0,1.0
16,non_nested,4,0,1.0,1.0
16,non_nested,4,1,1.0,1.0
16,non_nested,4,2,1.0,1.0
16,non_nested,5,0,1.0,1.0
16,non_nested,5,1,1.0,1.0
16,non_nested,5,2,1.0,1.0
16,non_nested,6,0,1.0,1.0
16,non_nested,6,1,0.9679166666666666,0.9752083333333333
16,non_nested,6,2,1.0,1.0
16,non_nested,7,0,1.0,1.0
16,non_nested,7,1,1.0,1.0
16,non_nested,7,2,0.99875,0.9977083333333333
16,non_nested,8,0,1.0,1.0
16,non_nested,8,1,1.0,1.0
16,non_nested,8,2,1.0,1.0
16,non_nested,9,0,1.0,1.0
16,non_nested,9,1,1.0,1.0
16,non_nested,9,2,1.0,1.0
16,non_nested,10,0,0.8029166666666666,0.8264583333333333
16,non_nested,10,1,0.9877083333333333,0.9897916666666666
16,non_nested,10,2,0.8377083333333334,0.8347916666666667
16,non_nested,11,0,1.0,1.0
16,non_nested,11,1,1.0,1.0
16,non_nested,11,2,1.0,1.0
16,non_nested,12,0,1.0,1.0
16,non_nested,12,1,1.0,1.0
16,non_nested,12,2,1.0,1.0
16,non_nested,13,0,1.0,1.0
16,non_nested,13,1,0.9947916666666666,0.9954166666666666
16,non_nested,13,2,1.0,1.0
16,non_nested,14,0,1.0,1.0
16,non_nested,14,1,1.0,1.0
16,non_nested,14,2,0.9970833333333333,0.99875
16,non_nested,15,0,0.7697916666666667,0.7575
16,non_nested,15,1,1.0,1.0
16,non_nested,15,2,0.9547916666666667,0.956875
16,non_nested,16,0,1.0,0.99625
16,non_nested,16,1,1.0,1.0
16,non_nested,16,2,1.0,1.0
16,non_nested,17,0,0.8447916666666667,0.831875
16,non_nested,17,1,0.9727083333333333,0.980625
16,non_nested,17,2,0.825,0.8066666666666666
16,non_nested,18,0,1.0,1.0
16,non_nested,18,1,1.0,1.0
16,non_nested,18,2,1.0,1.0
16,non_nested,19,0,1.0,1.0
16,non_nested,19,1,1.0,1.0
16,non_nested,19,2,0.9972916666666667,0.9972916666666667
32,nested,0,0,0.45166666666666666,0.454375
32,nested,0,1,0.40958333333333335,0.4010416666666667
32,nested,0,2,0.5235416666666667,0.525625
32,nested,1,0,0.98625,0.9875
32,nested,1,1,1.0,1.0
32,nested,1,2,0.9947916666666666,0.996875
32,nested,2,0,0.431875,0.41875
32,nested,2,1,0.475,0.46625
32,nested,2,2,0.39916666666666667,0.3927083333333333
32,nested,3,0,0.5904166666666667,0.5945833333333334
32,nested,3,1,0.5533333333333333,0.5427083333333333
32,nested,3,2,0.5616666666666666,0.5533333333333333
32,nested,4,0,0.68125,0.6677083333333333
32,nested,4,1,0.7652083333333334,0.759375
32,nested,4,2,0.770625,0.7683333333333333
32,nested,5,0,0.520625,0.5270833333333333
32,nested,5,1,0.5170833333333333,0.5222916666666667
32,nested,5,2,0.5575,0.5614583333333333
32,nested,6,0,0.59375,0.5870833333333333
32,nested,6,1,0.5314583333333334,0.5135416666666667
32,nested,6,2,0.39791666666666664,0.376875
32,nested,7,0,0.514375,0.5089583333333333
32,nested,7,1,0.5333333333333333,0.5220833333333333
32,nested,7,2,0.576875,0.56125
32,nested,8,0,0.7616666666666667,0.7541666666666667
32,nested,8,1,0.691875,0.6925
32,nested,8,2,0.6916666666666667,0.6808333333333333
32,nested,9,0,0.7352083333333334,0.7308333333333333
32,nested,9,1,0.7525,0.7666666666666667
32,nested,9,2,0.704375,0.7016666666666667
32,nested,10,0,0.5125,0.5235416666666667
32,nested,10,1,0.5310416666666666,0.5110416666666666
32,nested,10,2,0.538125,0.5583333333333333
32,nested,11,0,0.6454166666666666,0.631875
32,nested,11,1,0.5972916666666667,0.579375
32,nested,11,2,0.7497916666666666,0.7516666666666667
32,nested,12,0,0.751875,0.751875
32,nested,12,1,0.6602083333333333,0.6683333333333333
32,nested,12,2,0.6925,0.680625
32,nested,13,0,0.7077083333333334,0.695625
32,nested,13,1,0.6839583333333333,0.6745833333333333
32,nested,13,2,0.7297916666666666,0.72875
32,nested,14,0,0.6277083333333333,0.6235416666666667
32,nested,14,1,0.59625,0.5745833333333333
32,nested,14,2,0.6175,0.5804166666666667
32,nested,15,0,0.44666666666666666,0.44854166666666667
32,nested,15,1,0.4864583333333333,0.463125
32,nested,15,2,0.5472916666666666,0.5489583333333333
32,nested,16,0,0.9602083333333333,0.9602083333333333
32,nested,16,1,0.9827083333333333,0.9816666666666667
32,nested,16,2,0.8977083333333333,0.9016666666666666
32,nested,17,0,0.6352083333333334,0.6179166666666667
32,nested,17,1,0.6639583333333333,0.6302083333333334
32,nested,17,2,0.6122916666666667,0.6141666666666666
32,nested,18,0,0.8310416666666667,0.8314583333333333
32,nested,18,1,0.7783333333333333,0.7666666666666667
32,nested,18,2,0.9241666666666667,0.9277083333333334
32,nested,19,0,0.7545833333333334,0.75375
32,nested,19,1,0.7754166666666666,0.78125
32,nested,19,2,0.7716666666666666,0.7639583333333333
32,non_nested,0,0,1.0,1.0
32,non_nested,0,1,0.808125,0.7910416666666666
32,non_nested,0,2,1.0,1.0
32,non_nested,1,0,1.0,1.0
32,non_nested,1,1,1.0,1.0
32,non_nested,1,2,1.0,1.0
32,non_nested,2,0,1.0,1.0
32,non_nested,2,1,0.976875,0.985625
32,non_nested,2,2,1.0,1.0
32,non_nested,3,0,1.0,1.0
32,non_nested,3,1,1.0,1.0
32,non_nested,3,2,1.0,1.0
32,non_nested,4,0,1.0,1.0
32,non_nested,4,1,1.0,1.0
32,non_nested,4,2,1.0,1.0
32,non_nested,5,0,1.0,1.0
32,non_nested,5,1,1.0,1.0
32,non_nested,5,2,1.0,1.0
32,non_nested,6,0,1.0,1.0
32,non_nested,6,1,0.9570833333333333,0.97375
32,non_nested,6,2,1.0,1.0
32,non_nested,7,0,1.0,1.0
32,non_nested,7,1,1.0,1.0
32,non_nested,7,2,0.9979166666666667,0.9995833333333334
32,non_nested,8,0,1.0,1.0
32,non_nested,8,1,1.0,1.0
32,non_nested,8,2,1.0,1.0
32,non_nested,9,0,1.0,1.0
32,non_nested,9,1,1.0,1.0
32,non_nested,9,2,1.0,1.0
32,non_nested,10,0,0.8089583333333333,0.8264583333333333
32,non_nested,10,1,0.9885416666666667,0.9908333333333333
32,non_nested,10,2,0.8341666666666666,0.8410416666666667
32,non_nested,11,0,1.0,1.0
32,non_nested,11,1,1.0,1.0
32,non_nested,11,2,1.0,1.0
32,non_nested,12,0,1.0,1.0
32,non_nested,12,1,1.0,1.0
32,non_nested,12,2,1.0,1.0
32,non_nested,13,0,1.0,1.0
32,non_nested,13,1,0.995,0.9945833333333334
32,non_nested,13,2,1.0,1.0
32,non_nested,14,0,1.0,1.0
32,non_nested,14,1,1.0,1.0
32,non_nested,14,2,0.998125,0.9960416666666667
32,non_nested,15,0,0.7766666666666666,0.758125
32,non_nested,15,1,1.0,1.0
32,non_nested,15,2,0.9554166666666667,0.9689583333333334
32,non_nested,16,0,1.0,1.0
32,non_nested,16,1,1.0,1.0
32,non_nested,16,2,1.0,1.0
32,non_nested,17,0,0.8191666666666667,0.828125
32,non_nested,17,1,0.9752083333333333,0.9822916666666667
32,non_nested,17,2,0.8454166666666667,0.7829166666666667
32,non_nested,18,0,1.0,1.0
32,non_nested,18,1,1.0,1.0
32,non_nested,18,2,1.0,1.0
32,non_nested,19,0,1.0,1.0
32,non_nested,19,1,1.0,1.0
32,non_nested,19,2,0.9977083333333333,0.9985416666666667
