track,dataset,dr_method,cluster_method,objective,sampler,trial,value,best_so_far
A,Wine quality (Low),UMAP,HDBSCAN,dbcv,TPE,0,-0.15367886168068315,-0.15367886168068315
A,Wine quality (Low),UMAP,HDBSCAN,dbcv,TPE,1,-0.3600100122296017,-0.15367886168068315
A,Wine quality (Low),UMAP,HDBSCAN,dbcv,TPE,2,-0.2089969471087526,-0.15367886168068315
A,Wine quality (Low),UMAP,HDBSCAN,dbcv,TPE,3,-0.39596094234133017,-0.15367886168068315
A,Wine quality (Low),UMAP,HDBSCAN,dbcv,TPE,4,-0.33949456344498674,-0.15367886168068315
A,Wine quality (Low),UMAP,HDBSCAN,dbcv,TPE,5,-0.47134256298635824,-0.15367886168068315
A,Wine quality (Low),UMAP,HDBSCAN,dbcv,TPE,6,-0.47134256298635824,-0.15367886168068315
A,Wine quality (Low),UMAP,HDBSCAN,dbcv,TPE,7,-0.3914754159082625,-0.15367886168068315
A,Wine quality (Low),UMAP,HDBSCAN,dbcv,TPE,8,-0.34810728593618934,-0.15367886168068315
A,Wine quality (Low),UMAP,HDBSCAN,dbcv,TPE,9,-0.42129913925458606,-0.15367886168068315
A,Wine quality (Low),UMAP,HDBSCAN,dbcv,Random,0,-0.1947210936057156,-0.1947210936057156
A,Wine quality (Low),UMAP,HDBSCAN,dbcv,Random,1,-0.3600100122296017,-0.1947210936057156
A,Wine quality (Low),UMAP,HDBSCAN,dbcv,Random,2,-0.4956509888736631,-0.1947210936057156
A,Wine quality (Low),UMAP,HDBSCAN,dbcv,Random,3,-0.3411427173908317,-0.1947210936057156
A,Wine quality (Low),UMAP,HDBSCAN,dbcv,Random,4,-0.4045256911604763,-0.1947210936057156
A,Wine quality (Low),UMAP,HDBSCAN,dbcv,Random,5,-0.47134256298635824,-0.1947210936057156
A,Wine quality (Low),UMAP,HDBSCAN,dbcv,Random,6,-0.4717638579575182,-0.1947210936057156
A,Wine quality (Low),UMAP,HDBSCAN,dbcv,Random,7,-0.47134256298635824,-0.1947210936057156
A,Wine quality (Low),UMAP,HDBSCAN,dbcv,Random,8,-0.3600100122296017,-0.1947210936057156
A,Wine quality (Low),UMAP,HDBSCAN,dbcv,Random,9,-0.34101238323949884,-0.1947210936057156
A,Wine quality (Low),UMAP,DBSCAN,dbcv,TPE,0,-1.0,-1.0
A,Wine quality (Low),UMAP,DBSCAN,dbcv,TPE,1,-0.3600100122296017,-0.3600100122296017
A,Wine quality (Low),UMAP,DBSCAN,dbcv,TPE,2,-0.29094697083110227,-0.29094697083110227
A,Wine quality (Low),UMAP,DBSCAN,dbcv,TPE,3,-0.3600100122296017,-0.29094697083110227
A,Wine quality (Low),UMAP,DBSCAN,dbcv,TPE,4,-1.0,-0.29094697083110227
A,Wine quality (Low),UMAP,DBSCAN,dbcv,TPE,5,-1.0,-0.29094697083110227
A,Wine quality (Low),UMAP,DBSCAN,dbcv,TPE,6,-1.0,-0.29094697083110227
A,Wine quality (Low),UMAP,DBSCAN,dbcv,TPE,7,-1.0,-0.29094697083110227
A,Wine quality (Low),UMAP,DBSCAN,dbcv,TPE,8,-1.0,-0.29094697083110227
A,Wine quality (Low),UMAP,DBSCAN,dbcv,TPE,9,-1.0,-0.29094697083110227
A,Wine quality (Low),UMAP,DBSCAN,dbcv,Random,0,-1.0,-1.0
A,Wine quality (Low),UMAP,DBSCAN,dbcv,Random,1,-0.3600100122296017,-0.3600100122296017
A,Wine quality (Low),UMAP,DBSCAN,dbcv,Random,2,-0.2938427008840324,-0.2938427008840324
A,Wine quality (Low),UMAP,DBSCAN,dbcv,Random,3,-1.0,-0.2938427008840324
A,Wine quality (Low),UMAP,DBSCAN,dbcv,Random,4,-1.0,-0.2938427008840324
A,Wine quality (Low),UMAP,DBSCAN,dbcv,Random,5,-1.0,-0.2938427008840324
A,Wine quality (Low),UMAP,DBSCAN,dbcv,Random,6,-1.0,-0.2938427008840324
A,Wine quality (Low),UMAP,DBSCAN,dbcv,Random,7,-1.0,-0.2938427008840324
A,Wine quality (Low),UMAP,DBSCAN,dbcv,Random,8,-1.0,-0.2938427008840324
A,Wine quality (Low),UMAP,DBSCAN,dbcv,Random,9,-1.0,-0.2938427008840324
A,Wine quality (Low),UMAP,KMeans,dbcv,TPE,0,-0.4219876711122689,-0.4219876711122689
A,Wine quality (Low),UMAP,KMeans,dbcv,TPE,1,-0.3646238882321372,-0.3646238882321372
A,Wine quality (Low),UMAP,KMeans,dbcv,TPE,2,-0.3961904967724956,-0.3646238882321372
A,Wine quality (Low),UMAP,KMeans,dbcv,TPE,3,-0.5858689724851995,-0.3646238882321372
A,Wine quality (Low),UMAP,KMeans,dbcv,TPE,4,-0.5053426583252204,-0.3646238882321372
A,Wine quality (Low),UMAP,KMeans,dbcv,TPE,5,-0.45423600422285615,-0.3646238882321372
A,Wine quality (Low),UMAP,KMeans,dbcv,TPE,6,-0.393030533011752,-0.3646238882321372
A,Wine quality (Low),UMAP,KMeans,dbcv,TPE,7,-0.5170949598895443,-0.3646238882321372
A,Wine quality (Low),UMAP,KMeans,dbcv,TPE,8,-0.41406530885978476,-0.3646238882321372
A,Wine quality (Low),UMAP,KMeans,dbcv,TPE,9,-0.456252305633734,-0.3646238882321372
A,Wine quality (Low),UMAP,KMeans,dbcv,Random,0,-0.4310171706221617,-0.4310171706221617
A,Wine quality (Low),UMAP,KMeans,dbcv,Random,1,-0.36403583927241373,-0.36403583927241373
A,Wine quality (Low),UMAP,KMeans,dbcv,Random,2,-0.38336256024176474,-0.36403583927241373
A,Wine quality (Low),UMAP,KMeans,dbcv,Random,3,-0.5659178070507379,-0.36403583927241373
A,Wine quality (Low),UMAP,KMeans,dbcv,Random,4,-0.48058647067327304,-0.36403583927241373
A,Wine quality (Low),UMAP,KMeans,dbcv,Random,5,-0.5214636472998125,-0.36403583927241373
A,Wine quality (Low),UMAP,KMeans,dbcv,Random,6,-0.4385734890075979,-0.36403583927241373
A,Wine quality (Low),UMAP,KMeans,dbcv,Random,7,-0.6070833809949827,-0.36403583927241373
A,Wine quality (Low),UMAP,KMeans,dbcv,Random,8,-0.3548158772642145,-0.3548158772642145
A,Wine quality (Low),UMAP,KMeans,dbcv,Random,9,-0.4558107360194184,-0.3548158772642145
A,Wine quality (Low),UMAP,GMM,dbcv,TPE,0,-0.486846844303637,-0.486846844303637
A,Wine quality (Low),UMAP,GMM,dbcv,TPE,1,-0.37147481295148493,-0.37147481295148493
A,Wine quality (Low),UMAP,GMM,dbcv,TPE,2,-0.4324825130972446,-0.37147481295148493
A,Wine quality (Low),UMAP,GMM,dbcv,TPE,3,-0.5826694038026767,-0.37147481295148493
A,Wine quality (Low),UMAP,GMM,dbcv,TPE,4,-0.47579981951374717,-0.37147481295148493
A,Wine quality (Low),UMAP,GMM,dbcv,TPE,5,-0.5121285359676356,-0.37147481295148493
A,Wine quality (Low),UMAP,GMM,dbcv,TPE,6,-0.48149822597422637,-0.37147481295148493
A,Wine quality (Low),UMAP,GMM,dbcv,TPE,7,-0.5872607364843441,-0.37147481295148493
A,Wine quality (Low),UMAP,GMM,dbcv,TPE,8,-0.3929438623437712,-0.37147481295148493
A,Wine quality (Low),UMAP,GMM,dbcv,TPE,9,-0.5025146570925506,-0.37147481295148493
A,Wine quality (Low),UMAP,GMM,dbcv,Random,0,-0.4330459784266512,-0.4330459784266512
A,Wine quality (Low),UMAP,GMM,dbcv,Random,1,-0.33957627467713886,-0.33957627467713886
A,Wine quality (Low),UMAP,GMM,dbcv,Random,2,-0.4075104997971101,-0.33957627467713886
A,Wine quality (Low),UMAP,GMM,dbcv,Random,3,-0.625758058248312,-0.33957627467713886
A,Wine quality (Low),UMAP,GMM,dbcv,Random,4,-0.5081987009475901,-0.33957627467713886
A,Wine quality (Low),UMAP,GMM,dbcv,Random,5,-0.48942518950887154,-0.33957627467713886
A,Wine quality (Low),UMAP,GMM,dbcv,Random,6,-0.4047017119706529,-0.33957627467713886
A,Wine quality (Low),UMAP,GMM,dbcv,Random,7,-0.5602584364852806,-0.33957627467713886
A,Wine quality (Low),UMAP,GMM,dbcv,Random,8,-0.36945033156745516,-0.33957627467713886
A,Wine quality (Low),UMAP,GMM,dbcv,Random,9,-0.4388225939891185,-0.33957627467713886
A,Wine quality (Low),t-SNE,HDBSCAN,dbcv,TPE,0,-0.35523889849156765,-0.35523889849156765
A,Wine quality (Low),t-SNE,HDBSCAN,dbcv,TPE,1,-0.3372131850851134,-0.3372131850851134
A,Wine quality (Low),t-SNE,HDBSCAN,dbcv,TPE,2,-0.20818812998874353,-0.20818812998874353
A,Wine quality (Low),t-SNE,HDBSCAN,dbcv,TPE,3,-0.28416649428791313,-0.20818812998874353
A,Wine quality (Low),t-SNE,HDBSCAN,dbcv,TPE,4,-0.39545474547602194,-0.20818812998874353
A,Wine quality (Low),t-SNE,HDBSCAN,dbcv,TPE,5,-0.47260444767059484,-0.20818812998874353
A,Wine quality (Low),t-SNE,HDBSCAN,dbcv,TPE,6,-0.47666591011118664,-0.20818812998874353
A,Wine quality (Low),t-SNE,HDBSCAN,dbcv,TPE,7,-0.32176777603445805,-0.20818812998874353
A,Wine quality (Low),t-SNE,HDBSCAN,dbcv,TPE,8,-0.36094259065701856,-0.20818812998874353
A,Wine quality (Low),t-SNE,HDBSCAN,dbcv,TPE,9,-0.47260444767059484,-0.20818812998874353
A,Wine quality (Low),t-SNE,HDBSCAN,dbcv,Random,0,-0.35523889849156765,-0.35523889849156765
A,Wine quality (Low),t-SNE,HDBSCAN,dbcv,Random,1,-0.3372131850851134,-0.3372131850851134
A,Wine quality (Low),t-SNE,HDBSCAN,dbcv,Random,2,-0.20818812998874353,-0.20818812998874353
A,Wine quality (Low),t-SNE,HDBSCAN,dbcv,Random,3,-0.28416649428791313,-0.20818812998874353
A,Wine quality (Low),t-SNE,HDBSCAN,dbcv,Random,4,-0.39545474547602194,-0.20818812998874353
A,Wine quality (Low),t-SNE,HDBSCAN,dbcv,Random,5,-0.47260444767059484,-0.20818812998874353
A,Wine quality (Low),t-SNE,HDBSCAN,dbcv,Random,6,-0.47666591011118664,-0.20818812998874353
A,Wine quality (Low),t-SNE,HDBSCAN,dbcv,Random,7,-0.32176777603445805,-0.20818812998874353
A,Wine quality (Low),t-SNE,HDBSCAN,dbcv,Random,8,-0.36094259065701856,-0.20818812998874353
A,Wine quality (Low),t-SNE,HDBSCAN,dbcv,Random,9,-0.47260444767059484,-0.20818812998874353
A,Wine quality (Low),t-SNE,DBSCAN,dbcv,TPE,0,-1.0,-1.0
A,Wine quality (Low),t-SNE,DBSCAN,dbcv,TPE,1,-1.0,-1.0
A,Wine quality (Low),t-SNE,DBSCAN,dbcv,TPE,2,-1.0,-1.0
A,Wine quality (Low),t-SNE,DBSCAN,dbcv,TPE,3,-1.0,-1.0
A,Wine quality (Low),t-SNE,DBSCAN,dbcv,TPE,4,-1.0,-1.0
A,Wine quality (Low),t-SNE,DBSCAN,dbcv,TPE,5,-1.0,-1.0
A,Wine quality (Low),t-SNE,DBSCAN,dbcv,TPE,6,-1.0,-1.0
A,Wine quality (Low),t-SNE,DBSCAN,dbcv,TPE,7,-0.32735600417922006,-0.32735600417922006
A,Wine quality (Low),t-SNE,DBSCAN,dbcv,TPE,8,-1.0,-0.32735600417922006
A,Wine quality (Low),t-SNE,DBSCAN,dbcv,TPE,9,-1.0,-0.32735600417922006
A,Wine quality (Low),t-SNE,DBSCAN,dbcv,Random,0,-1.0,-1.0
A,Wine quality (Low),t-SNE,DBSCAN,dbcv,Random,1,-1.0,-1.0
A,Wine quality (Low),t-SNE,DBSCAN,dbcv,Random,2,-1.0,-1.0
A,Wine quality (Low),t-SNE,DBSCAN,dbcv,Random,3,-1.0,-1.0
A,Wine quality (Low),t-SNE,DBSCAN,dbcv,Random,4,-1.0,-1.0
A,Wine quality (Low),t-SNE,DBSCAN,dbcv,Random,5,-1.0,-1.0
A,Wine quality (Low),t-SNE,DBSCAN,dbcv,Random,6,-1.0,-1.0
A,Wine quality (Low),t-SNE,DBSCAN,dbcv,Random,7,-0.32735600417922006,-0.32735600417922006
A,Wine quality (Low),t-SNE,DBSCAN,dbcv,Random,8,-1.0,-0.32735600417922006
A,Wine quality (Low),t-SNE,DBSCAN,dbcv,Random,9,-1.0,-0.32735600417922006
A,Wine quality (Low),t-SNE,KMeans,dbcv,TPE,0,-0.39860500010725697,-0.39860500010725697
A,Wine quality (Low),t-SNE,KMeans,dbcv,TPE,1,-0.5865799140603232,-0.39860500010725697
A,Wine quality (Low),t-SNE,KMeans,dbcv,TPE,2,-0.36309433284249626,-0.36309433284249626
A,Wine quality (Low),t-SNE,KMeans,dbcv,TPE,3,-0.40928980364624906,-0.36309433284249626
A,Wine quality (Low),t-SNE,KMeans,dbcv,TPE,4,-0.5170644255704493,-0.36309433284249626
A,Wine quality (Low),t-SNE,KMeans,dbcv,TPE,5,-0.46314039422698866,-0.36309433284249626
A,Wine quality (Low),t-SNE,KMeans,dbcv,TPE,6,-0.44476552715370804,-0.36309433284249626
A,Wine quality (Low),t-SNE,KMeans,dbcv,TPE,7,-0.5269288455519585,-0.36309433284249626
A,Wine quality (Low),t-SNE,KMeans,dbcv,TPE,8,-0.550790990260346,-0.36309433284249626
A,Wine quality (Low),t-SNE,KMeans,dbcv,TPE,9,-0.5428279762877608,-0.36309433284249626
A,Wine quality (Low),t-SNE,KMeans,dbcv,Random,0,-0.39860500010725697,-0.39860500010725697
A,Wine quality (Low),t-SNE,KMeans,dbcv,Random,1,-0.5865799140603232,-0.39860500010725697
A,Wine quality (Low),t-SNE,KMeans,dbcv,Random,2,-0.36309433284249626,-0.36309433284249626
A,Wine quality (Low),t-SNE,KMeans,dbcv,Random,3,-0.40928980364624906,-0.36309433284249626
A,Wine quality (Low),t-SNE,KMeans,dbcv,Random,4,-0.5170644255704493,-0.36309433284249626
A,Wine quality (Low),t-SNE,KMeans,dbcv,Random,5,-0.46314039422698866,-0.36309433284249626
A,Wine quality (Low),t-SNE,KMeans,dbcv,Random,6,-0.44476552715370804,-0.36309433284249626
A,Wine quality (Low),t-SNE,KMeans,dbcv,Random,7,-0.5269288455519585,-0.36309433284249626
A,Wine quality (Low),t-SNE,KMeans,dbcv,Random,8,-0.550790990260346,-0.36309433284249626
A,Wine quality (Low),t-SNE,KMeans,dbcv,Random,9,-0.5428279762877608,-0.36309433284249626
A,Wine quality (Low),t-SNE,GMM,dbcv,TPE,0,-0.40989801972529716,-0.40989801972529716
A,Wine quality (Low),t-SNE,GMM,dbcv,TPE,1,-0.5982017392879769,-0.40989801972529716
A,Wine quality (Low),t-SNE,GMM,dbcv,TPE,2,-0.38635374550796553,-0.38635374550796553
A,Wine quality (Low),t-SNE,GMM,dbcv,TPE,3,-0.37068721797714804,-0.37068721797714804
A,Wine quality (Low),t-SNE,GMM,dbcv,TPE,4,-0.5459793258783916,-0.37068721797714804
A,Wine quality (Low),t-SNE,GMM,dbcv,TPE,5,-0.44195539368140446,-0.37068721797714804
A,Wine quality (Low),t-SNE,GMM,dbcv,TPE,6,-0.45264813491116573,-0.37068721797714804
A,Wine quality (Low),t-SNE,GMM,dbcv,TPE,7,-0.49722934368517346,-0.37068721797714804
A,Wine quality (Low),t-SNE,GMM,dbcv,TPE,8,-0.5374013698221944,-0.37068721797714804
A,Wine quality (Low),t-SNE,GMM,dbcv,TPE,9,-0.40964249476614306,-0.37068721797714804
A,Wine quality (Low),t-SNE,GMM,dbcv,Random,0,-0.40989801972529716,-0.40989801972529716
A,Wine quality (Low),t-SNE,GMM,dbcv,Random,1,-0.5982017392879769,-0.40989801972529716
A,Wine quality (Low),t-SNE,GMM,dbcv,Random,2,-0.38635374550796553,-0.38635374550796553
A,Wine quality (Low),t-SNE,GMM,dbcv,Random,3,-0.37068721797714804,-0.37068721797714804
A,Wine quality (Low),t-SNE,GMM,dbcv,Random,4,-0.5459793258783916,-0.37068721797714804
A,Wine quality (Low),t-SNE,GMM,dbcv,Random,5,-0.44195539368140446,-0.37068721797714804
A,Wine quality (Low),t-SNE,GMM,dbcv,Random,6,-0.45264813491116573,-0.37068721797714804
A,Wine quality (Low),t-SNE,GMM,dbcv,Random,7,-0.49722934368517346,-0.37068721797714804
A,Wine quality (Low),t-SNE,GMM,dbcv,Random,8,-0.5374013698221944,-0.37068721797714804
A,Wine quality (Low),t-SNE,GMM,dbcv,Random,9,-0.40964249476614306,-0.37068721797714804
A,Wine quality (Low),PCA,HDBSCAN,dbcv,TPE,0,-1.0,-1.0
A,Wine quality (Low),PCA,HDBSCAN,dbcv,TPE,1,-0.017297413082795327,-0.017297413082795327
A,Wine quality (Low),PCA,HDBSCAN,dbcv,TPE,2,-0.22592631919941783,-0.017297413082795327
A,Wine quality (Low),PCA,HDBSCAN,dbcv,TPE,3,0.23408717801666593,0.23408717801666593
A,Wine quality (Low),PCA,HDBSCAN,dbcv,TPE,4,-0.041316340398914166,0.23408717801666593
A,Wine quality (Low),PCA,HDBSCAN,dbcv,TPE,5,-0.2456063296584067,0.23408717801666593
A,Wine quality (Low),PCA,HDBSCAN,dbcv,TPE,6,0.18130089635757626,0.23408717801666593
A,Wine quality (Low),PCA,HDBSCAN,dbcv,TPE,7,-0.21138340259890517,0.23408717801666593
A,Wine quality (Low),PCA,HDBSCAN,dbcv,TPE,8,-1.0,0.23408717801666593
A,Wine quality (Low),PCA,HDBSCAN,dbcv,TPE,9,-0.03310543357672563,0.23408717801666593
A,Wine quality (Low),PCA,HDBSCAN,dbcv,Random,0,-1.0,-1.0
A,Wine quality (Low),PCA,HDBSCAN,dbcv,Random,1,-0.017297413082795327,-0.017297413082795327
A,Wine quality (Low),PCA,HDBSCAN,dbcv,Random,2,-0.22592631919941783,-0.017297413082795327
A,Wine quality (Low),PCA,HDBSCAN,dbcv,Random,3,0.23408717801666593,0.23408717801666593
A,Wine quality (Low),PCA,HDBSCAN,dbcv,Random,4,-0.041316340398914166,0.23408717801666593
A,Wine quality (Low),PCA,HDBSCAN,dbcv,Random,5,-0.2456063296584067,0.23408717801666593
A,Wine quality (Low),PCA,HDBSCAN,dbcv,Random,6,0.18130089635757626,0.23408717801666593
A,Wine quality (Low),PCA,HDBSCAN,dbcv,Random,7,-0.21138340259890517,0.23408717801666593
A,Wine quality (Low),PCA,HDBSCAN,dbcv,Random,8,-1.0,0.23408717801666593
A,Wine quality (Low),PCA,HDBSCAN,dbcv,Random,9,-0.03310543357672563,0.23408717801666593
A,Wine quality (Low),PCA,DBSCAN,dbcv,TPE,0,-1.0,-1.0
A,Wine quality (Low),PCA,DBSCAN,dbcv,TPE,1,-1.0,-1.0
A,Wine quality (Low),PCA,DBSCAN,dbcv,TPE,2,-1.0,-1.0
A,Wine quality (Low),PCA,DBSCAN,dbcv,TPE,3,-1.0,-1.0
A,Wine quality (Low),PCA,DBSCAN,dbcv,TPE,4,-1.0,-1.0
A,Wine quality (Low),PCA,DBSCAN,dbcv,TPE,5,-1.0,-1.0
A,Wine quality (Low),PCA,DBSCAN,dbcv,TPE,6,0.09475771808316083,0.09475771808316083
A,Wine quality (Low),PCA,DBSCAN,dbcv,TPE,7,-1.0,0.09475771808316083
A,Wine quality (Low),PCA,DBSCAN,dbcv,TPE,8,-1.0,0.09475771808316083
A,Wine quality (Low),PCA,DBSCAN,dbcv,TPE,9,0.0943040001271839,0.09475771808316083
A,Wine quality (Low),PCA,DBSCAN,dbcv,Random,0,-1.0,-1.0
A,Wine quality (Low),PCA,DBSCAN,dbcv,Random,1,-1.0,-1.0
A,Wine quality (Low),PCA,DBSCAN,dbcv,Random,2,-1.0,-1.0
A,Wine quality (Low),PCA,DBSCAN,dbcv,Random,3,-1.0,-1.0
A,Wine quality (Low),PCA,DBSCAN,dbcv,Random,4,-1.0,-1.0
A,Wine quality (Low),PCA,DBSCAN,dbcv,Random,5,-1.0,-1.0
A,Wine quality (Low),PCA,DBSCAN,dbcv,Random,6,0.09475771808316083,0.09475771808316083
A,Wine quality (Low),PCA,DBSCAN,dbcv,Random,7,-1.0,0.09475771808316083
A,Wine quality (Low),PCA,DBSCAN,dbcv,Random,8,-1.0,0.09475771808316083
A,Wine quality (Low),PCA,DBSCAN,dbcv,Random,9,0.0943040001271839,0.09475771808316083
A,Wine quality (Low),PCA,KMeans,dbcv,TPE,0,-0.35288681228269897,-0.35288681228269897
A,Wine quality (Low),PCA,KMeans,dbcv,TPE,1,-0.46199798340087883,-0.35288681228269897
A,Wine quality (Low),PCA,KMeans,dbcv,TPE,2,-0.4648471252254924,-0.35288681228269897
A,Wine quality (Low),PCA,KMeans,dbcv,TPE,3,-0.462378906469676,-0.35288681228269897
A,Wine quality (Low),PCA,KMeans,dbcv,TPE,4,-0.3637722454986901,-0.35288681228269897
A,Wine quality (Low),PCA,KMeans,dbcv,TPE,5,-0.43032042302755064,-0.35288681228269897
A,Wine quality (Low),PCA,KMeans,dbcv,TPE,6,-0.4456392719362555,-0.35288681228269897
A,Wine quality (Low),PCA,KMeans,dbcv,TPE,7,-0.4648471252254924,-0.35288681228269897
A,Wine quality (Low),PCA,KMeans,dbcv,TPE,8,-0.40882933545864614,-0.35288681228269897
A,Wine quality (Low),PCA,KMeans,dbcv,TPE,9,-0.502969784030639,-0.35288681228269897
A,Wine quality (Low),PCA,KMeans,dbcv,Random,0,-0.35288681228269897,-0.35288681228269897
A,Wine quality (Low),PCA,KMeans,dbcv,Random,1,-0.46199798340087883,-0.35288681228269897
A,Wine quality (Low),PCA,KMeans,dbcv,Random,2,-0.4648471252254924,-0.35288681228269897
A,Wine quality (Low),PCA,KMeans,dbcv,Random,3,-0.462378906469676,-0.35288681228269897
A,Wine quality (Low),PCA,KMeans,dbcv,Random,4,-0.3637722454986901,-0.35288681228269897
A,Wine quality (Low),PCA,KMeans,dbcv,Random,5,-0.43032042302755064,-0.35288681228269897
A,Wine quality (Low),PCA,KMeans,dbcv,Random,6,-0.4456392719362555,-0.35288681228269897
A,Wine quality (Low),PCA,KMeans,dbcv,Random,7,-0.4648471252254924,-0.35288681228269897
A,Wine quality (Low),PCA,KMeans,dbcv,Random,8,-0.40882933545864614,-0.35288681228269897
A,Wine quality (Low),PCA,KMeans,dbcv,Random,9,-0.502969784030639,-0.35288681228269897
A,Wine quality (Low),PCA,GMM,dbcv,TPE,0,-0.4235873998243644,-0.4235873998243644
A,Wine quality (Low),PCA,GMM,dbcv,TPE,1,-0.4171615137239745,-0.4171615137239745
A,Wine quality (Low),PCA,GMM,dbcv,TPE,2,-0.504700281581171,-0.4171615137239745
A,Wine quality (Low),PCA,GMM,dbcv,TPE,3,-0.4876278333882627,-0.4171615137239745
A,Wine quality (Low),PCA,GMM,dbcv,TPE,4,-0.4017151417165723,-0.4017151417165723
A,Wine quality (Low),PCA,GMM,dbcv,TPE,5,-0.4978197509787982,-0.4017151417165723
A,Wine quality (Low),PCA,GMM,dbcv,TPE,6,-0.504400693347327,-0.4017151417165723
A,Wine quality (Low),PCA,GMM,dbcv,TPE,7,-0.504700281581171,-0.4017151417165723
A,Wine quality (Low),PCA,GMM,dbcv,TPE,8,-0.41695725360041724,-0.4017151417165723
A,Wine quality (Low),PCA,GMM,dbcv,TPE,9,-0.4466865339631201,-0.4017151417165723
A,Wine quality (Low),PCA,GMM,dbcv,Random,0,-0.4235873998243644,-0.4235873998243644
A,Wine quality (Low),PCA,GMM,dbcv,Random,1,-0.4171615137239745,-0.4171615137239745
A,Wine quality (Low),PCA,GMM,dbcv,Random,2,-0.504700281581171,-0.4171615137239745
A,Wine quality (Low),PCA,GMM,dbcv,Random,3,-0.4876278333882627,-0.4171615137239745
A,Wine quality (Low),PCA,GMM,dbcv,Random,4,-0.4017151417165723,-0.4017151417165723
A,Wine quality (Low),PCA,GMM,dbcv,Random,5,-0.4978197509787982,-0.4017151417165723
A,Wine quality (Low),PCA,GMM,dbcv,Random,6,-0.504400693347327,-0.4017151417165723
A,Wine quality (Low),PCA,GMM,dbcv,Random,7,-0.504700281581171,-0.4017151417165723
A,Wine quality (Low),PCA,GMM,dbcv,Random,8,-0.41695725360041724,-0.4017151417165723
A,Wine quality (Low),PCA,GMM,dbcv,Random,9,-0.4466865339631201,-0.4017151417165723
A,Wine quality (Low),MDS,HDBSCAN,dbcv,TPE,0,-1.0,-1.0
A,Wine quality (Low),MDS,HDBSCAN,dbcv,TPE,1,0.0018537676935618088,0.0018537676935618088
A,Wine quality (Low),MDS,HDBSCAN,dbcv,TPE,2,-1.0,0.0018537676935618088
A,Wine quality (Low),MDS,HDBSCAN,dbcv,TPE,3,0.17092986616139902,0.17092986616139902
A,Wine quality (Low),MDS,HDBSCAN,dbcv,TPE,4,-0.002936678312495577,0.17092986616139902
A,Wine quality (Low),MDS,HDBSCAN,dbcv,TPE,5,-1.0,0.17092986616139902
A,Wine quality (Low),MDS,HDBSCAN,dbcv,TPE,6,0.09059704616939997,0.17092986616139902
A,Wine quality (Low),MDS,HDBSCAN,dbcv,TPE,7,-1.0,0.17092986616139902
A,Wine quality (Low),MDS,HDBSCAN,dbcv,TPE,8,0.04025272332405704,0.17092986616139902
A,Wine quality (Low),MDS,HDBSCAN,dbcv,TPE,9,0.013876727987000265,0.17092986616139902
A,Wine quality (Low),MDS,HDBSCAN,dbcv,Random,0,-1.0,-1.0
A,Wine quality (Low),MDS,HDBSCAN,dbcv,Random,1,0.02761575350770784,0.02761575350770784
A,Wine quality (Low),MDS,HDBSCAN,dbcv,Random,2,-1.0,0.02761575350770784
A,Wine quality (Low),MDS,HDBSCAN,dbcv,Random,3,0.20252929196917713,0.20252929196917713
A,Wine quality (Low),MDS,HDBSCAN,dbcv,Random,4,-0.029832871359391486,0.20252929196917713
A,Wine quality (Low),MDS,HDBSCAN,dbcv,Random,5,-1.0,0.20252929196917713
A,Wine quality (Low),MDS,HDBSCAN,dbcv,Random,6,0.09060435033864221,0.20252929196917713
A,Wine quality (Low),MDS,HDBSCAN,dbcv,Random,7,-1.0,0.20252929196917713
A,Wine quality (Low),MDS,HDBSCAN,dbcv,Random,8,0.03962537969665624,0.20252929196917713
A,Wine quality (Low),MDS,HDBSCAN,dbcv,Random,9,-0.16898176983131746,0.20252929196917713
A,Wine quality (Low),MDS,DBSCAN,dbcv,TPE,0,-1.0,-1.0
A,Wine quality (Low),MDS,DBSCAN,dbcv,TPE,1,-1.0,-1.0
A,Wine quality (Low),MDS,DBSCAN,dbcv,TPE,2,-1.0,-1.0
A,Wine quality (Low),MDS,DBSCAN,dbcv,TPE,3,-1.0,-1.0
A,Wine quality (Low),MDS,DBSCAN,dbcv,TPE,4,-1.0,-1.0
A,Wine quality (Low),MDS,DBSCAN,dbcv,TPE,5,-1.0,-1.0
A,Wine quality (Low),MDS,DBSCAN,dbcv,TPE,6,0.09486997741119949,0.09486997741119949
A,Wine quality (Low),MDS,DBSCAN,dbcv,TPE,7,-1.0,0.09486997741119949
A,Wine quality (Low),MDS,DBSCAN,dbcv,TPE,8,-1.0,0.09486997741119949
A,Wine quality (Low),MDS,DBSCAN,dbcv,TPE,9,-1.0,0.09486997741119949
A,Wine quality (Low),MDS,DBSCAN,dbcv,Random,0,-1.0,-1.0
A,Wine quality (Low),MDS,DBSCAN,dbcv,Random,1,-1.0,-1.0
A,Wine quality (Low),MDS,DBSCAN,dbcv,Random,2,-1.0,-1.0
A,Wine quality (Low),MDS,DBSCAN,dbcv,Random,3,-1.0,-1.0
A,Wine quality (Low),MDS,DBSCAN,dbcv,Random,4,-1.0,-1.0
A,Wine quality (Low),MDS,DBSCAN,dbcv,Random,5,-1.0,-1.0
A,Wine quality (Low),MDS,DBSCAN,dbcv,Random,6,0.23045173761154833,0.23045173761154833
A,Wine quality (Low),MDS,DBSCAN,dbcv,Random,7,-1.0,0.23045173761154833
A,Wine quality (Low),MDS,DBSCAN,dbcv,Random,8,-1.0,0.23045173761154833
A,Wine quality (Low),MDS,DBSCAN,dbcv,Random,9,-1.0,0.23045173761154833
A,Wine quality (Low),MDS,KMeans,dbcv,TPE,0,-0.3957839526604015,-0.3957839526604015
A,Wine quality (Low),MDS,KMeans,dbcv,TPE,1,-0.39771886551298846,-0.3957839526604015
A,Wine quality (Low),MDS,KMeans,dbcv,TPE,2,-0.5514046253879119,-0.3957839526604015
A,Wine quality (Low),MDS,KMeans,dbcv,TPE,3,-0.47928628286627234,-0.3957839526604015
A,Wine quality (Low),MDS,KMeans,dbcv,TPE,4,-0.40684266450231044,-0.3957839526604015
A,Wine quality (Low),MDS,KMeans,dbcv,TPE,5,-0.433094028609014,-0.3957839526604015
A,Wine quality (Low),MDS,KMeans,dbcv,TPE,6,-0.5383094497509495,-0.3957839526604015
A,Wine quality (Low),MDS,KMeans,dbcv,TPE,7,-0.4544965120569001,-0.3957839526604015
A,Wine quality (Low),MDS,KMeans,dbcv,TPE,8,-0.5027344608723835,-0.3957839526604015
A,Wine quality (Low),MDS,KMeans,dbcv,TPE,9,-0.45666580932892376,-0.3957839526604015
A,Wine quality (Low),MDS,KMeans,dbcv,Random,0,-0.4029370853866762,-0.4029370853866762
A,Wine quality (Low),MDS,KMeans,dbcv,Random,1,-0.40924311443257,-0.4029370853866762
A,Wine quality (Low),MDS,KMeans,dbcv,Random,2,-0.49280689150419515,-0.4029370853866762
A,Wine quality (Low),MDS,KMeans,dbcv,Random,3,-0.4289547063770428,-0.4029370853866762
A,Wine quality (Low),MDS,KMeans,dbcv,Random,4,-0.4141829767947937,-0.4029370853866762
A,Wine quality (Low),MDS,KMeans,dbcv,Random,5,-0.4697759535375764,-0.4029370853866762
A,Wine quality (Low),MDS,KMeans,dbcv,Random,6,-0.46961183394548606,-0.4029370853866762
A,Wine quality (Low),MDS,KMeans,dbcv,Random,7,-0.5115517195072197,-0.4029370853866762
A,Wine quality (Low),MDS,KMeans,dbcv,Random,8,-0.39067419435065737,-0.39067419435065737
A,Wine quality (Low),MDS,KMeans,dbcv,Random,9,-0.5645605364005305,-0.39067419435065737
A,Wine quality (Low),MDS,GMM,dbcv,TPE,0,-0.3834796600890842,-0.3834796600890842
A,Wine quality (Low),MDS,GMM,dbcv,TPE,1,-0.4203992662646013,-0.3834796600890842
A,Wine quality (Low),MDS,GMM,dbcv,TPE,2,-0.4661054951463991,-0.3834796600890842
A,Wine quality (Low),MDS,GMM,dbcv,TPE,3,-0.42370014964486674,-0.3834796600890842
A,Wine quality (Low),MDS,GMM,dbcv,TPE,4,-0.39505840792424596,-0.3834796600890842
A,Wine quality (Low),MDS,GMM,dbcv,TPE,5,-0.4026066790730976,-0.3834796600890842
A,Wine quality (Low),MDS,GMM,dbcv,TPE,6,-0.43983542271315856,-0.3834796600890842
A,Wine quality (Low),MDS,GMM,dbcv,TPE,7,-0.49802699826793345,-0.3834796600890842
A,Wine quality (Low),MDS,GMM,dbcv,TPE,8,-0.43778862454100104,-0.3834796600890842
A,Wine quality (Low),MDS,GMM,dbcv,TPE,9,-0.42315748810146736,-0.3834796600890842
A,Wine quality (Low),MDS,GMM,dbcv,Random,0,-0.39763065997194724,-0.39763065997194724
A,Wine quality (Low),MDS,GMM,dbcv,Random,1,-0.464294312554435,-0.39763065997194724
A,Wine quality (Low),MDS,GMM,dbcv,Random,2,-0.5081443007650004,-0.39763065997194724
A,Wine quality (Low),MDS,GMM,dbcv,Random,3,-0.3998594117998035,-0.39763065997194724
A,Wine quality (Low),MDS,GMM,dbcv,Random,4,-0.4333095130397905,-0.39763065997194724
A,Wine quality (Low),MDS,GMM,dbcv,Random,5,-0.46373969249141234,-0.39763065997194724
A,Wine quality (Low),MDS,GMM,dbcv,Random,6,-0.3913971417919129,-0.3913971417919129
A,Wine quality (Low),MDS,GMM,dbcv,Random,7,-0.5116302121927463,-0.3913971417919129
A,Wine quality (Low),MDS,GMM,dbcv,Random,8,-0.3955191444443028,-0.3913971417919129
A,Wine quality (Low),MDS,GMM,dbcv,Random,9,-0.43943077716726925,-0.3913971417919129
A,Swiss roll (Low),UMAP,HDBSCAN,dbcv,TPE,0,0.006645624634241787,0.006645624634241787
A,Swiss roll (Low),UMAP,HDBSCAN,dbcv,TPE,1,-0.3837111966644695,0.006645624634241787
A,Swiss roll (Low),UMAP,HDBSCAN,dbcv,TPE,2,-0.5342492244760343,0.006645624634241787
A,Swiss roll (Low),UMAP,HDBSCAN,dbcv,TPE,3,-0.02195964442634747,0.006645624634241787
A,Swiss roll (Low),UMAP,HDBSCAN,dbcv,TPE,4,0.0019406371795916127,0.006645624634241787
A,Swiss roll (Low),UMAP,HDBSCAN,dbcv,TPE,5,-0.10495507147608721,0.006645624634241787
A,Swiss roll (Low),UMAP,HDBSCAN,dbcv,TPE,6,-0.43900584239564255,0.006645624634241787
A,Swiss roll (Low),UMAP,HDBSCAN,dbcv,TPE,7,0.09622613001643612,0.09622613001643612
A,Swiss roll (Low),UMAP,HDBSCAN,dbcv,TPE,8,-0.22657646662307881,0.09622613001643612
A,Swiss roll (Low),UMAP,HDBSCAN,dbcv,TPE,9,0.07615574651477075,0.09622613001643612
A,Swiss roll (Low),UMAP,HDBSCAN,dbcv,Random,0,-0.07259518346513641,-0.07259518346513641
A,Swiss roll (Low),UMAP,HDBSCAN,dbcv,Random,1,-0.38029941692433955,-0.07259518346513641
A,Swiss roll (Low),UMAP,HDBSCAN,dbcv,Random,2,-0.5342492244760343,-0.07259518346513641
A,Swiss roll (Low),UMAP,HDBSCAN,dbcv,Random,3,-0.38190765303337054,-0.07259518346513641
A,Swiss roll (Low),UMAP,HDBSCAN,dbcv,Random,4,0.0726061672127416,0.0726061672127416
A,Swiss roll (Low),UMAP,HDBSCAN,dbcv,Random,5,-0.21978738013482013,0.0726061672127416
A,Swiss roll (Low),UMAP,HDBSCAN,dbcv,Random,6,-0.45735039675039635,0.0726061672127416
A,Swiss roll (Low),UMAP,HDBSCAN,dbcv,Random,7,-0.45457658343860524,0.0726061672127416
A,Swiss roll (Low),UMAP,HDBSCAN,dbcv,Random,8,-0.41745830707610976,0.0726061672127416
A,Swiss roll (Low),UMAP,HDBSCAN,dbcv,Random,9,0.07235483957180083,0.0726061672127416
A,Swiss roll (Low),UMAP,DBSCAN,dbcv,TPE,0,-1.0,-1.0
A,Swiss roll (Low),UMAP,DBSCAN,dbcv,TPE,1,-1.0,-1.0
A,Swiss roll (Low),UMAP,DBSCAN,dbcv,TPE,2,-0.44932110858313773,-0.44932110858313773
A,Swiss roll (Low),UMAP,DBSCAN,dbcv,TPE,3,-1.0,-0.44932110858313773
A,Swiss roll (Low),UMAP,DBSCAN,dbcv,TPE,4,-1.0,-0.44932110858313773
A,Swiss roll (Low),UMAP,DBSCAN,dbcv,TPE,5,-1.0,-0.44932110858313773
A,Swiss roll (Low),UMAP,DBSCAN,dbcv,TPE,6,-1.0,-0.44932110858313773
A,Swiss roll (Low),UMAP,DBSCAN,dbcv,TPE,7,-1.0,-0.44932110858313773
A,Swiss roll (Low),UMAP,DBSCAN,dbcv,TPE,8,-1.0,-0.44932110858313773
A,Swiss roll (Low),UMAP,DBSCAN,dbcv,TPE,9,-1.0,-0.44932110858313773
A,Swiss roll (Low),UMAP,DBSCAN,dbcv,Random,0,-1.0,-1.0
A,Swiss roll (Low),UMAP,DBSCAN,dbcv,Random,1,-1.0,-1.0
A,Swiss roll (Low),UMAP,DBSCAN,dbcv,Random,2,-0.3611631045440775,-0.3611631045440775
A,Swiss roll (Low),UMAP,DBSCAN,dbcv,Random,3,-1.0,-0.3611631045440775
A,Swiss roll (Low),UMAP,DBSCAN,dbcv,Random,4,-1.0,-0.3611631045440775
A,Swiss roll (Low),UMAP,DBSCAN,dbcv,Random,5,-1.0,-0.3611631045440775
A,Swiss roll (Low),UMAP,DBSCAN,dbcv,Random,6,-1.0,-0.3611631045440775
A,Swiss roll (Low),UMAP,DBSCAN,dbcv,Random,7,-1.0,-0.3611631045440775
A,Swiss roll (Low),UMAP,DBSCAN,dbcv,Random,8,-1.0,-0.3611631045440775
A,Swiss roll (Low),UMAP,DBSCAN,dbcv,Random,9,-1.0,-0.3611631045440775
A,Swiss roll (Low),UMAP,KMeans,dbcv,TPE,0,-0.23200508354069607,-0.23200508354069607
A,Swiss roll (Low),UMAP,KMeans,dbcv,TPE,1,-0.18517375150533918,-0.18517375150533918
A,Swiss roll (Low),UMAP,KMeans,dbcv,TPE,2,-0.25027082975264797,-0.18517375150533918
A,Swiss roll (Low),UMAP,KMeans,dbcv,TPE,3,-0.5293606232037015,-0.18517375150533918
A,Swiss roll (Low),UMAP,KMeans,dbcv,TPE,4,-0.39879205505499427,-0.18517375150533918
A,Swiss roll (Low),UMAP,KMeans,dbcv,TPE,5,-0.3589047070384104,-0.18517375150533918
A,Swiss roll (Low),UMAP,KMeans,dbcv,TPE,6,-0.38978407555086175,-0.18517375150533918
A,Swiss roll (Low),UMAP,KMeans,dbcv,TPE,7,-0.19306521446977334,-0.18517375150533918
A,Swiss roll (Low),UMAP,KMeans,dbcv,TPE,8,-0.16807140181241398,-0.16807140181241398
A,Swiss roll (Low),UMAP,KMeans,dbcv,TPE,9,-0.2774370326606292,-0.16807140181241398
A,Swiss roll (Low),UMAP,KMeans,dbcv,Random,0,-0.22599514527652362,-0.22599514527652362
A,Swiss roll (Low),UMAP,KMeans,dbcv,Random,1,-0.15073834054424062,-0.15073834054424062
A,Swiss roll (Low),UMAP,KMeans,dbcv,Random,2,-0.28685088986240087,-0.15073834054424062
A,Swiss roll (Low),UMAP,KMeans,dbcv,Random,3,-0.5280725234469075,-0.15073834054424062
A,Swiss roll (Low),UMAP,KMeans,dbcv,Random,4,-0.4786048940438388,-0.15073834054424062
A,Swiss roll (Low),UMAP,KMeans,dbcv,Random,5,-0.34706960206039217,-0.15073834054424062
A,Swiss roll (Low),UMAP,KMeans,dbcv,Random,6,-0.4232507867304577,-0.15073834054424062
A,Swiss roll (Low),UMAP,KMeans,dbcv,Random,7,-0.25199232908545804,-0.15073834054424062
A,Swiss roll (Low),UMAP,KMeans,dbcv,Random,8,-0.2559703637534176,-0.15073834054424062
A,Swiss roll (Low),UMAP,KMeans,dbcv,Random,9,-0.3395230302243055,-0.15073834054424062
A,Swiss roll (Low),UMAP,GMM,dbcv,TPE,0,-0.40642103140360336,-0.40642103140360336
A,Swiss roll (Low),UMAP,GMM,dbcv,TPE,1,-0.066822675039142,-0.066822675039142
A,Swiss roll (Low),UMAP,GMM,dbcv,TPE,2,-0.18050787473328078,-0.066822675039142
A,Swiss roll (Low),UMAP,GMM,dbcv,TPE,3,-0.5546393806562747,-0.066822675039142
A,Swiss roll (Low),UMAP,GMM,dbcv,TPE,4,-0.33396079458548245,-0.066822675039142
A,Swiss roll (Low),UMAP,GMM,dbcv,TPE,5,-0.39924819874345185,-0.066822675039142
A,Swiss roll (Low),UMAP,GMM,dbcv,TPE,6,-0.4323073209849848,-0.066822675039142
A,Swiss roll (Low),UMAP,GMM,dbcv,TPE,7,-0.2557655519423771,-0.066822675039142
A,Swiss roll (Low),UMAP,GMM,dbcv,TPE,8,-0.22466323180900988,-0.066822675039142
A,Swiss roll (Low),UMAP,GMM,dbcv,TPE,9,-0.3019598629793318,-0.066822675039142
A,Swiss roll (Low),UMAP,GMM,dbcv,Random,0,-0.3484286816063364,-0.3484286816063364
A,Swiss roll (Low),UMAP,GMM,dbcv,Random,1,-0.2015889522136274,-0.2015889522136274
A,Swiss roll (Low),UMAP,GMM,dbcv,Random,2,-0.35380497090966134,-0.2015889522136274
A,Swiss roll (Low),UMAP,GMM,dbcv,Random,3,-0.5964566467297034,-0.2015889522136274
A,Swiss roll (Low),UMAP,GMM,dbcv,Random,4,-0.2688323652221117,-0.2015889522136274
A,Swiss roll (Low),UMAP,GMM,dbcv,Random,5,-0.24800089201563166,-0.2015889522136274
A,Swiss roll (Low),UMAP,GMM,dbcv,Random,6,-0.40901939044376845,-0.2015889522136274
A,Swiss roll (Low),UMAP,GMM,dbcv,Random,7,-0.2557655519423771,-0.2015889522136274
A,Swiss roll (Low),UMAP,GMM,dbcv,Random,8,-0.19413246952368376,-0.19413246952368376
A,Swiss roll (Low),UMAP,GMM,dbcv,Random,9,-0.19994430163742133,-0.19413246952368376
A,Swiss roll (Low),t-SNE,HDBSCAN,dbcv,TPE,0,-0.366776069644138,-0.366776069644138
A,Swiss roll (Low),t-SNE,HDBSCAN,dbcv,TPE,1,-0.35304089730868177,-0.35304089730868177
A,Swiss roll (Low),t-SNE,HDBSCAN,dbcv,TPE,2,-0.30002555575406087,-0.30002555575406087
A,Swiss roll (Low),t-SNE,HDBSCAN,dbcv,TPE,3,-0.022732994177520574,-0.022732994177520574
A,Swiss roll (Low),t-SNE,HDBSCAN,dbcv,TPE,4,-0.39988988559430083,-0.022732994177520574
A,Swiss roll (Low),t-SNE,HDBSCAN,dbcv,TPE,5,0.08894262599246303,0.08894262599246303
A,Swiss roll (Low),t-SNE,HDBSCAN,dbcv,TPE,6,0.11900654754441382,0.11900654754441382
A,Swiss roll (Low),t-SNE,HDBSCAN,dbcv,TPE,7,-0.1822586361664756,0.11900654754441382
A,Swiss roll (Low),t-SNE,HDBSCAN,dbcv,TPE,8,-0.4769715849516477,0.11900654754441382
A,Swiss roll (Low),t-SNE,HDBSCAN,dbcv,TPE,9,-0.4259573935391965,0.11900654754441382
A,Swiss roll (Low),t-SNE,HDBSCAN,dbcv,Random,0,-0.366776069644138,-0.366776069644138
A,Swiss roll (Low),t-SNE,HDBSCAN,dbcv,Random,1,-0.35304089730868177,-0.35304089730868177
A,Swiss roll (Low),t-SNE,HDBSCAN,dbcv,Random,2,-0.30002555575406087,-0.30002555575406087
A,Swiss roll (Low),t-SNE,HDBSCAN,dbcv,Random,3,-0.022732994177520574,-0.022732994177520574
A,Swiss roll (Low),t-SNE,HDBSCAN,dbcv,Random,4,-0.39988988559430083,-0.022732994177520574
A,Swiss roll (Low),t-SNE,HDBSCAN,dbcv,Random,5,0.08894262599246303,0.08894262599246303
A,Swiss roll (Low),t-SNE,HDBSCAN,dbcv,Random,6,0.11900654754441382,0.11900654754441382
A,Swiss roll (Low),t-SNE,HDBSCAN,dbcv,Random,7,-0.1822586361664756,0.11900654754441382
A,Swiss roll (Low),t-SNE,HDBSCAN,dbcv,Random,8,-0.4769715849516477,0.11900654754441382
A,Swiss roll (Low),t-SNE,HDBSCAN,dbcv,Random,9,-0.4259573935391965,0.11900654754441382
A,Swiss roll (Low),t-SNE,DBSCAN,dbcv,TPE,0,0.11078587530958117,0.11078587530958117
A,Swiss roll (Low),t-SNE,DBSCAN,dbcv,TPE,1,-1.0,0.11078587530958117
A,Swiss roll (Low),t-SNE,DBSCAN,dbcv,TPE,2,-1.0,0.11078587530958117
A,Swiss roll (Low),t-SNE,DBSCAN,dbcv,TPE,3,-1.0,0.11078587530958117
A,Swiss roll (Low),t-SNE,DBSCAN,dbcv,TPE,4,0.1947958298074681,0.1947958298074681
A,Swiss roll (Low),t-SNE,DBSCAN,dbcv,TPE,5,-1.0,0.1947958298074681
A,Swiss roll (Low),t-SNE,DBSCAN,dbcv,TPE,6,-1.0,0.1947958298074681
A,Swiss roll (Low),t-SNE,DBSCAN,dbcv,TPE,7,-0.38498143111533895,0.1947958298074681
A,Swiss roll (Low),t-SNE,DBSCAN,dbcv,TPE,8,-1.0,0.1947958298074681
A,Swiss roll (Low),t-SNE,DBSCAN,dbcv,TPE,9,0.07441705546423164,0.1947958298074681
A,Swiss roll (Low),t-SNE,DBSCAN,dbcv,Random,0,0.11078587530958117,0.11078587530958117
A,Swiss roll (Low),t-SNE,DBSCAN,dbcv,Random,1,-1.0,0.11078587530958117
A,Swiss roll (Low),t-SNE,DBSCAN,dbcv,Random,2,-1.0,0.11078587530958117
A,Swiss roll (Low),t-SNE,DBSCAN,dbcv,Random,3,-1.0,0.11078587530958117
A,Swiss roll (Low),t-SNE,DBSCAN,dbcv,Random,4,0.1947958298074681,0.1947958298074681
A,Swiss roll (Low),t-SNE,DBSCAN,dbcv,Random,5,-1.0,0.1947958298074681
A,Swiss roll (Low),t-SNE,DBSCAN,dbcv,Random,6,-1.0,0.1947958298074681
A,Swiss roll (Low),t-SNE,DBSCAN,dbcv,Random,7,-0.38498143111533895,0.1947958298074681
A,Swiss roll (Low),t-SNE,DBSCAN,dbcv,Random,8,-1.0,0.1947958298074681
A,Swiss roll (Low),t-SNE,DBSCAN,dbcv,Random,9,0.07441705546423164,0.1947958298074681
A,Swiss roll (Low),t-SNE,KMeans,dbcv,TPE,0,-0.2547378241945936,-0.2547378241945936
A,Swiss roll (Low),t-SNE,KMeans,dbcv,TPE,1,-0.4524952363168979,-0.2547378241945936
A,Swiss roll (Low),t-SNE,KMeans,dbcv,TPE,2,-0.256547246636608,-0.2547378241945936
A,Swiss roll (Low),t-SNE,KMeans,dbcv,TPE,3,-0.1753072682136933,-0.1753072682136933
A,Swiss roll (Low),t-SNE,KMeans,dbcv,TPE,4,-0.5533800067847581,-0.1753072682136933
A,Swiss roll (Low),t-SNE,KMeans,dbcv,TPE,5,-0.2534242246731258,-0.1753072682136933
A,Swiss roll (Low),t-SNE,KMeans,dbcv,TPE,6,-0.2156091517774344,-0.1753072682136933
A,Swiss roll (Low),t-SNE,KMeans,dbcv,TPE,7,-0.3277814422276873,-0.1753072682136933
A,Swiss roll (Low),t-SNE,KMeans,dbcv,TPE,8,-0.43168277257982873,-0.1753072682136933
A,Swiss roll (Low),t-SNE,KMeans,dbcv,TPE,9,-0.6186661930493388,-0.1753072682136933
A,Swiss roll (Low),t-SNE,KMeans,dbcv,Random,0,-0.2547378241945936,-0.2547378241945936
A,Swiss roll (Low),t-SNE,KMeans,dbcv,Random,1,-0.4524952363168979,-0.2547378241945936
A,Swiss roll (Low),t-SNE,KMeans,dbcv,Random,2,-0.256547246636608,-0.2547378241945936
A,Swiss roll (Low),t-SNE,KMeans,dbcv,Random,3,-0.1753072682136933,-0.1753072682136933
A,Swiss roll (Low),t-SNE,KMeans,dbcv,Random,4,-0.5533800067847581,-0.1753072682136933
A,Swiss roll (Low),t-SNE,KMeans,dbcv,Random,5,-0.2534242246731258,-0.1753072682136933
A,Swiss roll (Low),t-SNE,KMeans,dbcv,Random,6,-0.2156091517774344,-0.1753072682136933
A,Swiss roll (Low),t-SNE,KMeans,dbcv,Random,7,-0.3277814422276873,-0.1753072682136933
A,Swiss roll (Low),t-SNE,KMeans,dbcv,Random,8,-0.43168277257982873,-0.1753072682136933
A,Swiss roll (Low),t-SNE,KMeans,dbcv,Random,9,-0.6186661930493388,-0.1753072682136933
A,Swiss roll (Low),t-SNE,GMM,dbcv,TPE,0,-0.13900446135944128,-0.13900446135944128
A,Swiss roll (Low),t-SNE,GMM,dbcv,TPE,1,-0.445470529575947,-0.13900446135944128
A,Swiss roll (Low),t-SNE,GMM,dbcv,TPE,2,-0.2905562903604001,-0.13900446135944128
A,Swiss roll (Low),t-SNE,GMM,dbcv,TPE,3,-0.26091992620939464,-0.13900446135944128
A,Swiss roll (Low),t-SNE,GMM,dbcv,TPE,4,-0.43862558056532897,-0.13900446135944128
A,Swiss roll (Low),t-SNE,GMM,dbcv,TPE,5,-0.288906123534157,-0.13900446135944128
A,Swiss roll (Low),t-SNE,GMM,dbcv,TPE,6,-0.13205784945725263,-0.13205784945725263
A,Swiss roll (Low),t-SNE,GMM,dbcv,TPE,7,-0.3404412992828482,-0.13205784945725263
A,Swiss roll (Low),t-SNE,GMM,dbcv,TPE,8,-0.5746307594171508,-0.13205784945725263
A,Swiss roll (Low),t-SNE,GMM,dbcv,TPE,9,-0.4071448429646216,-0.13205784945725263
A,Swiss roll (Low),t-SNE,GMM,dbcv,Random,0,-0.13900446135944128,-0.13900446135944128
A,Swiss roll (Low),t-SNE,GMM,dbcv,Random,1,-0.445470529575947,-0.13900446135944128
A,Swiss roll (Low),t-SNE,GMM,dbcv,Random,2,-0.2905562903604001,-0.13900446135944128
A,Swiss roll (Low),t-SNE,GMM,dbcv,Random,3,-0.26091992620939464,-0.13900446135944128
A,Swiss roll (Low),t-SNE,GMM,dbcv,Random,4,-0.43862558056532897,-0.13900446135944128
A,Swiss roll (Low),t-SNE,GMM,dbcv,Random,5,-0.288906123534157,-0.13900446135944128
A,Swiss roll (Low),t-SNE,GMM,dbcv,Random,6,-0.13205784945725263,-0.13205784945725263
A,Swiss roll (Low),t-SNE,GMM,dbcv,Random,7,-0.3404412992828482,-0.13205784945725263
A,Swiss roll (Low),t-SNE,GMM,dbcv,Random,8,-0.5746307594171508,-0.13205784945725263
A,Swiss roll (Low),t-SNE,GMM,dbcv,Random,9,-0.4071448429646216,-0.13205784945725263
A,Swiss roll (Low),PCA,HDBSCAN,dbcv,TPE,0,-0.1369709383349144,-0.1369709383349144
A,Swiss roll (Low),PCA,HDBSCAN,dbcv,TPE,1,0.2287965538718228,0.2287965538718228
A,Swiss roll (Low),PCA,HDBSCAN,dbcv,TPE,2,-0.09272123416805968,0.2287965538718228
A,Swiss roll (Low),PCA,HDBSCAN,dbcv,TPE,3,-0.04133937394598928,0.2287965538718228
A,Swiss roll (Low),PCA,HDBSCAN,dbcv,TPE,4,0.2229755746454673,0.2287965538718228
A,Swiss roll (Low),PCA,HDBSCAN,dbcv,TPE,5,-0.07114796475281888,0.2287965538718228
A,Swiss roll (Low),PCA,HDBSCAN,dbcv,TPE,6,-0.07579094539654431,0.2287965538718228
A,Swiss roll (Low),PCA,HDBSCAN,dbcv,TPE,7,-0.1739624546439635,0.2287965538718228
A,Swiss roll (Low),PCA,HDBSCAN,dbcv,TPE,8,-0.3120235823599028,0.2287965538718228
A,Swiss roll (Low),PCA,HDBSCAN,dbcv,TPE,9,0.06161006348811637,0.2287965538718228
A,Swiss roll (Low),PCA,HDBSCAN,dbcv,Random,0,-0.1369709383349144,-0.1369709383349144
A,Swiss roll (Low),PCA,HDBSCAN,dbcv,Random,1,0.2287965538718228,0.2287965538718228
A,Swiss roll (Low),PCA,HDBSCAN,dbcv,Random,2,-0.09272123416805968,0.2287965538718228
A,Swiss roll (Low),PCA,HDBSCAN,dbcv,Random,3,-0.04133937394598928,0.2287965538718228
A,Swiss roll (Low),PCA,HDBSCAN,dbcv,Random,4,0.2229755746454673,0.2287965538718228
A,Swiss roll (Low),PCA,HDBSCAN,dbcv,Random,5,-0.07114796475281888,0.2287965538718228
A,Swiss roll (Low),PCA,HDBSCAN,dbcv,Random,6,-0.07579094539654431,0.2287965538718228
A,Swiss roll (Low),PCA,HDBSCAN,dbcv,Random,7,-0.1739624546439635,0.2287965538718228
A,Swiss roll (Low),PCA,HDBSCAN,dbcv,Random,8,-0.3120235823599028,0.2287965538718228
A,Swiss roll (Low),PCA,HDBSCAN,dbcv,Random,9,0.06161006348811637,0.2287965538718228
A,Swiss roll (Low),PCA,DBSCAN,dbcv,TPE,0,-1.0,-1.0
A,Swiss roll (Low),PCA,DBSCAN,dbcv,TPE,1,-1.0,-1.0
A,Swiss roll (Low),PCA,DBSCAN,dbcv,TPE,2,-1.0,-1.0
A,Swiss roll (Low),PCA,DBSCAN,dbcv,TPE,3,-1.0,-1.0
A,Swiss roll (Low),PCA,DBSCAN,dbcv,TPE,4,-1.0,-1.0
A,Swiss roll (Low),PCA,DBSCAN,dbcv,TPE,5,-1.0,-1.0
A,Swiss roll (Low),PCA,DBSCAN,dbcv,TPE,6,-1.0,-1.0
A,Swiss roll (Low),PCA,DBSCAN,dbcv,TPE,7,-1.0,-1.0
A,Swiss roll (Low),PCA,DBSCAN,dbcv,TPE,8,-1.0,-1.0
A,Swiss roll (Low),PCA,DBSCAN,dbcv,TPE,9,-1.0,-1.0
A,Swiss roll (Low),PCA,DBSCAN,dbcv,Random,0,-1.0,-1.0
A,Swiss roll (Low),PCA,DBSCAN,dbcv,Random,1,-1.0,-1.0
A,Swiss roll (Low),PCA,DBSCAN,dbcv,Random,2,-1.0,-1.0
A,Swiss roll (Low),PCA,DBSCAN,dbcv,Random,3,-1.0,-1.0
A,Swiss roll (Low),PCA,DBSCAN,dbcv,Random,4,-1.0,-1.0
A,Swiss roll (Low),PCA,DBSCAN,dbcv,Random,5,-1.0,-1.0
A,Swiss roll (Low),PCA,DBSCAN,dbcv,Random,6,-1.0,-1.0
A,Swiss roll (Low),PCA,DBSCAN,dbcv,Random,7,-1.0,-1.0
A,Swiss roll (Low),PCA,DBSCAN,dbcv,Random,8,-1.0,-1.0
A,Swiss roll (Low),PCA,DBSCAN,dbcv,Random,9,-1.0,-1.0
A,Swiss roll (Low),PCA,KMeans,dbcv,TPE,0,-0.5728276919939984,-0.5728276919939984
A,Swiss roll (Low),PCA,KMeans,dbcv,TPE,1,-0.5776210583407337,-0.5728276919939984
A,Swiss roll (Low),PCA,KMeans,dbcv,TPE,2,-0.6846882695075712,-0.5728276919939984
A,Swiss roll (Low),PCA,KMeans,dbcv,TPE,3,-0.5668616987279808,-0.5668616987279808
A,Swiss roll (Low),PCA,KMeans,dbcv,TPE,4,-0.5514935539773149,-0.5514935539773149
A,Swiss roll (Low),PCA,KMeans,dbcv,TPE,5,-0.5728276919939984,-0.5514935539773149
A,Swiss roll (Low),PCA,KMeans,dbcv,TPE,6,-0.5732170497584774,-0.5514935539773149
A,Swiss roll (Low),PCA,KMeans,dbcv,TPE,7,-0.6846882695075712,-0.5514935539773149
A,Swiss roll (Low),PCA,KMeans,dbcv,TPE,8,-0.5987009125428757,-0.5514935539773149
A,Swiss roll (Low),PCA,KMeans,dbcv,TPE,9,-0.5902051790404188,-0.5514935539773149
A,Swiss roll (Low),PCA,KMeans,dbcv,Random,0,-0.5728276919939984,-0.5728276919939984
A,Swiss roll (Low),PCA,KMeans,dbcv,Random,1,-0.5776210583407337,-0.5728276919939984
A,Swiss roll (Low),PCA,KMeans,dbcv,Random,2,-0.6846882695075712,-0.5728276919939984
A,Swiss roll (Low),PCA,KMeans,dbcv,Random,3,-0.5668616987279808,-0.5668616987279808
A,Swiss roll (Low),PCA,KMeans,dbcv,Random,4,-0.5514935539773149,-0.5514935539773149
A,Swiss roll (Low),PCA,KMeans,dbcv,Random,5,-0.5728276919939984,-0.5514935539773149
A,Swiss roll (Low),PCA,KMeans,dbcv,Random,6,-0.5732170497584774,-0.5514935539773149
A,Swiss roll (Low),PCA,KMeans,dbcv,Random,7,-0.6846882695075712,-0.5514935539773149
A,Swiss roll (Low),PCA,KMeans,dbcv,Random,8,-0.5987009125428757,-0.5514935539773149
A,Swiss roll (Low),PCA,KMeans,dbcv,Random,9,-0.5902051790404188,-0.5514935539773149
A,Swiss roll (Low),PCA,GMM,dbcv,TPE,0,-0.5868620317882272,-0.5868620317882272
A,Swiss roll (Low),PCA,GMM,dbcv,TPE,1,-0.5117699095573613,-0.5117699095573613
A,Swiss roll (Low),PCA,GMM,dbcv,TPE,2,-0.616990202845216,-0.5117699095573613
A,Swiss roll (Low),PCA,GMM,dbcv,TPE,3,-0.6027259188458154,-0.5117699095573613
A,Swiss roll (Low),PCA,GMM,dbcv,TPE,4,-0.4624778367776752,-0.4624778367776752
A,Swiss roll (Low),PCA,GMM,dbcv,TPE,5,-0.5868620317882272,-0.4624778367776752
A,Swiss roll (Low),PCA,GMM,dbcv,TPE,6,-0.5755354874730687,-0.4624778367776752
A,Swiss roll (Low),PCA,GMM,dbcv,TPE,7,-0.616990202845216,-0.4624778367776752
A,Swiss roll (Low),PCA,GMM,dbcv,TPE,8,-0.5695427004323632,-0.4624778367776752
A,Swiss roll (Low),PCA,GMM,dbcv,TPE,9,-0.6113234526258347,-0.4624778367776752
A,Swiss roll (Low),PCA,GMM,dbcv,Random,0,-0.5868620317882272,-0.5868620317882272
A,Swiss roll (Low),PCA,GMM,dbcv,Random,1,-0.5117699095573613,-0.5117699095573613
A,Swiss roll (Low),PCA,GMM,dbcv,Random,2,-0.616990202845216,-0.5117699095573613
A,Swiss roll (Low),PCA,GMM,dbcv,Random,3,-0.6027259188458154,-0.5117699095573613
A,Swiss roll (Low),PCA,GMM,dbcv,Random,4,-0.4624778367776752,-0.4624778367776752
A,Swiss roll (Low),PCA,GMM,dbcv,Random,5,-0.5868620317882272,-0.4624778367776752
A,Swiss roll (Low),PCA,GMM,dbcv,Random,6,-0.5755354874730687,-0.4624778367776752
A,Swiss roll (Low),PCA,GMM,dbcv,Random,7,-0.616990202845216,-0.4624778367776752
A,Swiss roll (Low),PCA,GMM,dbcv,Random,8,-0.5695427004323632,-0.4624778367776752
A,Swiss roll (Low),PCA,GMM,dbcv,Random,9,-0.6113234526258347,-0.4624778367776752
A,Swiss roll (Low),MDS,HDBSCAN,dbcv,TPE,0,0.07553261971146258,0.07553261971146258
A,Swiss roll (Low),MDS,HDBSCAN,dbcv,TPE,1,0.26600629589016395,0.26600629589016395
A,Swiss roll (Low),MDS,HDBSCAN,dbcv,TPE,2,0.013077675287492554,0.26600629589016395
A,Swiss roll (Low),MDS,HDBSCAN,dbcv,TPE,3,-0.052380731006046385,0.26600629589016395
A,Swiss roll (Low),MDS,HDBSCAN,dbcv,TPE,4,0.19858468200173807,0.26600629589016395
A,Swiss roll (Low),MDS,HDBSCAN,dbcv,TPE,5,-0.09445789685513734,0.26600629589016395
A,Swiss roll (Low),MDS,HDBSCAN,dbcv,TPE,6,-0.018759245416664357,0.26600629589016395
A,Swiss roll (Low),MDS,HDBSCAN,dbcv,TPE,7,-0.24854139688434457,0.26600629589016395
A,Swiss roll (Low),MDS,HDBSCAN,dbcv,TPE,8,-0.1675265134487448,0.26600629589016395
A,Swiss roll (Low),MDS,HDBSCAN,dbcv,TPE,9,-0.04237934795416147,0.26600629589016395
A,Swiss roll (Low),MDS,HDBSCAN,dbcv,Random,0,-0.22155635485270805,-0.22155635485270805
A,Swiss roll (Low),MDS,HDBSCAN,dbcv,Random,1,0.2540382050605599,0.2540382050605599
A,Swiss roll (Low),MDS,HDBSCAN,dbcv,Random,2,0.055394471106851695,0.2540382050605599
A,Swiss roll (Low),MDS,HDBSCAN,dbcv,Random,3,-0.09708806215051013,0.2540382050605599
A,Swiss roll (Low),MDS,HDBSCAN,dbcv,Random,4,0.1692991528993535,0.2540382050605599
A,Swiss roll (Low),MDS,HDBSCAN,dbcv,Random,5,-0.03280183730524967,0.2540382050605599
A,Swiss roll (Low),MDS,HDBSCAN,dbcv,Random,6,-0.02515029428447063,0.2540382050605599
A,Swiss roll (Low),MDS,HDBSCAN,dbcv,Random,7,-0.005187916418044398,0.2540382050605599
A,Swiss roll (Low),MDS,HDBSCAN,dbcv,Random,8,-0.15377038115575478,0.2540382050605599
A,Swiss roll (Low),MDS,HDBSCAN,dbcv,Random,9,-0.06840430617055235,0.2540382050605599
A,Swiss roll (Low),MDS,DBSCAN,dbcv,TPE,0,-1.0,-1.0
A,Swiss roll (Low),MDS,DBSCAN,dbcv,TPE,1,-1.0,-1.0
A,Swiss roll (Low),MDS,DBSCAN,dbcv,TPE,2,-1.0,-1.0
A,Swiss roll (Low),MDS,DBSCAN,dbcv,TPE,3,-1.0,-1.0
A,Swiss roll (Low),MDS,DBSCAN,dbcv,TPE,4,-1.0,-1.0
A,Swiss roll (Low),MDS,DBSCAN,dbcv,TPE,5,-1.0,-1.0
A,Swiss roll (Low),MDS,DBSCAN,dbcv,TPE,6,-1.0,-1.0
A,Swiss roll (Low),MDS,DBSCAN,dbcv,TPE,7,-1.0,-1.0
A,Swiss roll (Low),MDS,DBSCAN,dbcv,TPE,8,-1.0,-1.0
A,Swiss roll (Low),MDS,DBSCAN,dbcv,TPE,9,-1.0,-1.0
A,Swiss roll (Low),MDS,DBSCAN,dbcv,Random,0,-1.0,-1.0
A,Swiss roll (Low),MDS,DBSCAN,dbcv,Random,1,-1.0,-1.0
A,Swiss roll (Low),MDS,DBSCAN,dbcv,Random,2,-1.0,-1.0
A,Swiss roll (Low),MDS,DBSCAN,dbcv,Random,3,-1.0,-1.0
A,Swiss roll (Low),MDS,DBSCAN,dbcv,Random,4,-1.0,-1.0
A,Swiss roll (Low),MDS,DBSCAN,dbcv,Random,5,-1.0,-1.0
A,Swiss roll (Low),MDS,DBSCAN,dbcv,Random,6,-1.0,-1.0
A,Swiss roll (Low),MDS,DBSCAN,dbcv,Random,7,-1.0,-1.0
A,Swiss roll (Low),MDS,DBSCAN,dbcv,Random,8,-1.0,-1.0
A,Swiss roll (Low),MDS,DBSCAN,dbcv,Random,9,-1.0,-1.0
A,Swiss roll (Low),MDS,KMeans,dbcv,TPE,0,-0.5831965829132524,-0.5831965829132524
A,Swiss roll (Low),MDS,KMeans,dbcv,TPE,1,-0.628240314064184,-0.5831965829132524
A,Swiss roll (Low),MDS,KMeans,dbcv,TPE,2,-0.6326783353664626,-0.5831965829132524
A,Swiss roll (Low),MDS,KMeans,dbcv,TPE,3,-0.5976188892081835,-0.5831965829132524
A,Swiss roll (Low),MDS,KMeans,dbcv,TPE,4,-0.5746865853555627,-0.5746865853555627
A,Swiss roll (Low),MDS,KMeans,dbcv,TPE,5,-0.6268488560370002,-0.5746865853555627
A,Swiss roll (Low),MDS,KMeans,dbcv,TPE,6,-0.5732170497584774,-0.5732170497584774
A,Swiss roll (Low),MDS,KMeans,dbcv,TPE,7,-0.6214214434356254,-0.5732170497584774
A,Swiss roll (Low),MDS,KMeans,dbcv,TPE,8,-0.6406342935918582,-0.5732170497584774
A,Swiss roll (Low),MDS,KMeans,dbcv,TPE,9,-0.6559957143894454,-0.5732170497584774
A,Swiss roll (Low),MDS,KMeans,dbcv,Random,0,-0.6268488560370002,-0.6268488560370002
A,Swiss roll (Low),MDS,KMeans,dbcv,Random,1,-0.5558548872076597,-0.5558548872076597
A,Swiss roll (Low),MDS,KMeans,dbcv,Random,2,-0.6529885140315019,-0.5558548872076597
A,Swiss roll (Low),MDS,KMeans,dbcv,Random,3,-0.6290416044376195,-0.5558548872076597
A,Swiss roll (Low),MDS,KMeans,dbcv,Random,4,-0.5426402060677261,-0.5426402060677261
A,Swiss roll (Low),MDS,KMeans,dbcv,Random,5,-0.5712204363249437,-0.5426402060677261
A,Swiss roll (Low),MDS,KMeans,dbcv,Random,6,-0.5732170497584774,-0.5426402060677261
A,Swiss roll (Low),MDS,KMeans,dbcv,Random,7,-0.5590944084589777,-0.5426402060677261
A,Swiss roll (Low),MDS,KMeans,dbcv,Random,8,-0.6411305904511387,-0.5426402060677261
A,Swiss roll (Low),MDS,KMeans,dbcv,Random,9,-0.6663417663839665,-0.5426402060677261
A,Swiss roll (Low),MDS,GMM,dbcv,TPE,0,-0.6273555284925916,-0.6273555284925916
A,Swiss roll (Low),MDS,GMM,dbcv,TPE,1,-0.5424378490040698,-0.5424378490040698
A,Swiss roll (Low),MDS,GMM,dbcv,TPE,2,-0.6484808774467632,-0.5424378490040698
A,Swiss roll (Low),MDS,GMM,dbcv,TPE,3,-0.5655821633674702,-0.5424378490040698
A,Swiss roll (Low),MDS,GMM,dbcv,TPE,4,-0.47761992662593955,-0.47761992662593955
A,Swiss roll (Low),MDS,GMM,dbcv,TPE,5,-0.6058600018805509,-0.47761992662593955
A,Swiss roll (Low),MDS,GMM,dbcv,TPE,6,-0.6263006000570349,-0.47761992662593955
A,Swiss roll (Low),MDS,GMM,dbcv,TPE,7,-0.6526919066137196,-0.47761992662593955
A,Swiss roll (Low),MDS,GMM,dbcv,TPE,8,-0.647417479548594,-0.47761992662593955
A,Swiss roll (Low),MDS,GMM,dbcv,TPE,9,-0.6462446094891783,-0.47761992662593955
A,Swiss roll (Low),MDS,GMM,dbcv,Random,0,-0.6108237937939474,-0.6108237937939474
A,Swiss roll (Low),MDS,GMM,dbcv,Random,1,-0.5398724943013437,-0.5398724943013437
A,Swiss roll (Low),MDS,GMM,dbcv,Random,2,-0.6457843764951319,-0.5398724943013437
A,Swiss roll (Low),MDS,GMM,dbcv,Random,3,-0.5516341103929767,-0.5398724943013437
A,Swiss roll (Low),MDS,GMM,dbcv,Random,4,-0.4629387049085664,-0.4629387049085664
A,Swiss roll (Low),MDS,GMM,dbcv,Random,5,-0.6318624185098861,-0.4629387049085664
A,Swiss roll (Low),MDS,GMM,dbcv,Random,6,-0.5863215065981915,-0.4629387049085664
A,Swiss roll (Low),MDS,GMM,dbcv,Random,7,-0.632242492364323,-0.4629387049085664
A,Swiss roll (Low),MDS,GMM,dbcv,Random,8,-0.669930888900936,-0.4629387049085664
A,Swiss roll (Low),MDS,GMM,dbcv,Random,9,-0.6381042041100895,-0.4629387049085664
B,Wine quality (Low),UMAP,-,tnc,TPE,0,0.9286630457933973,0.9286630457933973
B,Wine quality (Low),UMAP,-,tnc,TPE,1,0.9326199148029819,0.9326199148029819
B,Wine quality (Low),UMAP,-,tnc,TPE,2,0.934498828541001,0.934498828541001
B,Wine quality (Low),UMAP,-,tnc,TPE,3,0.9246122470713525,0.934498828541001
B,Wine quality (Low),UMAP,-,tnc,TPE,4,0.9294880724174654,0.934498828541001
B,Wine quality (Low),UMAP,-,tnc,TPE,5,0.9194450479233227,0.934498828541001
B,Wine quality (Low),UMAP,-,tnc,TPE,6,0.9329697550585729,0.934498828541001
B,Wine quality (Low),UMAP,-,tnc,TPE,7,0.9330794462193823,0.934498828541001
B,Wine quality (Low),UMAP,-,tnc,TPE,8,0.9350382321618743,0.9350382321618743
B,Wine quality (Low),UMAP,-,tnc,TPE,9,0.9330989350372738,0.9350382321618743
B,Wine quality (Low),UMAP,-,tnc,Random,0,0.9309702875399362,0.9309702875399362
B,Wine quality (Low),UMAP,-,tnc,Random,1,0.9292109691160809,0.9309702875399362
B,Wine quality (Low),UMAP,-,tnc,Random,2,0.932475505857295,0.932475505857295
B,Wine quality (Low),UMAP,-,tnc,Random,3,0.9228129925452608,0.932475505857295
B,Wine quality (Low),UMAP,-,tnc,Random,4,0.9319300319488818,0.932475505857295
B,Wine quality (Low),UMAP,-,tnc,Random,5,0.9189158679446219,0.932475505857295
B,Wine quality (Low),UMAP,-,tnc,Random,6,0.9332087326943557,0.9332087326943557
B,Wine quality (Low),UMAP,-,tnc,Random,7,0.9333683706070288,0.9333683706070288
B,Wine quality (Low),UMAP,-,tnc,Random,8,0.9310436634717785,0.9333683706070288
B,Wine quality (Low),UMAP,-,tnc,Random,9,0.933407774227902,0.933407774227902
B,Wine quality (Low),t-SNE,-,tnc,TPE,0,0.9286390841320553,0.9286390841320553
B,Wine quality (Low),t-SNE,-,tnc,TPE,1,0.9335483493077741,0.9335483493077741
B,Wine quality (Low),t-SNE,-,tnc,TPE,2,0.9275304579339723,0.9335483493077741
B,Wine quality (Low),t-SNE,-,tnc,TPE,3,0.9163645367412141,0.9335483493077741
B,Wine quality (Low),t-SNE,-,tnc,TPE,4,0.9345202342917998,0.9345202342917998
B,Wine quality (Low),t-SNE,-,tnc,TPE,5,0.9130363152289669,0.9345202342917998
B,Wine quality (Low),t-SNE,-,tnc,TPE,6,0.9299642172523962,0.9345202342917998
B,Wine quality (Low),t-SNE,-,tnc,TPE,7,0.9263846645367412,0.9345202342917998
B,Wine quality (Low),t-SNE,-,tnc,TPE,8,0.9315728434504792,0.9345202342917998
B,Wine quality (Low),t-SNE,-,tnc,TPE,9,0.9343490947816826,0.9345202342917998
B,Wine quality (Low),t-SNE,-,tnc,Random,0,0.9286390841320553,0.9286390841320553
B,Wine quality (Low),t-SNE,-,tnc,Random,1,0.9335483493077741,0.9335483493077741
B,Wine quality (Low),t-SNE,-,tnc,Random,2,0.9275304579339723,0.9335483493077741
B,Wine quality (Low),t-SNE,-,tnc,Random,3,0.9163645367412141,0.9335483493077741
B,Wine quality (Low),t-SNE,-,tnc,Random,4,0.9345202342917998,0.9345202342917998
B,Wine quality (Low),t-SNE,-,tnc,Random,5,0.9130363152289669,0.9345202342917998
B,Wine quality (Low),t-SNE,-,tnc,Random,6,0.9299642172523962,0.9345202342917998
B,Wine quality (Low),t-SNE,-,tnc,Random,7,0.9263846645367412,0.9345202342917998
B,Wine quality (Low),t-SNE,-,tnc,Random,8,0.9315728434504792,0.9345202342917998
B,Wine quality (Low),t-SNE,-,tnc,Random,9,0.9343490947816826,0.9345202342917998
B,Wine quality (Low),MDS,-,tnc,TPE,0,0.9093692225772098,0.9093692225772098
B,Wine quality (Low),MDS,-,tnc,TPE,1,0.9086104366347179,0.9093692225772098
B,Wine quality (Low),MDS,-,tnc,TPE,2,0.9061035143769969,0.9093692225772098
B,Wine quality (Low),MDS,-,tnc,TPE,3,0.9077951011714589,0.9093692225772098
B,Wine quality (Low),MDS,-,tnc,TPE,4,0.908870926517572,0.9093692225772098
B,Wine quality (Low),MDS,-,tnc,TPE,5,0.9082276890308839,0.9093692225772098
B,Wine quality (Low),MDS,-,tnc,TPE,6,0.9074023429179978,0.9093692225772098
B,Wine quality (Low),MDS,-,tnc,TPE,7,0.9083618743343984,0.9093692225772098
B,Wine quality (Low),MDS,-,tnc,TPE,8,0.9068428115015974,0.9093692225772098
B,Wine quality (Low),MDS,-,tnc,TPE,9,0.907766879659212,0.9093692225772098
B,Wine quality (Low),MDS,-,tnc,Random,0,0.9073453674121406,0.9073453674121406
B,Wine quality (Low),MDS,-,tnc,Random,1,0.9081307774227902,0.9081307774227902
B,Wine quality (Low),MDS,-,tnc,Random,2,0.9077427050053248,0.9081307774227902
B,Wine quality (Low),MDS,-,tnc,Random,3,0.9079742279020235,0.9081307774227902
B,Wine quality (Low),MDS,-,tnc,Random,4,0.9093490947816827,0.9093490947816827
B,Wine quality (Low),MDS,-,tnc,Random,5,0.9078768903088392,0.9093490947816827
B,Wine quality (Low),MDS,-,tnc,Random,6,0.9096927582534611,0.9096927582534611
B,Wine quality (Low),MDS,-,tnc,Random,7,0.9060130990415336,0.9096927582534611
B,Wine quality (Low),MDS,-,tnc,Random,8,0.9080789137380192,0.9096927582534611
B,Wine quality (Low),MDS,-,tnc,Random,9,0.9108044728434505,0.9108044728434505
B,Swiss roll (Low),UMAP,-,tnc,TPE,0,0.9821659211927583,0.9821659211927583
B,Swiss roll (Low),UMAP,-,tnc,TPE,1,0.9813544195953141,0.9821659211927583
B,Swiss roll (Low),UMAP,-,tnc,TPE,2,0.9750445154419594,0.9821659211927583
B,Swiss roll (Low),UMAP,-,tnc,TPE,3,0.9794184238551651,0.9821659211927583
B,Swiss roll (Low),UMAP,-,tnc,TPE,4,0.9836398296059637,0.9836398296059637
B,Swiss roll (Low),UMAP,-,tnc,TPE,5,0.9756320553780617,0.9836398296059637
B,Swiss roll (Low),UMAP,-,tnc,TPE,6,0.980331096911608,0.9836398296059637
B,Swiss roll (Low),UMAP,-,tnc,TPE,7,0.9761184238551651,0.9836398296059637
B,Swiss roll (Low),UMAP,-,tnc,TPE,8,0.982715867944622,0.9836398296059637
B,Swiss roll (Low),UMAP,-,tnc,TPE,9,0.9820084132055378,0.9836398296059637
B,Swiss roll (Low),UMAP,-,tnc,Random,0,0.9801288604898828,0.9801288604898828
B,Swiss roll (Low),UMAP,-,tnc,Random,1,0.9831379126730564,0.9831379126730564
B,Swiss roll (Low),UMAP,-,tnc,Random,2,0.9753545260915868,0.9831379126730564
B,Swiss roll (Low),UMAP,-,tnc,Random,3,0.9777812566560169,0.9831379126730564
B,Swiss roll (Low),UMAP,-,tnc,Random,4,0.9837273695420661,0.9837273695420661
B,Swiss roll (Low),UMAP,-,tnc,Random,5,0.9740656017039404,0.9837273695420661
B,Swiss roll (Low),UMAP,-,tnc,Random,6,0.9799192758253461,0.9837273695420661
B,Swiss roll (Low),UMAP,-,tnc,Random,7,0.9755243876464323,0.9837273695420661
B,Swiss roll (Low),UMAP,-,tnc,Random,8,0.9824554845580404,0.9837273695420661
B,Swiss roll (Low),UMAP,-,tnc,Random,9,0.977772310969116,0.9837273695420661
B,Swiss roll (Low),t-SNE,-,tnc,TPE,0,0.9739309904153355,0.9739309904153355
B,Swiss roll (Low),t-SNE,-,tnc,TPE,1,0.9782845580404687,0.9782845580404687
B,Swiss roll (Low),t-SNE,-,tnc,TPE,2,0.9807244941427049,0.9807244941427049
B,Swiss roll (Low),t-SNE,-,tnc,TPE,3,0.974961980830671,0.9807244941427049
B,Swiss roll (Low),t-SNE,-,tnc,TPE,4,0.9775267305644304,0.9807244941427049
B,Swiss roll (Low),t-SNE,-,tnc,TPE,5,0.9627975505857296,0.9807244941427049
B,Swiss roll (Low),t-SNE,-,tnc,TPE,6,0.9733232161874334,0.9807244941427049
B,Swiss roll (Low),t-SNE,-,tnc,TPE,7,0.980987326943557,0.980987326943557
B,Swiss roll (Low),t-SNE,-,tnc,TPE,8,0.9759818956336528,0.980987326943557
B,Swiss roll (Low),t-SNE,-,tnc,TPE,9,0.9750000000000001,0.980987326943557
B,Swiss roll (Low),t-SNE,-,tnc,Random,0,0.9739309904153355,0.9739309904153355
B,Swiss roll (Low),t-SNE,-,tnc,Random,1,0.9782845580404687,0.9782845580404687
B,Swiss roll (Low),t-SNE,-,tnc,Random,2,0.9807244941427049,0.9807244941427049
B,Swiss roll (Low),t-SNE,-,tnc,Random,3,0.974961980830671,0.9807244941427049
B,Swiss roll (Low),t-SNE,-,tnc,Random,4,0.9775267305644304,0.9807244941427049
B,Swiss roll (Low),t-SNE,-,tnc,Random,5,0.9627975505857296,0.9807244941427049
B,Swiss roll (Low),t-SNE,-,tnc,Random,6,0.9733232161874334,0.9807244941427049
B,Swiss roll (Low),t-SNE,-,tnc,Random,7,0.980987326943557,0.980987326943557
B,Swiss roll (Low),t-SNE,-,tnc,Random,8,0.9759818956336528,0.980987326943557
B,Swiss roll (Low),t-SNE,-,tnc,Random,9,0.9750000000000001,0.980987326943557
B,Swiss roll (Low),MDS,-,tnc,TPE,0,0.9325194888178914,0.9325194888178914
B,Swiss roll (Low),MDS,-,tnc,TPE,1,0.9322684771033014,0.9325194888178914
B,Swiss roll (Low),MDS,-,tnc,TPE,2,0.9321438764643237,0.9325194888178914
B,Swiss roll (Low),MDS,-,tnc,TPE,3,0.9322446219382321,0.9325194888178914
B,Swiss roll (Low),MDS,-,tnc,TPE,4,0.9317472843450478,0.9325194888178914
B,Swiss roll (Low),MDS,-,tnc,TPE,5,0.9319907348242811,0.9325194888178914
B,Swiss roll (Low),MDS,-,tnc,TPE,6,0.932524494142705,0.932524494142705
B,Swiss roll (Low),MDS,-,tnc,TPE,7,0.9322787007454739,0.932524494142705
B,Swiss roll (Low),MDS,-,tnc,TPE,8,0.9328235356762513,0.9328235356762513
B,Swiss roll (Low),MDS,-,tnc,TPE,9,0.9323569755058574,0.9328235356762513
B,Swiss roll (Low),MDS,-,tnc,Random,0,0.9322264110756124,0.9322264110756124
B,Swiss roll (Low),MDS,-,tnc,Random,1,0.9319772097976571,0.9322264110756124
B,Swiss roll (Low),MDS,-,tnc,Random,2,0.9316716719914804,0.9322264110756124
B,Swiss roll (Low),MDS,-,tnc,Random,3,0.9322427050053248,0.9322427050053248
B,Swiss roll (Low),MDS,-,tnc,Random,4,0.9324228966986156,0.9324228966986156
B,Swiss roll (Low),MDS,-,tnc,Random,5,0.9322846645367412,0.9324228966986156
B,Swiss roll (Low),MDS,-,tnc,Random,6,0.9323932907348242,0.9324228966986156
B,Swiss roll (Low),MDS,-,tnc,Random,7,0.9325779552715654,0.9325779552715654
B,Swiss roll (Low),MDS,-,tnc,Random,8,0.9319157614483493,0.9325779552715654
B,Swiss roll (Low),MDS,-,tnc,Random,9,0.9322367412140575,0.9325779552715654
