arm,method,split,delta,metric,t,n_pairs,median_delta,win_rate,wilcoxon_p,rank_biserial,median_value,median_strict,median_f1,f1_ratio,median_coverage,primary,p_holm
synth-bimodal-tight,db,severity,0.05,jaccard_admitted,0.95,80,0.11205123432885461,1.0,7.849526548031477e-15,1.0,0.8320264596032003,0.718824372269887,0.8398109243697479,0.8818014705882353,0.22916666666666666,False,2.3548579644094432e-14
synth-bimodal-tight,db,severity,0.05,jaccard_admitted,0.9,80,0.0827080573173406,0.8875,4.255070458353734e-13,0.775,0.8068474472685905,0.718824372269887,0.7924528301886793,0.8320754716981134,0.20625,False,8.510140916707468e-13
synth-bimodal-tight,db,severity,0.05,jaccard_admitted,0.8,80,0.04190981511029146,0.625,0.0002773497778044169,0.25,0.7590936174096821,0.718824372269887,0.8205128205128205,0.8615384615384616,0.225,False,0.0002773497778044169
synth-bimodal-tight,db,severity,0.05,f1_sd,0.95,80,-0.042705451417776916,1.0,7.849526548031477e-15,1.0,0.015661675190729,0.05737074820376474,0.8398109243697479,0.8818014705882353,0.22916666666666666,False,2.3548579644094432e-14
synth-bimodal-tight,db,severity,0.05,f1_sd,0.9,80,-0.04103442066464236,1.0,7.849526548031477e-15,1.0,0.016503527146558943,0.05737074820376474,0.7924528301886793,0.8320754716981134,0.20625,False,2.3548579644094432e-14
synth-bimodal-tight,db,severity,0.05,f1_sd,0.8,80,-0.03726083510535753,0.9375,1.489300950098453e-14,0.875,0.01352520153566486,0.05737074820376474,0.8205128205128205,0.8615384615384616,0.225,False,2.3548579644094432e-14
synth-bimodal-tight,db,severity,0.1,jaccard_admitted,0.95,80,0.046921615918800064,0.8875,2.9814050388499897e-12,0.775,0.7143416655850512,0.6682764822932263,0.8398109243697479,0.8818014705882353,0.22916666666666666,False,5.9628100776999795e-12
synth-bimodal-tight,db,severity,0.1,jaccard_admitted,0.9,80,0.11382088707082844,0.9875,8.152358880315248e-15,0.975,0.793758788133661,0.6682764822932263,0.7924528301886793,0.8320754716981134,0.20625,False,2.4457076640945743e-14
synth-bimodal-tight,db,severity,0.1,jaccard_admitted,0.8,80,0.03950761036855277,0.7375,4.6335278758879815e-07,0.475,0.7101133094883677,0.6682764822932263,0.8205128205128205,0.8615384615384616,0.225,False,4.6335278758879815e-07
synth-bimodal-tight,db,severity,0.1,f1_sd,0.95,80,-0.01942091216489129,0.9875,8.792926151362765e-15,0.975,0.03017395483660308,0.05070071984017827,0.8398109243697479,0.8818014705882353,0.22916666666666666,False,2.3548579644094432e-14
synth-bimodal-tight,db,severity,0.1,f1_sd,0.9,80,-0.02829101431491176,1.0,7.849526548031477e-15,1.0,0.022347145584560586,0.05070071984017827,0.7924528301886793,0.8320754716981134,0.20625,False,2.3548579644094432e-14
synth-bimodal-tight,db,severity,0.1,f1_sd,0.8,80,-0.023692250999289288,0.9625,1.0619072426644933e-14,0.925,0.026861396649148966,0.05070071984017827,0.8205128205128205,0.8615384615384616,0.225,False,2.3548579644094432e-14
synth-bimodal-tight,db,severity,0.2,jaccard_admitted,0.95,80,-0.0934520057491619,0.0,7.849526548031477e-15,-1.0,0.5254030534574599,0.6095638322266518,0.8398109243697479,0.8818014705882353,0.22916666666666666,False,2.3548579644094432e-14
synth-bimodal-tight,db,severity,0.2,jaccard_admitted,0.9,80,0.04255179265262815,0.8125,2.6137118998762254e-11,0.625,0.6598691355415931,0.6095638322266518,0.7924528301886793,0.8320754716981134,0.20625,False,5.227423799752451e-11
synth-bimodal-tight,db,severity,0.2,jaccard_admitted,0.8,80,0.05760999739231326,0.825,3.861838854010584e-11,0.65,0.670364103646003,0.6095638322266518,0.8205128205128205,0.8615384615384616,0.225,False,5.227423799752451e-11
synth-bimodal-tight,db,severity,0.2,f1_sd,0.95,80,0.01312316144721205,0.075,1.9423055932198606e-13,-0.85,0.05226548688579408,0.037933558858414256,0.8398109243697479,0.8818014705882353,0.22916666666666666,False,5.826916779659582e-13
synth-bimodal-tight,db,severity,0.2,f1_sd,0.9,80,-0.0005105271583794486,0.525,0.7771914444416689,0.05,0.03740689045487237,0.037933558858414256,0.7924528301886793,0.8320754716981134,0.20625,False,0.7771914444416689
synth-bimodal-tight,db,severity,0.2,f1_sd,0.8,80,-0.005771317649629891,0.7375,8.907710453509304e-05,0.475,0.03315774045257365,0.037933558858414256,0.8205128205128205,0.8615384615384616,0.225,False,0.00017815420907018608
synth-bimodal-tight,db,symmetric,0.05,jaccard_admitted,0.95,80,0.018926672837311476,0.6625,7.591696323268874e-05,0.325,0.7494343611734664,0.718824372269887,0.833391304347826,0.8750608695652174,0.22916666666666666,False,0.0001518339264653775
synth-bimodal-tight,db,symmetric,0.05,jaccard_admitted,0.9,80,0.06849884935931772,0.7875,7.572615622224777e-10,0.575,0.7819088939767952,0.718824372269887,0.7964601769911505,0.836283185840708,0.2125,False,2.271784686667433e-09
synth-bimodal-tight,db,symmetric,0.05,jaccard_admitted,0.8,80,-0.0011736424112244181,0.4875,0.24771992999005044,-0.025,0.726327258503987,0.718824372269887,0.7281223449447747,0.7645284621920134,0.22291666666666665,False,0.24771992999005044
synth-bimodal-tight,db,symmetric,0.05,f1_sd,0.95,80,-0.030507036342145244,1.0,7.849526548031477e-15,1.0,0.024728438718729776,0.05737074820376474,0.833391304347826,0.8750608695652174,0.22916666666666666,False,2.3548579644094432e-14
synth-bimodal-tight,db,symmetric,0.05,f1_sd,0.9,80,-0.04099170025583514,1.0,7.849526548031477e-15,1.0,0.015927366868177154,0.05737074820376474,0.7964601769911505,0.836283185840708,0.2125,False,2.3548579644094432e-14
synth-bimodal-tight,db,symmetric,0.05,f1_sd,0.8,80,-0.039789270854048264,0.975,1.0619072426644933e-14,0.95,0.016993778648526612,0.05737074820376474,0.7281223449447747,0.7645284621920134,0.22291666666666665,False,2.3548579644094432e-14
synth-bimodal-tight,db,symmetric,0.1,jaccard_admitted,0.95,80,-0.06542272263906279,0.05,2.013269994036684e-13,-0.9,0.5947152256887407,0.6682764822932263,0.833391304347826,0.8750608695652174,0.22916666666666666,False,6.039809982110052e-13
synth-bimodal-tight,db,symmetric,0.1,jaccard_admitted,0.9,80,0.0018094358401523625,0.5125,0.08509359563521411,0.025,0.6680482075432089,0.6682764822932263,0.7964601769911505,0.836283185840708,0.2125,False,0.10531966162984968
synth-bimodal-tight,db,symmetric,0.1,jaccard_admitted,0.8,80,-0.014773210897373934,0.3875,0.05265983081492484,-0.225,0.6432642066346271,0.6682764822932263,0.7281223449447747,0.7645284621920134,0.22291666666666665,False,0.10531966162984968
synth-bimodal-tight,db,symmetric,0.1,f1_sd,0.95,80,-0.007497824272774286,0.725,1.1819546001196152e-06,0.45,0.04482102125533205,0.05070071984017827,0.833391304347826,0.8750608695652174,0.22916666666666666,False,1.1819546001196152e-06
synth-bimodal-tight,db,symmetric,0.1,f1_sd,0.9,80,-0.022042004379279403,0.9875,8.792926151362765e-15,0.975,0.028762776301658865,0.05070071984017827,0.7964601769911505,0.836283185840708,0.2125,False,2.6378778454088295e-14
synth-bimodal-tight,db,symmetric,0.1,f1_sd,0.8,80,-0.026239490921154754,0.975,4.215965322547631e-14,0.95,0.023171881244009342,0.05070071984017827,0.7281223449447747,0.7645284621920134,0.22291666666666665,False,8.431930645095263e-14
synth-bimodal-tight,db,symmetric,0.2,jaccard_admitted,0.95,80,-0.1599253084205119,0.0,7.849526548031477e-15,-1.0,0.45652735804588246,0.6095638322266518,0.833391304347826,0.8750608695652174,0.22916666666666666,False,2.3548579644094432e-14
synth-bimodal-tight,db,symmetric,0.2,jaccard_admitted,0.9,80,-0.15533419826378989,0.0,7.849526548031477e-15,-1.0,0.45410664494537256,0.6095638322266518,0.7964601769911505,0.836283185840708,0.2125,False,2.3548579644094432e-14
synth-bimodal-tight,db,symmetric,0.2,jaccard_admitted,0.8,80,-0.11433027656490638,0.0375,1.381681041653217e-14,-0.925,0.5024039097852024,0.6095638322266518,0.7281223449447747,0.7645284621920134,0.22291666666666665,False,2.3548579644094432e-14
synth-bimodal-tight,db,symmetric,0.2,f1_sd,0.95,80,0.012770261134918744,0.075,7.046339081038934e-14,-0.85,0.05126288938652301,0.037933558858414256,0.833391304347826,0.8750608695652174,0.22916666666666666,False,2.11390172431168e-13
synth-bimodal-tight,db,symmetric,0.2,f1_sd,0.9,80,0.009169085802544202,0.125,4.797251520782228e-12,-0.75,0.050000142319572144,0.037933558858414256,0.7964601769911505,0.836283185840708,0.2125,False,9.594503041564457e-12
synth-bimodal-tight,db,symmetric,0.2,f1_sd,0.8,80,0.0027597358200864668,0.425,0.06074482373157847,-0.15,0.04076853069667749,0.037933558858414256,0.7281223449447747,0.7645284621920134,0.22291666666666665,False,0.06074482373157847
synth-bimodal-tight,threshold,severity,0.05,jaccard_admitted,0.95,80,-0.01445652055600416,0.425,0.014829599754413178,-0.15,0.7027371010844206,0.718824372269887,0.2608695652173913,0.2739130434782609,0.041666666666666664,False,0.014829599754413178
synth-bimodal-tight,threshold,severity,0.05,jaccard_admitted,0.9,80,-0.10877227763456382,0.2,2.868086260454968e-08,-0.6,0.625438596491228,0.718824372269887,0.06451612903225806,0.06774193548387097,0.008333333333333333,False,5.736172520909936e-08
synth-bimodal-tight,threshold,severity,0.05,jaccard_admitted,0.8,80,0.2607849367706128,0.825,5.100263635105238e-10,0.65,1.0,0.718824372269887,0.0,0.0,0.0,False,1.5300790905315713e-09
synth-bimodal-tight,threshold,severity,0.05,f1_sd,0.95,80,-0.025360430986200194,0.9875,8.466682565197588e-15,0.975,0.029138200023263325,0.05737074820376474,0.2608695652173913,0.2739130434782609,0.041666666666666664,False,2.3548579644094432e-14
synth-bimodal-tight,threshold,severity,0.05,f1_sd,0.9,80,-0.033646183839237356,0.9875,8.152358880315248e-15,0.975,0.023155448058328913,0.05737074820376474,0.06451612903225806,0.06774193548387097,0.008333333333333333,False,2.3548579644094432e-14
synth-bimodal-tight,threshold,severity,0.05,f1_sd,0.8,80,-0.052854920184199364,1.0,7.849526548031477e-15,1.0,0.0,0.05737074820376474,0.0,0.0,0.0,False,2.3548579644094432e-14
synth-bimodal-tight,threshold,severity,0.1,jaccard_admitted,0.95,80,-0.09294243697149096,0.05,3.0232884225620655e-14,-0.9,0.5737823245972453,0.6682764822932263,0.2608695652173913,0.2739130434782609,0.041666666666666664,True,9.069865267686197e-14
synth-bimodal-tight,threshold,severity,0.1,jaccard_admitted,0.9,80,-0.12155763711059464,0.125,5.1644185767171775e-11,-0.75,0.5527631578947368,0.6682764822932263,0.06451612903225806,0.06774193548387097,0.008333333333333333,True,1.0328837153434355e-10
synth-bimodal-tight,threshold,severity,0.1,jaccard_admitted,0.8,80,0.24548959423352745,0.725,8.394421367900994e-09,0.45,0.9,0.6682764822932263,0.0,0.0,0.0,True,8.394421367900994e-09
synth-bimodal-tight,threshold,severity,0.1,f1_sd,0.95,80,-0.015873817278468615,0.9,1.509910709731591e-13,0.8,0.03649852875126302,0.05070071984017827,0.2608695652173913,0.2739130434782609,0.041666666666666664,False,1.509910709731591e-13
synth-bimodal-tight,threshold,severity,0.1,f1_sd,0.9,80,-0.02354034983167161,0.9625,1.1449828359123388e-14,0.925,0.027436793949505017,0.05070071984017827,0.06451612903225806,0.06774193548387097,0.008333333333333333,False,2.3548579644094432e-14
synth-bimodal-tight,threshold,severity,0.1,f1_sd,0.8,80,-0.0437725603874905,1.0,7.849526548031477e-15,1.0,0.007331370418032098,0.05070071984017827,0.0,0.0,0.0,False,2.3548579644094432e-14
synth-bimodal-tight,threshold,severity,0.2,jaccard_admitted,0.95,80,-0.17254904953604125,0.0,7.849526548031477e-15,-1.0,0.4493850380506818,0.6095638322266518,0.2608695652173913,0.2739130434782609,0.041666666666666664,False,2.3548579644094432e-14
synth-bimodal-tight,threshold,severity,0.2,jaccard_admitted,0.9,80,-0.19687010406533925,0.05,1.172474864123212e-13,-0.9,0.414655388471178,0.6095638322266518,0.06451612903225806,0.06774193548387097,0.008333333333333333,False,2.344949728246424e-13
synth-bimodal-tight,threshold,severity,0.2,jaccard_admitted,0.8,80,0.21529061316778358,0.725,9.40325437183393e-09,0.45,0.8105263157894737,0.6095638322266518,0.0,0.0,0.0,False,9.40325437183393e-09
synth-bimodal-tight,threshold,severity,0.2,f1_sd,0.95,80,0.0009360640164527076,0.475,0.1824111210128384,-0.05,0.039489658006462064,0.037933558858414256,0.2608695652173913,0.2739130434782609,0.041666666666666664,False,0.1824111210128384
synth-bimodal-tight,threshold,severity,0.2,f1_sd,0.9,80,-0.006479874307716241,0.7,1.6272609074313168e-07,0.4,0.03193729447281127,0.037933558858414256,0.06451612903225806,0.06774193548387097,0.008333333333333333,False,3.2545218148626337e-07
synth-bimodal-tight,threshold,severity,0.2,f1_sd,0.8,80,-0.03060623030170906,1.0,7.849526548031477e-15,1.0,0.008711480383205331,0.037933558858414256,0.0,0.0,0.0,False,2.3548579644094432e-14
synth-bimodal-tight,threshold,symmetric,0.05,jaccard_admitted,0.95,80,-0.03843261583151086,0.2875,3.4370904571369857e-06,-0.425,0.6834846792919752,0.718824372269887,0.2712798530312308,0.28484384568279236,0.041666666666666664,False,6.874180914273971e-06
synth-bimodal-tight,threshold,symmetric,0.05,jaccard_admitted,0.9,80,-0.0605292384146916,0.2875,4.747255665682049e-06,-0.425,0.6558646616541353,0.718824372269887,0.09523809523809523,0.1,0.0125,False,6.874180914273971e-06
synth-bimodal-tight,threshold,symmetric,0.05,jaccard_admitted,0.8,80,0.2499561848661035,0.775,2.1775702185056996e-08,0.55,1.0,0.718824372269887,0.0,0.0,0.0,False,6.532710655517099e-08
synth-bimodal-tight,threshold,symmetric,0.05,f1_sd,0.95,80,-0.02603873350465525,0.9875,8.152358880315248e-15,0.975,0.028511314882393606,0.05737074820376474,0.2712798530312308,0.28484384568279236,0.041666666666666664,False,2.3548579644094432e-14
synth-bimodal-tight,threshold,symmetric,0.05,f1_sd,0.9,80,-0.031683474837488255,1.0,7.849526548031477e-15,1.0,0.02553203491463798,0.05737074820376474,0.09523809523809523,0.1,0.0125,False,2.3548579644094432e-14
synth-bimodal-tight,threshold,symmetric,0.05,f1_sd,0.8,80,-0.05609174244961665,1.0,7.849526548031477e-15,1.0,0.0,0.05737074820376474,0.0,0.0,0.0,False,2.3548579644094432e-14
synth-bimodal-tight,threshold,symmetric,0.1,jaccard_admitted,0.95,80,-0.12465930433030492,0.025,9.847700597928496e-15,-0.95,0.5442402591795618,0.6682764822932263,0.2712798530312308,0.28484384568279236,0.041666666666666664,False,2.954310179378549e-14
synth-bimodal-tight,threshold,symmetric,0.1,jaccard_admitted,0.9,80,-0.13782190554888502,0.1375,2.9814050388499897e-12,-0.725,0.5375125313283207,0.6682764822932263,0.09523809523809523,0.1,0.0125,False,5.9628100776999795e-12
synth-bimodal-tight,threshold,symmetric,0.1,jaccard_admitted,0.8,80,0.23671614037712946,0.7,6.830039115244829e-06,0.4,0.9,0.6682764822932263,0.0,0.0,0.0,False,6.830039115244829e-06
synth-bimodal-tight,threshold,symmetric,0.1,f1_sd,0.95,80,-0.016457244416594616,0.9375,7.308413915640558e-14,0.875,0.03616668169208369,0.05070071984017827,0.2712798530312308,0.28484384568279236,0.041666666666666664,False,7.308413915640558e-14
synth-bimodal-tight,threshold,symmetric,0.1,f1_sd,0.9,80,-0.022325522661898464,0.9625,1.1449828359123388e-14,0.925,0.029160428599062954,0.05070071984017827,0.09523809523809523,0.1,0.0125,False,2.3548579644094432e-14
synth-bimodal-tight,threshold,symmetric,0.1,f1_sd,0.8,80,-0.04428261872506369,1.0,7.849526548031477e-15,1.0,0.007331370418032098,0.05070071984017827,0.0,0.0,0.0,False,2.3548579644094432e-14
synth-bimodal-tight,threshold,symmetric,0.2,jaccard_admitted,0.95,80,-0.1922374443798767,0.0,7.849526548031477e-15,-1.0,0.4163898499314914,0.6095638322266518,0.2712798530312308,0.28484384568279236,0.041666666666666664,False,2.3548579644094432e-14
synth-bimodal-tight,threshold,symmetric,0.2,jaccard_admitted,0.9,80,-0.2088832962352488,0.025,9.482966249828276e-15,-0.95,0.4002547087415509,0.6095638322266518,0.09523809523809523,0.1,0.0125,False,2.3548579644094432e-14
synth-bimodal-tight,threshold,symmetric,0.2,jaccard_admitted,0.8,80,0.13891597631559133,0.6375,2.2360157458104904e-05,0.275,0.7315789473684211,0.6095638322266518,0.0,0.0,0.0,False,2.2360157458104904e-05
synth-bimodal-tight,threshold,symmetric,0.2,f1_sd,0.95,80,0.000952635239914422,0.4375,0.5173091896977361,-0.125,0.038404135099922784,0.037933558858414256,0.2712798530312308,0.28484384568279236,0.041666666666666664,False,0.5173091896977361
synth-bimodal-tight,threshold,symmetric,0.2,f1_sd,0.9,80,-0.0036868974742052738,0.6875,0.00010233299446946779,0.375,0.033594498932136,0.037933558858414256,0.09523809523809523,0.1,0.0125,False,0.00020466598893893558
synth-bimodal-tight,threshold,symmetric,0.2,f1_sd,0.8,80,-0.029413757159318675,1.0,7.849526548031477e-15,1.0,0.011051492691115893,0.037933558858414256,0.0,0.0,0.0,False,2.3548579644094432e-14
synth-skew-tight,db,severity,0.05,jaccard_admitted,0.95,80,0.05616302099505949,0.75,3.3387023061216484e-07,0.5,0.8042214499865481,0.7444189052902147,0.8813559322033899,0.9621468926553673,0.225,False,6.677404612243297e-07
synth-skew-tight,db,severity,0.05,jaccard_admitted,0.9,80,0.11737125915775903,0.9375,3.0232884225620655e-14,0.875,0.8578569305285709,0.7444189052902147,0.8571428571428571,0.9357142857142857,0.2125,False,9.069865267686197e-14
synth-skew-tight,db,severity,0.05,jaccard_admitted,0.8,80,0.03608405557050831,0.575,0.0038848341288504977,0.15,0.7693320154469668,0.7444189052902147,0.7949992996217958,0.8678742354204605,0.24166666666666667,False,0.0038848341288504977
synth-skew-tight,db,severity,0.05,f1_sd,0.95,80,-0.03214574831978527,0.9625,5.453447411901581e-14,0.925,0.02021392997750812,0.05455025171161009,0.8813559322033899,0.9621468926553673,0.225,False,5.453447411901581e-14
synth-skew-tight,db,severity,0.05,f1_sd,0.9,80,-0.040210742014599295,0.9875,8.152358880315248e-15,0.975,0.011909444549934478,0.05455025171161009,0.8571428571428571,0.9357142857142857,0.2125,False,2.4457076640945743e-14
synth-skew-tight,db,severity,0.05,f1_sd,0.8,80,-0.04108036473023882,0.9875,8.466682565197588e-15,0.975,0.012192611785574074,0.05455025171161009,0.7949992996217958,0.8678742354204605,0.24166666666666667,False,2.4457076640945743e-14
synth-skew-tight,db,severity,0.1,jaccard_admitted,0.95,80,-0.019873325522184737,0.425,0.008223469980889794,-0.15,0.6717025297812078,0.6892367836597825,0.8813559322033899,0.9621468926553673,0.225,False,0.008223469980889794
synth-skew-tight,db,severity,0.1,jaccard_admitted,0.9,80,0.11555298316977924,0.9625,2.41968475646666e-14,0.925,0.8059051635750556,0.6892367836597825,0.8571428571428571,0.9357142857142857,0.2125,False,7.25905426939998e-14
synth-skew-tight,db,severity,0.1,jaccard_admitted,0.8,80,0.07464717177851654,0.9,1.62273611215713e-13,0.8,0.7654312450410008,0.6892367836597825,0.7949992996217958,0.8678742354204605,0.24166666666666667,False,3.24547222431426e-13
synth-skew-tight,db,severity,0.1,f1_sd,0.95,80,-0.007090718453494772,0.7125,4.380489501111043e-05,0.425,0.03993936463589998,0.04602607822937951,0.8813559322033899,0.9621468926553673,0.225,False,4.380489501111043e-05
synth-skew-tight,db,severity,0.1,f1_sd,0.9,80,-0.024728212863225588,0.975,1.0619072426644933e-14,0.95,0.02137543904679006,0.04602607822937951,0.8571428571428571,0.9357142857142857,0.2125,False,2.3548579644094432e-14
synth-skew-tight,db,severity,0.1,f1_sd,0.8,80,-0.02741223465576661,1.0,7.849526548031477e-15,1.0,0.018908127875205183,0.04602607822937951,0.7949992996217958,0.8678742354204605,0.24166666666666667,False,2.3548579644094432e-14
synth-skew-tight,db,severity,0.2,jaccard_admitted,0.95,80,-0.11329893892036164,0.0,7.849526548031477e-15,-1.0,0.5063010822813592,0.6210834580270471,0.8813559322033899,0.9621468926553673,0.225,False,2.3548579644094432e-14
synth-skew-tight,db,severity,0.2,jaccard_admitted,0.9,80,-0.015766995020029595,0.4375,0.05444098335689134,-0.125,0.6058456854873109,0.6210834580270471,0.8571428571428571,0.9357142857142857,0.2125,False,0.05444098335689134
synth-skew-tight,db,severity,0.2,jaccard_admitted,0.8,80,0.12390513754503962,0.975,1.0226231706471903e-14,0.95,0.7427663167315603,0.6210834580270471,0.7949992996217958,0.8678742354204605,0.24166666666666667,False,2.3548579644094432e-14
synth-skew-tight,db,severity,0.2,f1_sd,0.95,80,0.0125614593429701,0.15,3.825979799122359e-13,-0.7,0.04688522054801443,0.03598240898447698,0.8813559322033899,0.9621468926553673,0.225,False,1.1477939397367076e-12
synth-skew-tight,db,severity,0.2,f1_sd,0.9,80,0.0117738559184686,0.1875,6.507597480197542e-10,-0.625,0.046336777199582804,0.03598240898447698,0.8571428571428571,0.9357142857142857,0.2125,False,1.3015194960395084e-09
synth-skew-tight,db,severity,0.2,f1_sd,0.8,80,-0.009419944858429993,0.7875,2.8663791739381256e-07,0.575,0.026295461286361115,0.03598240898447698,0.7949992996217958,0.8678742354204605,0.24166666666666667,False,2.8663791739381256e-07
synth-skew-tight,db,symmetric,0.05,jaccard_admitted,0.95,80,-0.050170062494037604,0.225,1.6955052077732376e-06,-0.55,0.6901652626885414,0.7444189052902147,0.858323494687131,0.9370031483667847,0.23125,False,5.0865156233197125e-06
synth-skew-tight,db,symmetric,0.05,jaccard_admitted,0.9,80,0.035686105151099934,0.65,0.007129862420111564,0.3,0.7765129841626728,0.7444189052902147,0.855921855921856,0.9343813593813595,0.22083333333333333,False,0.007129862420111564
synth-skew-tight,db,symmetric,0.05,jaccard_admitted,0.8,80,0.03848836405632172,0.6625,1.9243528850137492e-05,0.325,0.7824656012626219,0.7444189052902147,0.78,0.8515,0.18541666666666667,False,3.8487057700274984e-05
synth-skew-tight,db,symmetric,0.05,f1_sd,0.95,80,-0.017801766074211432,0.8875,1.7060906379827547e-11,0.775,0.036305012955527585,0.05455025171161009,0.858323494687131,0.9370031483667847,0.23125,False,1.7060906379827547e-11
synth-skew-tight,db,symmetric,0.05,f1_sd,0.9,80,-0.03390390179731831,0.9375,6.79350831974599e-14,0.875,0.020914879626226034,0.05455025171161009,0.855921855921856,0.9343813593813595,0.22083333333333333,False,1.358701663949198e-13
synth-skew-tight,db,symmetric,0.05,f1_sd,0.8,80,-0.041094028541503125,0.9875,8.466682565197588e-15,0.975,0.014086551210004305,0.05455025171161009,0.78,0.8515,0.18541666666666667,False,2.5400047695592765e-14
synth-skew-tight,db,symmetric,0.1,jaccard_admitted,0.95,80,-0.11803772411151386,0.0625,2.913292114694836e-14,-0.875,0.5592757156829593,0.6892367836597825,0.858323494687131,0.9370031483667847,0.23125,False,8.739876344084509e-14
synth-skew-tight,db,symmetric,0.1,jaccard_admitted,0.9,80,-0.06200297674884192,0.1875,7.707668015609942e-09,-0.625,0.6183052314473431,0.6892367836597825,0.855921855921856,0.9343813593813595,0.22083333333333333,False,1.5415336031219885e-08
synth-skew-tight,db,symmetric,0.1,jaccard_admitted,0.8,80,0.038251105676741504,0.6625,0.0003398963333307917,0.325,0.7294480403107286,0.6892367836597825,0.78,0.8515,0.18541666666666667,False,0.0003398963333307917
synth-skew-tight,db,symmetric,0.1,f1_sd,0.95,80,1.2847096037330724e-05,0.4875,0.8141947062629618,-0.025,0.04594134593072917,0.04602607822937951,0.858323494687131,0.9370031483667847,0.23125,False,0.8141947062629618
synth-skew-tight,db,symmetric,0.1,f1_sd,0.9,80,-0.007962490800874158,0.75,3.6022106659997184e-07,0.5,0.03780943915936167,0.04602607822937951,0.855921855921856,0.9343813593813595,0.22083333333333333,False,7.204421331999437e-07
synth-skew-tight,db,symmetric,0.1,f1_sd,0.8,80,-0.02214013736146799,0.95,3.3783700970786453e-14,0.9,0.023486478816540535,0.04602607822937951,0.78,0.8515,0.18541666666666667,False,1.0135110291235936e-13
synth-skew-tight,db,symmetric,0.2,jaccard_admitted,0.95,80,-0.16839766030611647,0.0,7.849526548031477e-15,-1.0,0.4498689019081099,0.6210834580270471,0.858323494687131,0.9370031483667847,0.23125,False,2.3548579644094432e-14
synth-skew-tight,db,symmetric,0.2,jaccard_admitted,0.9,80,-0.1842810888041556,0.0,7.849526548031477e-15,-1.0,0.4304194179214772,0.6210834580270471,0.855921855921856,0.9343813593813595,0.22083333333333333,False,2.3548579644094432e-14
synth-skew-tight,db,symmetric,0.2,jaccard_admitted,0.8,80,-0.14433187651543264,0.0125,8.792926151362765e-15,-0.975,0.4724076872035422,0.6210834580270471,0.78,0.8515,0.18541666666666667,False,2.3548579644094432e-14
synth-skew-tight,db,symmetric,0.2,f1_sd,0.95,80,0.013252059950445965,0.0375,5.6571739758974697e-14,-0.925,0.048392512403562626,0.03598240898447698,0.858323494687131,0.9370031483667847,0.23125,False,1.697152192769241e-13
synth-skew-tight,db,symmetric,0.2,f1_sd,0.9,80,0.013490533460427265,0.1125,2.086779959598714e-13,-0.775,0.04937457579897515,0.03598240898447698,0.855921855921856,0.9343813593813595,0.22083333333333333,False,4.173559919197428e-13
synth-skew-tight,db,symmetric,0.2,f1_sd,0.8,80,0.014522063964175082,0.125,2.512925609401211e-12,-0.75,0.050998526620805756,0.03598240898447698,0.78,0.8515,0.18541666666666667,False,2.512925609401211e-12
synth-skew-tight,threshold,severity,0.05,jaccard_admitted,0.95,80,-0.039084142084516715,0.25,5.808420009372039e-08,-0.5,0.7080643627528302,0.7444189052902147,0.2857142857142857,0.3119047619047619,0.041666666666666664,False,5.808420009372039e-08
synth-skew-tight,threshold,severity,0.05,jaccard_admitted,0.9,80,-0.13365665257701587,0.2125,5.58922224320181e-10,-0.575,0.6139035087719298,0.7444189052902147,0.06451612903225806,0.07043010752688172,0.008333333333333333,False,1.6767666729605432e-09
synth-skew-tight,threshold,severity,0.05,jaccard_admitted,0.8,80,0.2358835007372601,0.825,3.342588890511381e-09,0.65,1.0,0.7444189052902147,0.0,0.0,0.0,False,6.685177781022762e-09
synth-skew-tight,threshold,severity,0.05,f1_sd,0.95,80,-0.024010838792621787,0.975,2.8072342389696945e-14,0.95,0.028198287150975797,0.05455025171161009,0.2857142857142857,0.3119047619047619,0.041666666666666664,False,3.5915092736082255e-14
synth-skew-tight,threshold,severity,0.05,f1_sd,0.9,80,-0.02876036566081403,0.975,1.7957546368041127e-14,0.95,0.023135991598458912,0.05455025171161009,0.06451612903225806,0.07043010752688172,0.008333333333333333,False,3.5915092736082255e-14
synth-skew-tight,threshold,severity,0.05,f1_sd,0.8,80,-0.050638392329067354,1.0,7.849526548031477e-15,1.0,0.0,0.05455025171161009,0.0,0.0,0.0,False,2.3548579644094432e-14
synth-skew-tight,threshold,severity,0.1,jaccard_admitted,0.95,80,-0.12634672441204897,0.0375,9.847700597928496e-15,-0.925,0.5578429293018154,0.6892367836597825,0.2857142857142857,0.3119047619047619,0.041666666666666664,True,2.954310179378549e-14
synth-skew-tight,threshold,severity,0.1,jaccard_admitted,0.9,80,-0.1465446434167626,0.15,1.0731113988327788e-11,-0.7,0.521497493734336,0.6892367836597825,0.06451612903225806,0.07043010752688172,0.008333333333333333,True,2.1462227976655577e-11
synth-skew-tight,threshold,severity,0.1,jaccard_admitted,0.8,80,0.2631671806911644,0.7,1.391830563183173e-07,0.4,0.95,0.6892367836597825,0.0,0.0,0.0,True,1.391830563183173e-07
synth-skew-tight,threshold,severity,0.1,f1_sd,0.95,80,-0.012363365580457976,0.8375,1.6735164386986413e-10,0.675,0.03441678989995979,0.04602607822937951,0.2857142857142857,0.3119047619047619,0.041666666666666664,False,1.6735164386986413e-10
synth-skew-tight,threshold,severity,0.1,f1_sd,0.9,80,-0.01877695954145964,0.9625,1.1888865559607516e-14,0.925,0.0272131116421106,0.04602607822937951,0.06451612903225806,0.07043010752688172,0.008333333333333333,False,2.3777731119215032e-14
synth-skew-tight,threshold,severity,0.1,f1_sd,0.8,80,-0.040887502304930365,1.0,7.849526548031477e-15,1.0,0.003665685209016049,0.04602607822937951,0.0,0.0,0.0,False,2.3548579644094432e-14
synth-skew-tight,threshold,severity,0.2,jaccard_admitted,0.95,80,-0.18906397871822703,0.0,7.849526548031477e-15,-1.0,0.43177634557522215,0.6210834580270471,0.2857142857142857,0.3119047619047619,0.041666666666666664,False,2.3548579644094432e-14
synth-skew-tight,threshold,severity,0.2,jaccard_admitted,0.9,80,-0.20180584716062772,0.05,2.913292114694836e-14,-0.9,0.4274624060150376,0.6210834580270471,0.06451612903225806,0.07043010752688172,0.008333333333333333,False,5.826584229389672e-14
synth-skew-tight,threshold,severity,0.2,jaccard_admitted,0.8,80,0.19742100020029996,0.6875,4.994891112622208e-07,0.375,0.8105263157894737,0.6210834580270471,0.0,0.0,0.0,False,4.994891112622208e-07
synth-skew-tight,threshold,severity,0.2,f1_sd,0.95,80,0.0023081386196146386,0.4,0.005818019585192073,-0.2,0.03866209783260694,0.03598240898447698,0.2857142857142857,0.3119047619047619,0.041666666666666664,False,0.005818019585192073
synth-skew-tight,threshold,severity,0.2,f1_sd,0.9,80,-0.004587141276245252,0.675,4.9567077739002784e-05,0.35,0.03168724521291223,0.03598240898447698,0.06451612903225806,0.07043010752688172,0.008333333333333333,False,9.913415547800557e-05
synth-skew-tight,threshold,severity,0.2,f1_sd,0.8,80,-0.02658305670547624,0.9875,8.152358880315248e-15,0.975,0.010091590348378567,0.03598240898447698,0.0,0.0,0.0,False,2.4457076640945743e-14
synth-skew-tight,threshold,symmetric,0.05,jaccard_admitted,0.95,80,-0.08648739863099747,0.075,2.013269994036684e-13,-0.85,0.6576758880592187,0.7444189052902147,0.2758751902587519,0.30116374936580415,0.041666666666666664,False,6.039809982110052e-13
synth-skew-tight,threshold,symmetric,0.05,jaccard_admitted,0.9,80,-0.08739145092979861,0.25,2.0303640947515705e-09,-0.5,0.6551169590643275,0.7444189052902147,0.09523809523809523,0.10396825396825396,0.0125,False,4.060728189503141e-09
synth-skew-tight,threshold,symmetric,0.05,jaccard_admitted,0.8,80,0.22555098379565108,0.8,1.7589836542028764e-07,0.6,1.0,0.7444189052902147,0.0,0.0,0.0,False,1.7589836542028764e-07
synth-skew-tight,threshold,symmetric,0.05,f1_sd,0.95,80,-0.026987846833556664,0.9625,2.5113283864160744e-14,0.925,0.028018861397224343,0.05455025171161009,0.2758751902587519,0.30116374936580415,0.041666666666666664,False,2.763362083306434e-14
synth-skew-tight,threshold,symmetric,0.05,f1_sd,0.9,80,-0.02826108693309591,0.975,1.381681041653217e-14,0.95,0.02447719578612795,0.05455025171161009,0.09523809523809523,0.10396825396825396,0.0125,False,2.763362083306434e-14
synth-skew-tight,threshold,symmetric,0.05,f1_sd,0.8,80,-0.0501427277001605,1.0,7.849526548031477e-15,1.0,0.0,0.05455025171161009,0.0,0.0,0.0,False,2.3548579644094432e-14
synth-skew-tight,threshold,symmetric,0.1,jaccard_admitted,0.95,80,-0.1601436144801775,0.0,7.849526548031477e-15,-1.0,0.5309924818891862,0.6892367836597825,0.2758751902587519,0.30116374936580415,0.041666666666666664,False,2.3548579644094432e-14
synth-skew-tight,threshold,symmetric,0.1,jaccard_admitted,0.9,80,-0.15766790748579868,0.1,6.96900439985427e-13,-0.8,0.5418609022556391,0.6892367836597825,0.09523809523809523,0.10396825396825396,0.0125,False,1.393800879970854e-12
synth-skew-tight,threshold,symmetric,0.1,jaccard_admitted,0.8,80,0.24016580757981776,0.7,4.751085684344508e-07,0.4,0.9,0.6892367836597825,0.0,0.0,0.0,False,4.751085684344508e-07
synth-skew-tight,threshold,symmetric,0.1,f1_sd,0.95,80,-0.012837490627418359,0.85,9.185402123178034e-11,0.7,0.03422279961783101,0.04602607822937951,0.2758751902587519,0.30116374936580415,0.041666666666666664,False,9.185402123178034e-11
synth-skew-tight,threshold,symmetric,0.1,f1_sd,0.9,80,-0.014673746669728436,0.975,1.1026754326146025e-14,0.95,0.02944555167561305,0.04602607822937951,0.09523809523809523,0.10396825396825396,0.0125,False,2.3548579644094432e-14
synth-skew-tight,threshold,symmetric,0.1,f1_sd,0.8,80,-0.04078571953795901,1.0,7.849526548031477e-15,1.0,0.007331370418032098,0.04602607822937951,0.0,0.0,0.0,False,2.3548579644094432e-14
synth-skew-tight,threshold,symmetric,0.2,jaccard_admitted,0.95,80,-0.21558030895539124,0.0,7.849526548031477e-15,-1.0,0.41231155279793086,0.6210834580270471,0.2758751902587519,0.30116374936580415,0.041666666666666664,False,2.3548579644094432e-14
synth-skew-tight,threshold,symmetric,0.2,jaccard_admitted,0.9,80,-0.22682955321936238,0.0125,8.152358880315248e-15,-0.975,0.392245670995671,0.6210834580270471,0.09523809523809523,0.10396825396825396,0.0125,False,2.3548579644094432e-14
synth-skew-tight,threshold,symmetric,0.2,jaccard_admitted,0.8,80,0.17634292747235425,0.7,5.084536329947217e-06,0.4,0.8105263157894737,0.6210834580270471,0.0,0.0,0.0,False,5.084536329947217e-06
synth-skew-tight,threshold,symmetric,0.2,f1_sd,0.95,80,0.0024736069146822463,0.3625,0.004799120333930182,-0.275,0.038581578802437726,0.03598240898447698,0.2758751902587519,0.30116374936580415,0.041666666666666664,False,0.004799120333930182
synth-skew-tight,threshold,symmetric,0.2,f1_sd,0.9,80,-0.0033489057128711537,0.6875,0.0018836182805390146,0.375,0.03286833167263463,0.03598240898447698,0.09523809523809523,0.10396825396825396,0.0125,False,0.0037672365610780293
synth-skew-tight,threshold,symmetric,0.2,f1_sd,0.8,80,-0.028453273877222837,1.0,7.849526548031477e-15,1.0,0.010091590348378567,0.03598240898447698,0.0,0.0,0.0,False,2.3548579644094432e-14
synth-skew-wide,db,severity,0.05,jaccard_admitted,0.95,80,0.17819024148375873,1.0,7.849526548031477e-15,1.0,0.9717656851450924,0.7933036792609441,0.9655172413793104,0.9655172413793104,0.23333333333333334,False,2.3548579644094432e-14
synth-skew-wide,db,severity,0.05,jaccard_admitted,0.9,80,0.129102920390345,1.0,7.849526548031477e-15,1.0,0.924881403202632,0.7933036792609441,0.9380530973451328,0.9380530973451328,0.22083333333333333,False,2.3548579644094432e-14
synth-skew-wide,db,severity,0.05,jaccard_admitted,0.8,80,0.011580686005860319,0.6875,1.3016646434845288e-05,0.375,0.8084755905940038,0.7933036792609441,0.8785046728971964,0.8785046728971964,0.19583333333333333,False,1.3016646434845288e-05
synth-skew-wide,db,severity,0.05,f1_sd,0.95,80,-0.020558712007558076,1.0,7.849526548031477e-15,1.0,0.005866581084042517,0.026874823678714195,0.9655172413793104,0.9655172413793104,0.23333333333333334,False,2.3548579644094432e-14
synth-skew-wide,db,severity,0.05,f1_sd,0.9,80,-0.02139725737944087,1.0,7.849526548031477e-15,1.0,0.005461202978697339,0.026874823678714195,0.9380530973451328,0.9380530973451328,0.22083333333333333,False,2.3548579644094432e-14
synth-skew-wide,db,severity,0.05,f1_sd,0.8,80,-0.01689431029037338,1.0,7.849526548031477e-15,1.0,0.009844336988869294,0.026874823678714195,0.8785046728971964,0.8785046728971964,0.19583333333333333,False,2.3548579644094432e-14
synth-skew-wide,db,severity,0.1,jaccard_admitted,0.95,80,0.15782606725848047,1.0,7.849526548031477e-15,1.0,0.7997566083237451,0.6440110202201843,0.9655172413793104,0.9655172413793104,0.23333333333333334,False,2.3548579644094432e-14
synth-skew-wide,db,severity,0.1,jaccard_admitted,0.9,80,0.3099998887467307,1.0,7.849526548031477e-15,1.0,0.9552473956301866,0.6440110202201843,0.9380530973451328,0.9380530973451328,0.22083333333333333,False,2.3548579644094432e-14
synth-skew-wide,db,severity,0.1,jaccard_admitted,0.8,80,0.19673956929500486,1.0,7.849526548031477e-15,1.0,0.8436967734247142,0.6440110202201843,0.8785046728971964,0.8785046728971964,0.19583333333333333,False,2.3548579644094432e-14
synth-skew-wide,db,severity,0.1,f1_sd,0.95,80,-0.01742617314243665,0.975,1.489300950098453e-14,0.95,0.02288558221248871,0.039878557072851414,0.9655172413793104,0.9655172413793104,0.23333333333333334,False,2.3548579644094432e-14
synth-skew-wide,db,severity,0.1,f1_sd,0.9,80,-0.030206692421774553,1.0,7.849526548031477e-15,1.0,0.00902094916835523,0.039878557072851414,0.9380530973451328,0.9380530973451328,0.22083333333333333,False,2.3548579644094432e-14
synth-skew-wide,db,severity,0.1,f1_sd,0.8,80,-0.028984624181284897,1.0,7.849526548031477e-15,1.0,0.011422026642202945,0.039878557072851414,0.8785046728971964,0.8785046728971964,0.19583333333333333,False,2.3548579644094432e-14
synth-skew-wide,db,severity,0.2,jaccard_admitted,0.95,80,0.046135416916343874,0.975,1.6051579997687537e-14,0.95,0.6023476073717948,0.5566181842638571,0.9655172413793104,0.9655172413793104,0.23333333333333334,False,2.3548579644094432e-14
synth-skew-wide,db,severity,0.2,jaccard_admitted,0.9,80,0.13863532219042396,1.0,7.849526548031477e-15,1.0,0.6931759235320503,0.5566181842638571,0.9380530973451328,0.9380530973451328,0.22083333333333333,False,2.3548579644094432e-14
synth-skew-wide,db,severity,0.2,jaccard_admitted,0.8,80,0.35466706182401925,1.0,7.849526548031477e-15,1.0,0.9051899984227791,0.5566181842638571,0.8785046728971964,0.8785046728971964,0.19583333333333333,False,2.3548579644094432e-14
synth-skew-wide,db,severity,0.2,f1_sd,0.95,80,-0.0032139539958952884,0.6375,0.018764297919899683,0.275,0.03915804239164881,0.042590506585066884,0.9655172413793104,0.9655172413793104,0.23333333333333334,False,0.018764297919899683
synth-skew-wide,db,severity,0.2,f1_sd,0.9,80,-0.011390495881789257,0.85,1.0103444897115857e-10,0.7,0.032464341314338924,0.042590506585066884,0.9380530973451328,0.9380530973451328,0.22083333333333333,False,2.0206889794231713e-10
synth-skew-wide,db,severity,0.2,f1_sd,0.8,80,-0.02697447949886469,1.0,7.849526548031477e-15,1.0,0.014420138704815209,0.042590506585066884,0.8785046728971964,0.8785046728971964,0.19583333333333333,False,2.3548579644094432e-14
synth-skew-wide,db,symmetric,0.05,jaccard_admitted,0.95,80,0.034229796460668815,0.8375,4.3953456912641365e-11,0.675,0.8272355944491353,0.7933036792609441,0.9655172413793104,0.9655172413793104,0.23333333333333334,False,8.790691382528273e-11
synth-skew-wide,db,symmetric,0.05,jaccard_admitted,0.9,80,0.1665889971666102,1.0,7.849526548031477e-15,1.0,0.9659382192782529,0.7933036792609441,0.9473684210526316,0.9473684210526316,0.225,False,2.3548579644094432e-14
synth-skew-wide,db,symmetric,0.05,jaccard_admitted,0.8,80,0.029629039439902027,0.75,8.88492856628865e-09,0.5,0.817745301050459,0.7933036792609441,0.888888888888889,0.888888888888889,0.2,False,8.88492856628865e-09
synth-skew-wide,db,symmetric,0.05,f1_sd,0.95,80,-0.002621761101885528,0.7375,0.0001664921378965755,0.475,0.02345010584977854,0.026874823678714195,0.9655172413793104,0.9655172413793104,0.23333333333333334,False,0.0001664921378965755
synth-skew-wide,db,symmetric,0.05,f1_sd,0.9,80,-0.02059197257643763,1.0,7.849526548031477e-15,1.0,0.005860131903996897,0.026874823678714195,0.9473684210526316,0.9473684210526316,0.225,False,2.3548579644094432e-14
synth-skew-wide,db,symmetric,0.05,f1_sd,0.8,80,-0.019420718223203366,1.0,7.849526548031477e-15,1.0,0.007165444837699804,0.026874823678714195,0.888888888888889,0.888888888888889,0.2,False,2.3548579644094432e-14
synth-skew-wide,db,symmetric,0.1,jaccard_admitted,0.95,80,0.0599827050202596,0.975,1.0226231706471903e-14,0.95,0.7046868200266767,0.6440110202201843,0.9655172413793104,0.9655172413793104,0.23333333333333334,False,2.3548579644094432e-14
synth-skew-wide,db,symmetric,0.1,jaccard_admitted,0.9,80,0.04981895886273113,0.925,3.916274188810748e-14,0.85,0.6991821475015592,0.6440110202201843,0.9473684210526316,0.9473684210526316,0.225,False,3.916274188810748e-14
synth-skew-wide,db,symmetric,0.1,jaccard_admitted,0.8,80,0.2558572681678065,1.0,7.849526548031477e-15,1.0,0.8943421285525344,0.6440110202201843,0.888888888888889,0.888888888888889,0.2,False,2.3548579644094432e-14
synth-skew-wide,db,symmetric,0.1,f1_sd,0.95,80,-0.011655025677037177,0.875,1.9461670246015296e-11,0.75,0.029570907559871455,0.039878557072851414,0.9655172413793104,0.9655172413793104,0.23333333333333334,False,1.9461670246015296e-11
synth-skew-wide,db,symmetric,0.1,f1_sd,0.9,80,-0.011734629937171004,0.85,1.3993447396175124e-12,0.7,0.029883120930750587,0.039878557072851414,0.9473684210526316,0.9473684210526316,0.225,False,2.7986894792350247e-12
synth-skew-wide,db,symmetric,0.1,f1_sd,0.8,80,-0.028908813854651327,1.0,7.849526548031477e-15,1.0,0.010720715365244198,0.039878557072851414,0.888888888888889,0.888888888888889,0.2,False,2.3548579644094432e-14
synth-skew-wide,db,symmetric,0.2,jaccard_admitted,0.95,80,-0.05932479660616924,0.025,9.131533880268768e-15,-0.95,0.49185060285856086,0.5566181842638571,0.9655172413793104,0.9655172413793104,0.23333333333333334,False,2.7394601640806303e-14
synth-skew-wide,db,symmetric,0.2,jaccard_admitted,0.9,80,-0.026284207966689344,0.175,2.2181255272995823e-09,-0.65,0.5320129524557988,0.5566181842638571,0.9473684210526316,0.9473684210526316,0.225,False,2.2181255272995823e-09
synth-skew-wide,db,symmetric,0.2,jaccard_admitted,0.8,80,-0.07147164506477052,0.0875,9.780162954557457e-14,-0.825,0.4844934399966988,0.5566181842638571,0.888888888888889,0.888888888888889,0.2,False,1.9560325909114915e-13
synth-skew-wide,db,symmetric,0.2,f1_sd,0.95,80,0.0010931550892022482,0.4625,0.07438811282521486,-0.075,0.043754701105650814,0.042590506585066884,0.9655172413793104,0.9655172413793104,0.23333333333333334,False,0.14877622565042972
synth-skew-wide,db,symmetric,0.2,f1_sd,0.9,80,0.0031181426382794267,0.3625,0.0173616329397137,-0.275,0.044789297440952155,0.042590506585066884,0.9473684210526316,0.9473684210526316,0.225,False,0.05208489881914111
synth-skew-wide,db,symmetric,0.2,f1_sd,0.8,80,0.001213471041014151,0.475,0.7262419140654369,-0.05,0.043212235390463274,0.042590506585066884,0.888888888888889,0.888888888888889,0.2,False,0.7262419140654369
synth-skew-wide,threshold,severity,0.05,jaccard_admitted,0.95,80,-0.08616894145860221,0.0875,5.643895241129601e-13,-0.825,0.710682491392427,0.7933036792609441,0.2857142857142857,0.2857142857142857,0.041666666666666664,False,1.2321109078299117e-12
synth-skew-wide,threshold,severity,0.05,jaccard_admitted,0.9,80,-0.17852643456672312,0.1125,4.107036359433039e-13,-0.775,0.6237280701754386,0.7933036792609441,0.06451612903225806,0.06451612903225806,0.008333333333333333,False,1.2321109078299117e-12
synth-skew-wide,threshold,severity,0.05,jaccard_admitted,0.8,80,0.19474299255858807,0.8125,4.380489501111043e-05,0.625,1.0,0.7933036792609441,0.0,0.0,0.0,False,4.380489501111043e-05
synth-skew-wide,threshold,severity,0.05,f1_sd,0.95,80,0.0033091764525309264,0.35,0.00394447234024428,-0.3,0.029916107928340735,0.026874823678714195,0.2857142857142857,0.2857142857142857,0.041666666666666664,False,0.00788894468048856
synth-skew-wide,threshold,severity,0.05,f1_sd,0.9,80,-0.002503166217039986,0.6,0.036084186666501046,0.2,0.02417862415516789,0.026874823678714195,0.06451612903225806,0.06451612903225806,0.008333333333333333,False,0.036084186666501046
synth-skew-wide,threshold,severity,0.05,f1_sd,0.8,80,-0.024389719233644098,0.975,9.482966249828276e-15,0.95,0.0,0.026874823678714195,0.0,0.0,0.0,False,2.844889874948483e-14
synth-skew-wide,threshold,severity,0.1,jaccard_admitted,0.95,80,-0.01714983357303901,0.4,0.023583492518049684,-0.2,0.627549687569281,0.6440110202201843,0.2857142857142857,0.2857142857142857,0.041666666666666664,True,0.023583492518049684
synth-skew-wide,threshold,severity,0.1,jaccard_admitted,0.9,80,-0.12761354964347588,0.175,3.28341132570439e-11,-0.65,0.5180137844611528,0.6440110202201843,0.06451612903225806,0.06451612903225806,0.008333333333333333,True,9.85023397711317e-11
synth-skew-wide,threshold,severity,0.1,jaccard_admitted,0.8,80,0.2643737466472467,0.7625,6.876430023072794e-09,0.525,0.9,0.6440110202201843,0.0,0.0,0.0,True,1.3752860046145588e-08
synth-skew-wide,threshold,severity,0.1,f1_sd,0.95,80,0.0012713313775433409,0.475,0.7262419140654369,-0.05,0.039258632711224775,0.039878557072851414,0.2857142857142857,0.2857142857142857,0.041666666666666664,False,0.7262419140654369
synth-skew-wide,threshold,severity,0.1,f1_sd,0.9,80,-0.00883164016920107,0.7125,2.5366974717352276e-06,0.425,0.03343291037373239,0.039878557072851414,0.06451612903225806,0.06451612903225806,0.008333333333333333,False,5.073394943470455e-06
synth-skew-wide,threshold,severity,0.1,f1_sd,0.8,80,-0.033247703663518854,1.0,7.849526548031477e-15,1.0,0.007331370418032098,0.039878557072851414,0.0,0.0,0.0,False,2.3548579644094432e-14
synth-skew-wide,threshold,severity,0.2,jaccard_admitted,0.95,80,-0.029189427250679634,0.3875,0.0004886525941131664,-0.225,0.529128592750193,0.5566181842638571,0.2857142857142857,0.2857142857142857,0.041666666666666664,False,0.0004886525941131664
synth-skew-wide,threshold,severity,0.2,jaccard_admitted,0.9,80,-0.12075554097769686,0.2,8.897913452286626e-11,-0.6,0.4418268208399787,0.5566181842638571,0.06451612903225806,0.06451612903225806,0.008333333333333333,False,2.669374035685988e-10
synth-skew-wide,threshold,severity,0.2,jaccard_admitted,0.8,80,0.17496977224212634,0.625,4.747255665682049e-06,0.25,0.7315789473684211,0.5566181842638571,0.0,0.0,0.0,False,9.494511331364099e-06
synth-skew-wide,threshold,severity,0.2,f1_sd,0.95,80,0.0023864932097640915,0.45,0.05384176236159241,-0.1,0.04308342199011876,0.042590506585066884,0.2857142857142857,0.2857142857142857,0.041666666666666664,False,0.05384176236159241
synth-skew-wide,threshold,severity,0.2,f1_sd,0.9,80,-0.005521474688339672,0.625,0.0013784607748309038,0.25,0.0371879838378536,0.042590506585066884,0.06451612903225806,0.06451612903225806,0.008333333333333333,False,0.0027569215496618077
synth-skew-wide,threshold,severity,0.2,f1_sd,0.8,80,-0.029635494261697808,1.0,7.849526548031477e-15,1.0,0.012011395033853222,0.042590506585066884,0.0,0.0,0.0,False,2.3548579644094432e-14
synth-skew-wide,threshold,symmetric,0.05,jaccard_admitted,0.95,80,-0.0836190759671202,0.1125,6.055483297388854e-13,-0.775,0.7110443681117464,0.7933036792609441,0.2857142857142857,0.2857142857142857,0.041666666666666664,False,1.2110966594777709e-12
synth-skew-wide,threshold,symmetric,0.05,jaccard_admitted,0.9,80,-0.1502535877797081,0.0875,6.08733012698761e-14,-0.825,0.6413554720133667,0.7933036792609441,0.09523809523809523,0.09523809523809523,0.0125,False,1.826199038096283e-13
synth-skew-wide,threshold,symmetric,0.05,jaccard_admitted,0.8,80,0.1823990465735243,0.7375,0.0032808086972335895,0.475,1.0,0.7933036792609441,0.0,0.0,0.0,False,0.0032808086972335895
synth-skew-wide,threshold,symmetric,0.05,f1_sd,0.95,80,0.0030753189843061458,0.3125,0.0006050391444793707,-0.375,0.029810668017074406,0.026874823678714195,0.2857142857142857,0.2857142857142857,0.041666666666666664,False,0.0012100782889587413
synth-skew-wide,threshold,symmetric,0.05,f1_sd,0.9,80,0.0003500575947258909,0.4875,0.7698481574539583,-0.025,0.025983281831534387,0.026874823678714195,0.09523809523809523,0.09523809523809523,0.0125,False,0.7698481574539583
synth-skew-wide,threshold,symmetric,0.05,f1_sd,0.8,80,-0.02106608443588135,1.0,7.849526548031477e-15,1.0,0.0,0.026874823678714195,0.0,0.0,0.0,False,2.3548579644094432e-14
synth-skew-wide,threshold,symmetric,0.1,jaccard_admitted,0.95,80,-0.035252044397561244,0.3625,0.0010533921636549763,-0.275,0.6144755439869095,0.6440110202201843,0.2857142857142857,0.2857142857142857,0.041666666666666664,False,0.0010533921636549763
synth-skew-wide,threshold,symmetric,0.1,jaccard_admitted,0.9,80,-0.10987271014258088,0.225,2.842797267704123e-10,-0.55,0.5429688513241144,0.6440110202201843,0.09523809523809523,0.09523809523809523,0.0125,False,8.528391803112368e-10
synth-skew-wide,threshold,symmetric,0.1,jaccard_admitted,0.8,80,0.26862969505824147,0.7,2.794210329917824e-07,0.4,0.9,0.6440110202201843,0.0,0.0,0.0,False,5.588420659835648e-07
synth-skew-wide,threshold,symmetric,0.1,f1_sd,0.95,80,-0.0008766535126511661,0.525,0.5681635774941971,0.05,0.038444636336975584,0.039878557072851414,0.2857142857142857,0.2857142857142857,0.041666666666666664,False,0.5681635774941971
synth-skew-wide,threshold,symmetric,0.1,f1_sd,0.9,80,-0.008029804136048842,0.7375,1.3995767473214477e-06,0.475,0.033627590320329255,0.039878557072851414,0.09523809523809523,0.09523809523809523,0.0125,False,2.7991534946428954e-06
synth-skew-wide,threshold,symmetric,0.1,f1_sd,0.8,80,-0.03084279331879296,1.0,7.849526548031477e-15,1.0,0.007331370418032098,0.039878557072851414,0.0,0.0,0.0,False,2.3548579644094432e-14
synth-skew-wide,threshold,symmetric,0.2,jaccard_admitted,0.95,80,-0.07511268433354257,0.1375,9.547635692305543e-13,-0.725,0.48339827153196985,0.5566181842638571,0.2857142857142857,0.2857142857142857,0.041666666666666664,False,2.864290707691663e-12
synth-skew-wide,threshold,symmetric,0.2,jaccard_admitted,0.9,80,-0.10903134739172293,0.175,1.1468174432879066e-10,-0.65,0.45925381635907947,0.5566181842638571,0.09523809523809523,0.09523809523809523,0.0125,False,2.293634886575813e-10
synth-skew-wide,threshold,symmetric,0.2,jaccard_admitted,0.8,80,0.15863216827506083,0.7,1.8212873046333932e-06,0.4,0.7210526315789474,0.5566181842638571,0.0,0.0,0.0,False,1.8212873046333932e-06
synth-skew-wide,threshold,symmetric,0.2,f1_sd,0.95,80,0.0012022211762793764,0.425,0.21238478543896344,-0.15,0.04343071982203934,0.042590506585066884,0.2857142857142857,0.2857142857142857,0.041666666666666664,False,0.21238478543896344
synth-skew-wide,threshold,symmetric,0.2,f1_sd,0.9,80,-0.005682788254560221,0.6875,2.2842807010494955e-05,0.375,0.0372574481899524,0.042590506585066884,0.09523809523809523,0.09523809523809523,0.0125,False,4.568561402098991e-05
synth-skew-wide,threshold,symmetric,0.2,f1_sd,0.8,80,-0.03134366974166431,1.0,7.849526548031477e-15,1.0,0.012011395033853222,0.042590506585066884,0.0,0.0,0.0,False,2.3548579644094432e-14
synth-sym-tight,db,severity,0.05,jaccard_admitted,0.95,80,0.10826323142003191,1.0,7.849526548031477e-15,1.0,0.8333381956937584,0.7254657800182194,0.8739495798319329,0.8957983193277312,0.22083333333333333,False,2.3548579644094432e-14
synth-sym-tight,db,severity,0.05,jaccard_admitted,0.9,80,0.1104023659156399,1.0,7.849526548031477e-15,1.0,0.8403066075481724,0.7254657800182194,0.8288288288288289,0.8495495495495496,0.22083333333333333,False,2.3548579644094432e-14
synth-sym-tight,db,severity,0.05,jaccard_admitted,0.8,80,0.0190766832316403,0.65,0.00019771456084499445,0.3,0.7423648433150858,0.7254657800182194,0.7401574803149608,0.7586614173228348,0.17916666666666667,False,0.00019771456084499445
synth-sym-tight,db,severity,0.05,f1_sd,0.95,80,-0.03511021882726656,1.0,7.849526548031477e-15,1.0,0.020993178657933084,0.056841099377048836,0.8739495798319329,0.8957983193277312,0.22083333333333333,False,2.3548579644094432e-14
synth-sym-tight,db,severity,0.05,f1_sd,0.9,80,-0.041080862759649416,1.0,7.849526548031477e-15,1.0,0.013714545125020645,0.056841099377048836,0.8288288288288289,0.8495495495495496,0.22083333333333333,False,2.3548579644094432e-14
synth-sym-tight,db,severity,0.05,f1_sd,0.8,80,-0.03965542293359282,1.0,7.849526548031477e-15,1.0,0.016246206241658873,0.056841099377048836,0.7401574803149608,0.7586614173228348,0.17916666666666667,False,2.3548579644094432e-14
synth-sym-tight,db,severity,0.1,jaccard_admitted,0.95,80,-0.007192187790526217,0.425,0.059437821889130285,-0.15,0.6613186874107511,0.6666967439343594,0.8739495798319329,0.8957983193277312,0.22083333333333333,False,0.059437821889130285
synth-sym-tight,db,severity,0.1,jaccard_admitted,0.9,80,0.1329883931397593,1.0,7.849526548031477e-15,1.0,0.8049523738912516,0.6666967439343594,0.8288288288288289,0.8495495495495496,0.22083333333333333,False,2.3548579644094432e-14
synth-sym-tight,db,severity,0.1,jaccard_admitted,0.8,80,0.0760176189525748,0.9125,3.774386519362833e-14,0.825,0.7479275499113398,0.6666967439343594,0.7401574803149608,0.7586614173228348,0.17916666666666667,False,7.548773038725666e-14
synth-sym-tight,db,severity,0.1,f1_sd,0.95,80,-0.0026631359523466742,0.6375,0.056272115496159486,0.275,0.046737774760096974,0.04981071353982812,0.8739495798319329,0.8957983193277312,0.22083333333333333,False,0.056272115496159486
synth-sym-tight,db,severity,0.1,f1_sd,0.9,80,-0.025668732568306908,0.9875,8.152358880315248e-15,0.975,0.02293868429218956,0.04981071353982812,0.8288288288288289,0.8495495495495496,0.22083333333333333,False,2.3548579644094432e-14
synth-sym-tight,db,severity,0.1,f1_sd,0.8,80,-0.029727564329228892,1.0,7.849526548031477e-15,1.0,0.020446878282939583,0.04981071353982812,0.7401574803149608,0.7586614173228348,0.17916666666666667,False,2.3548579644094432e-14
synth-sym-tight,db,severity,0.2,jaccard_admitted,0.95,80,-0.13193850984038644,0.0,7.849526548031477e-15,-1.0,0.47967772189230773,0.6115378027032542,0.8739495798319329,0.8957983193277312,0.22083333333333333,False,2.3548579644094432e-14
synth-sym-tight,db,severity,0.2,jaccard_admitted,0.9,80,-0.04383257723880024,0.1875,1.4654747402137537e-09,-0.625,0.5641165029215219,0.6115378027032542,0.8288288288288289,0.8495495495495496,0.22083333333333333,False,1.4654747402137537e-09
synth-sym-tight,db,severity,0.2,jaccard_admitted,0.8,80,0.0644678073382498,0.9375,7.046339081038934e-14,0.875,0.6816556842417898,0.6115378027032542,0.7401574803149608,0.7586614173228348,0.17916666666666667,False,1.4092678162077868e-13
synth-sym-tight,db,severity,0.2,f1_sd,0.95,80,0.01294447146374188,0.0875,1.9423055932198606e-13,-0.825,0.04877437713973462,0.036020357846950624,0.8739495798319329,0.8957983193277312,0.22083333333333333,False,4.214408065922543e-13
synth-sym-tight,db,severity,0.2,f1_sd,0.9,80,0.01679623540144625,0.075,1.4048026886408476e-13,-0.85,0.0525909099227866,0.036020357846950624,0.8288288288288289,0.8495495495495496,0.22083333333333333,False,4.214408065922543e-13
synth-sym-tight,db,severity,0.2,f1_sd,0.8,80,-0.0016787822573822216,0.6375,0.0173616329397137,0.275,0.03139058120721257,0.036020357846950624,0.7401574803149608,0.7586614173228348,0.17916666666666667,False,0.0173616329397137
synth-sym-tight,db,symmetric,0.05,jaccard_admitted,0.95,80,0.051149824710927716,0.8625,7.684974195704611e-12,0.725,0.777670774923207,0.7254657800182194,0.8727272727272728,0.8945454545454546,0.22083333333333333,False,1.5369948391409222e-11
synth-sym-tight,db,symmetric,0.05,jaccard_admitted,0.9,80,0.11103389931309404,0.9875,8.152358880315248e-15,0.975,0.8427486393346091,0.7254657800182194,0.8448275862068966,0.865948275862069,0.225,False,2.4457076640945743e-14
synth-sym-tight,db,symmetric,0.05,jaccard_admitted,0.8,80,0.062088543467073765,0.85,1.5717077941954187e-10,0.7,0.7889842701612182,0.7254657800182194,0.7559055118110236,0.7748031496062993,0.18333333333333332,False,1.5717077941954187e-10
synth-sym-tight,db,symmetric,0.05,f1_sd,0.95,80,-0.02472672778035022,0.975,9.482966249828276e-15,0.95,0.031201136858859634,0.056841099377048836,0.8727272727272728,0.8945454545454546,0.22083333333333333,False,2.3548579644094432e-14
synth-sym-tight,db,symmetric,0.05,f1_sd,0.9,80,-0.04188747843168696,1.0,7.849526548031477e-15,1.0,0.013991874791575695,0.056841099377048836,0.8448275862068966,0.865948275862069,0.225,False,2.3548579644094432e-14
synth-sym-tight,db,symmetric,0.05,f1_sd,0.8,80,-0.04327057377129183,1.0,7.849526548031477e-15,1.0,0.01379685778171591,0.056841099377048836,0.7559055118110236,0.7748031496062993,0.18333333333333332,False,2.3548579644094432e-14
synth-sym-tight,db,symmetric,0.1,jaccard_admitted,0.95,80,-0.08052466949354548,0.0375,1.1026754326146025e-14,-0.925,0.5895104145285492,0.6666967439343594,0.8727272727272728,0.8945454545454546,0.22083333333333333,False,3.308026297843808e-14
synth-sym-tight,db,symmetric,0.1,jaccard_admitted,0.9,80,0.031708975944219675,0.825,7.348907399032895e-11,0.65,0.7097335510670679,0.6666967439343594,0.8448275862068966,0.865948275862069,0.225,False,7.348907399032895e-11
synth-sym-tight,db,symmetric,0.1,jaccard_admitted,0.8,80,0.06110224638127543,0.9125,4.567028423311627e-13,0.825,0.7304624892317544,0.6666967439343594,0.7559055118110236,0.7748031496062993,0.18333333333333332,False,9.134056846623254e-13
synth-sym-tight,db,symmetric,0.1,f1_sd,0.95,80,0.0017342572675289707,0.375,0.029801540796768576,-0.25,0.051423994830122916,0.04981071353982812,0.8727272727272728,0.8945454545454546,0.22083333333333333,False,0.029801540796768576
synth-sym-tight,db,symmetric,0.1,f1_sd,0.9,80,-0.014540240638111872,0.8875,7.475199774436541e-13,0.775,0.035283772187999086,0.04981071353982812,0.8448275862068966,0.865948275862069,0.225,False,1.4950399548873082e-12
synth-sym-tight,db,symmetric,0.1,f1_sd,0.8,80,-0.029173108864199517,1.0,7.849526548031477e-15,1.0,0.018992580423837762,0.04981071353982812,0.7559055118110236,0.7748031496062993,0.18333333333333332,False,2.3548579644094432e-14
synth-sym-tight,db,symmetric,0.2,jaccard_admitted,0.95,80,-0.1725825674920749,0.0,7.849526548031477e-15,-1.0,0.435938274524553,0.6115378027032542,0.8727272727272728,0.8945454545454546,0.22083333333333333,False,2.3548579644094432e-14
synth-sym-tight,db,symmetric,0.2,jaccard_admitted,0.9,80,-0.16600567585452033,0.0,7.849526548031477e-15,-1.0,0.44704207825250575,0.6115378027032542,0.8448275862068966,0.865948275862069,0.225,False,2.3548579644094432e-14
synth-sym-tight,db,symmetric,0.2,jaccard_admitted,0.8,80,-0.06780019837737483,0.1,7.475199774436541e-13,-0.8,0.5386048992865309,0.6115378027032542,0.7559055118110236,0.7748031496062993,0.18333333333333332,False,7.475199774436541e-13
synth-sym-tight,db,symmetric,0.2,f1_sd,0.95,80,0.013230844168665887,0.1,4.255070458353734e-13,-0.8,0.04747750564873032,0.036020357846950624,0.8727272727272728,0.8945454545454546,0.22083333333333333,False,8.510140916707468e-13
synth-sym-tight,db,symmetric,0.2,f1_sd,0.9,80,0.015413714496980677,0.0375,2.2417979132012551e-13,-0.925,0.051863820510146395,0.036020357846950624,0.8448275862068966,0.865948275862069,0.225,False,6.725393739603766e-13
synth-sym-tight,db,symmetric,0.2,f1_sd,0.8,80,0.011637117645066425,0.125,5.308939652213096e-12,-0.75,0.04850689806895421,0.036020357846950624,0.7559055118110236,0.7748031496062993,0.18333333333333332,False,5.308939652213096e-12
synth-sym-tight,threshold,severity,0.05,jaccard_admitted,0.95,80,-0.026644770613781343,0.275,0.00016332492372502503,-0.45,0.6970124247097931,0.7254657800182194,0.2777777777777778,0.28472222222222227,0.041666666666666664,False,0.00016332492372502503
synth-sym-tight,threshold,severity,0.05,jaccard_admitted,0.9,80,-0.10743523728871712,0.25,7.707668015609942e-09,-0.5,0.6139473684210527,0.7254657800182194,0.06451612903225806,0.06612903225806452,0.008333333333333333,False,1.5415336031219885e-08
synth-sym-tight,threshold,severity,0.05,jaccard_admitted,0.8,80,0.25810720875354537,0.8625,2.3694814521885637e-11,0.725,1.0,0.7254657800182194,0.0,0.0,0.0,False,7.10844435656569e-11
synth-sym-tight,threshold,severity,0.05,f1_sd,0.95,80,-0.025460124315185566,1.0,7.849526548031477e-15,1.0,0.0296673876093276,0.056841099377048836,0.2777777777777778,0.28472222222222227,0.041666666666666664,False,2.3548579644094432e-14
synth-sym-tight,threshold,severity,0.05,f1_sd,0.9,80,-0.03154568203726184,0.9875,9.482966249828276e-15,0.975,0.025305653024778725,0.056841099377048836,0.06451612903225806,0.06612903225806452,0.008333333333333333,False,2.3548579644094432e-14
synth-sym-tight,threshold,severity,0.05,f1_sd,0.8,80,-0.05381179905122044,1.0,7.849526548031477e-15,1.0,0.0,0.056841099377048836,0.0,0.0,0.0,False,2.3548579644094432e-14
synth-sym-tight,threshold,severity,0.1,jaccard_admitted,0.95,80,-0.11092663126765556,0.075,5.2569384696613064e-14,-0.85,0.5638294603311765,0.6666967439343594,0.2777777777777778,0.28472222222222227,0.041666666666666664,True,1.577081540898392e-13
synth-sym-tight,threshold,severity,0.1,jaccard_admitted,0.9,80,-0.19168697735312543,0.1375,2.512925609401211e-12,-0.725,0.4822713032581454,0.6666967439343594,0.06451612903225806,0.06612903225806452,0.008333333333333333,True,5.025851218802422e-12
synth-sym-tight,threshold,severity,0.1,jaccard_admitted,0.8,80,0.31018681681795374,0.8,1.1836574724521512e-10,0.6,1.0,0.6666967439343594,0.0,0.0,0.0,True,1.1836574724521512e-10
synth-sym-tight,threshold,severity,0.1,f1_sd,0.95,80,-0.014281049827340169,0.875,5.679398006940263e-12,0.75,0.03477926503061053,0.04981071353982812,0.2777777777777778,0.28472222222222227,0.041666666666666664,False,5.679398006940263e-12
synth-sym-tight,threshold,severity,0.1,f1_sd,0.9,80,-0.020393985370472524,0.975,2.5113283864160744e-14,0.95,0.02846112378281864,0.04981071353982812,0.06451612903225806,0.06612903225806452,0.008333333333333333,False,5.022656772832149e-14
synth-sym-tight,threshold,severity,0.1,f1_sd,0.8,80,-0.043629115495854916,1.0,7.849526548031477e-15,1.0,0.0,0.04981071353982812,0.0,0.0,0.0,False,2.3548579644094432e-14
synth-sym-tight,threshold,severity,0.2,jaccard_admitted,0.95,80,-0.17081980893546903,0.0125,8.466682565197588e-15,-0.975,0.4421135636469863,0.6115378027032542,0.2777777777777778,0.28472222222222227,0.041666666666666664,False,2.5400047695592765e-14
synth-sym-tight,threshold,severity,0.2,jaccard_admitted,0.9,80,-0.21462706349059657,0.0375,1.5461621777490538e-14,-0.925,0.3993911862990811,0.6115378027032542,0.06451612903225806,0.06612903225806452,0.008333333333333333,False,3.0923243554981077e-14
synth-sym-tight,threshold,severity,0.2,jaccard_admitted,0.8,80,0.280803863721461,0.7375,1.7512920691382147e-09,0.475,0.9,0.6115378027032542,0.0,0.0,0.0,False,1.7512920691382147e-09
synth-sym-tight,threshold,severity,0.2,f1_sd,0.95,80,0.004473176310898757,0.3625,0.000327622372791419,-0.275,0.04070841483024486,0.036020357846950624,0.2777777777777778,0.28472222222222227,0.041666666666666664,False,0.000655244745582838
synth-sym-tight,threshold,severity,0.2,f1_sd,0.9,80,-0.0010188570895185763,0.575,0.0751705124498129,0.15,0.03443463439493738,0.036020357846950624,0.06451612903225806,0.06612903225806452,0.008333333333333333,False,0.0751705124498129
synth-sym-tight,threshold,severity,0.2,f1_sd,0.8,80,-0.028934408282325772,0.9875,8.152358880315248e-15,0.975,0.007331370418032098,0.036020357846950624,0.0,0.0,0.0,False,2.4457076640945743e-14
synth-sym-tight,threshold,symmetric,0.05,jaccard_admitted,0.95,80,-0.03744539939781688,0.25,1.0726252583202732e-06,-0.5,0.691953939378475,0.7254657800182194,0.2758751902587519,0.2827720700152207,0.041666666666666664,False,1.0726252583202732e-06
synth-sym-tight,threshold,symmetric,0.05,jaccard_admitted,0.9,80,-0.06930609213321265,0.2,2.284392287190671e-09,-0.6,0.6599122807017545,0.7254657800182194,0.09523809523809523,0.09761904761904762,0.0125,False,6.853176861572013e-09
synth-sym-tight,threshold,symmetric,0.05,jaccard_admitted,0.8,80,0.25570314308149383,0.825,2.9478186734325993e-08,0.65,1.0,0.7254657800182194,0.0,0.0,0.0,False,5.8956373468651986e-08
synth-sym-tight,threshold,symmetric,0.05,f1_sd,0.95,80,-0.026279345006099502,1.0,7.849526548031477e-15,1.0,0.029418845053104277,0.056841099377048836,0.2758751902587519,0.2827720700152207,0.041666666666666664,False,2.3548579644094432e-14
synth-sym-tight,threshold,symmetric,0.05,f1_sd,0.9,80,-0.03212124143660984,0.9875,8.792926151362765e-15,0.975,0.02547136092800828,0.056841099377048836,0.09523809523809523,0.09761904761904762,0.0125,False,2.3548579644094432e-14
synth-sym-tight,threshold,symmetric,0.05,f1_sd,0.8,80,-0.05462285344074978,1.0,7.849526548031477e-15,1.0,0.0,0.056841099377048836,0.0,0.0,0.0,False,2.3548579644094432e-14
synth-sym-tight,threshold,symmetric,0.1,jaccard_admitted,0.95,80,-0.12753024578496175,0.0375,1.1026754326146025e-14,-0.925,0.5464178548908447,0.6666967439343594,0.2758751902587519,0.2827720700152207,0.041666666666666664,False,3.308026297843808e-14
synth-sym-tight,threshold,symmetric,0.1,jaccard_admitted,0.9,80,-0.14470783272637794,0.125,1.9093406934261424e-12,-0.75,0.5332320092188514,0.6666967439343594,0.09523809523809523,0.09761904761904762,0.0125,False,3.818681386852285e-12
synth-sym-tight,threshold,symmetric,0.1,jaccard_admitted,0.8,80,0.23343289995764144,0.7125,2.3086061723704754e-06,0.425,0.9,0.6666967439343594,0.0,0.0,0.0,False,2.3086061723704754e-06
synth-sym-tight,threshold,symmetric,0.1,f1_sd,0.95,80,-0.013400509624723427,0.875,5.132699347205073e-12,0.75,0.03555456079844114,0.04981071353982812,0.2758751902587519,0.2827720700152207,0.041666666666666664,False,5.132699347205073e-12
synth-sym-tight,threshold,symmetric,0.1,f1_sd,0.9,80,-0.018187787856326743,0.9625,1.0619072426644933e-14,0.925,0.03083314400331238,0.04981071353982812,0.09523809523809523,0.09761904761904762,0.0125,False,2.3548579644094432e-14
synth-sym-tight,threshold,symmetric,0.1,f1_sd,0.8,80,-0.04156466705360731,1.0,7.849526548031477e-15,1.0,0.007331370418032098,0.04981071353982812,0.0,0.0,0.0,False,2.3548579644094432e-14
synth-sym-tight,threshold,symmetric,0.2,jaccard_admitted,0.95,80,-0.18088214065723401,0.0,7.849526548031477e-15,-1.0,0.43110776928987515,0.6115378027032542,0.2758751902587519,0.2827720700152207,0.041666666666666664,False,2.3548579644094432e-14
synth-sym-tight,threshold,symmetric,0.2,jaccard_admitted,0.9,80,-0.2192186413411523,0.05,1.935013307755658e-14,-0.9,0.39979010025062656,0.6115378027032542,0.09523809523809523,0.09761904761904762,0.0125,False,3.870026615511316e-14
synth-sym-tight,threshold,symmetric,0.2,jaccard_admitted,0.8,80,0.1598430676516553,0.675,2.5970140907991548e-06,0.35,0.7684210526315789,0.6115378027032542,0.0,0.0,0.0,False,2.5970140907991548e-06
synth-sym-tight,threshold,symmetric,0.2,f1_sd,0.95,80,0.004433283287580192,0.3,0.00035911625890558657,-0.4,0.04033574714531952,0.036020357846950624,0.2758751902587519,0.2827720700152207,0.041666666666666664,False,0.0007182325178111731
synth-sym-tight,threshold,symmetric,0.2,f1_sd,0.9,80,-0.001358487593329124,0.55,0.6729715356040642,0.1,0.03604546287591935,0.036020357846950624,0.09523809523809523,0.09761904761904762,0.0125,False,0.6729715356040642
synth-sym-tight,threshold,symmetric,0.2,f1_sd,0.8,80,-0.02691007465830085,0.9875,8.152358880315248e-15,0.975,0.010091590348378567,0.036020357846950624,0.0,0.0,0.0,False,2.4457076640945743e-14
synth-sym-wide,db,severity,0.05,jaccard_admitted,0.95,80,0.16367713757762314,1.0,7.849526548031477e-15,1.0,0.9621084773008918,0.8003870923547485,0.9655172413793104,0.9655172413793104,0.23333333333333334,False,2.3548579644094432e-14
synth-sym-wide,db,severity,0.05,jaccard_admitted,0.9,80,0.12191891493905171,1.0,7.849526548031477e-15,1.0,0.9217923397009269,0.8003870923547485,0.9380530973451328,0.9380530973451328,0.22083333333333333,False,2.3548579644094432e-14
synth-sym-wide,db,severity,0.05,jaccard_admitted,0.8,80,0.0009118081408656664,0.5125,0.2957500874121701,0.025,0.803091371900478,0.8003870923547485,0.8785046728971964,0.8785046728971964,0.19583333333333333,False,0.2957500874121701
synth-sym-wide,db,severity,0.05,f1_sd,0.95,80,-0.018455599204915546,1.0,7.849526548031477e-15,1.0,0.006107317636095396,0.024292664003845957,0.9655172413793104,0.9655172413793104,0.23333333333333334,False,2.3548579644094432e-14
synth-sym-wide,db,severity,0.05,f1_sd,0.9,80,-0.016698593783114255,1.0,7.849526548031477e-15,1.0,0.007302328448074075,0.024292664003845957,0.9380530973451328,0.9380530973451328,0.22083333333333333,False,2.3548579644094432e-14
synth-sym-wide,db,severity,0.05,f1_sd,0.8,80,-0.013269520814778876,1.0,7.849526548031477e-15,1.0,0.010143472413059169,0.024292664003845957,0.8785046728971964,0.8785046728971964,0.19583333333333333,False,2.3548579644094432e-14
synth-sym-wide,db,severity,0.1,jaccard_admitted,0.95,80,0.1371575397517495,1.0,7.849526548031477e-15,1.0,0.7909734191791046,0.6499668238556249,0.9655172413793104,0.9655172413793104,0.23333333333333334,False,2.3548579644094432e-14
synth-sym-wide,db,severity,0.1,jaccard_admitted,0.9,80,0.2552406347943297,1.0,7.849526548031477e-15,1.0,0.9047826182410108,0.6499668238556249,0.9380530973451328,0.9380530973451328,0.22083333333333333,False,2.3548579644094432e-14
synth-sym-wide,db,severity,0.1,jaccard_admitted,0.8,80,0.18833522082791887,1.0,7.849526548031477e-15,1.0,0.8379114186261375,0.6499668238556249,0.8785046728971964,0.8785046728971964,0.19583333333333333,False,2.3548579644094432e-14
synth-sym-wide,db,severity,0.1,f1_sd,0.95,80,-0.0172830566591844,0.975,1.0226231706471903e-14,0.95,0.022958745871075062,0.04028540729530413,0.9655172413793104,0.9655172413793104,0.23333333333333334,False,2.3548579644094432e-14
synth-sym-wide,db,severity,0.1,f1_sd,0.9,80,-0.024300079275913655,1.0,7.849526548031477e-15,1.0,0.015322897844490528,0.04028540729530413,0.9380530973451328,0.9380530973451328,0.22083333333333333,False,2.3548579644094432e-14
synth-sym-wide,db,severity,0.1,f1_sd,0.8,80,-0.0287174995291596,1.0,7.849526548031477e-15,1.0,0.011375699916441226,0.04028540729530413,0.8785046728971964,0.8785046728971964,0.19583333333333333,False,2.3548579644094432e-14
synth-sym-wide,db,severity,0.2,jaccard_admitted,0.95,80,0.05046242259517647,0.975,1.6051579997687537e-14,0.95,0.6040177079246591,0.5532545628629415,0.9655172413793104,0.9655172413793104,0.23333333333333334,False,2.3548579644094432e-14
synth-sym-wide,db,severity,0.2,jaccard_admitted,0.9,80,0.09536139956213269,1.0,7.849526548031477e-15,1.0,0.6515909198338504,0.5532545628629415,0.9380530973451328,0.9380530973451328,0.22083333333333333,False,2.3548579644094432e-14
synth-sym-wide,db,severity,0.2,jaccard_admitted,0.8,80,0.2694079008591241,1.0,7.849526548031477e-15,1.0,0.8232750452626374,0.5532545628629415,0.8785046728971964,0.8785046728971964,0.19583333333333333,False,2.3548579644094432e-14
synth-sym-wide,db,severity,0.2,f1_sd,0.95,80,-0.0010843034644585359,0.575,0.1953210774477666,0.15,0.04048846970849078,0.0411584323148718,0.9655172413793104,0.9655172413793104,0.23333333333333334,False,0.1953210774477666
synth-sym-wide,db,severity,0.2,f1_sd,0.9,80,-0.006281557563516362,0.725,6.2396268628111515e-06,0.45,0.035625223595085784,0.0411584323148718,0.9380530973451328,0.9380530973451328,0.22083333333333333,False,1.2479253725622303e-05
synth-sym-wide,db,severity,0.2,f1_sd,0.8,80,-0.01848251972704569,0.9625,1.2344457759240488e-14,0.925,0.023181257343258467,0.0411584323148718,0.8785046728971964,0.8785046728971964,0.19583333333333333,False,3.703337327772146e-14
synth-sym-wide,db,symmetric,0.05,jaccard_admitted,0.95,80,0.03428712563872455,0.9,7.217747405191763e-13,0.8,0.8364428081867017,0.8003870923547485,0.9655172413793104,0.9655172413793104,0.23333333333333334,False,1.4435494810383526e-12
synth-sym-wide,db,symmetric,0.05,jaccard_admitted,0.9,80,0.15329650478383783,1.0,7.849526548031477e-15,1.0,0.9459954725236777,0.8003870923547485,0.9473684210526316,0.9473684210526316,0.225,False,2.3548579644094432e-14
synth-sym-wide,db,symmetric,0.05,jaccard_admitted,0.8,80,0.028708038431102534,0.7,2.7237978305267567e-07,0.4,0.8230548007964517,0.8003870923547485,0.888888888888889,0.888888888888889,0.2,False,2.7237978305267567e-07
synth-sym-wide,db,symmetric,0.05,f1_sd,0.95,80,-0.00011633118114554725,0.5,0.12249037641132876,0.0,0.023342799447426305,0.024292664003845957,0.9655172413793104,0.9655172413793104,0.23333333333333334,False,0.12249037641132876
synth-sym-wide,db,symmetric,0.05,f1_sd,0.9,80,-0.018635294138411043,1.0,7.849526548031477e-15,1.0,0.005367005177813982,0.024292664003845957,0.9473684210526316,0.9473684210526316,0.225,False,2.3548579644094432e-14
synth-sym-wide,db,symmetric,0.05,f1_sd,0.8,80,-0.01655315151220441,1.0,7.849526548031477e-15,1.0,0.0071232301380505895,0.024292664003845957,0.888888888888889,0.888888888888889,0.2,False,2.3548579644094432e-14
synth-sym-wide,db,symmetric,0.1,jaccard_admitted,0.95,80,0.05837524414388251,0.9875,8.152358880315248e-15,0.975,0.7103272618771389,0.6499668238556249,0.9655172413793104,0.9655172413793104,0.23333333333333334,False,2.3548579644094432e-14
synth-sym-wide,db,symmetric,0.1,jaccard_admitted,0.9,80,0.05062671430009846,0.925,4.215965322547631e-14,0.85,0.698287915222668,0.6499668238556249,0.9473684210526316,0.9473684210526316,0.225,False,4.215965322547631e-14
synth-sym-wide,db,symmetric,0.1,jaccard_admitted,0.8,80,0.2045755322124903,1.0,7.849526548031477e-15,1.0,0.8563516092363175,0.6499668238556249,0.888888888888889,0.888888888888889,0.2,False,2.3548579644094432e-14
synth-sym-wide,db,symmetric,0.1,f1_sd,0.95,80,-0.008865675069832067,0.8375,3.0243543291760173e-10,0.675,0.030767020636377762,0.04028540729530413,0.9655172413793104,0.9655172413793104,0.23333333333333334,False,3.0243543291760173e-10
synth-sym-wide,db,symmetric,0.1,f1_sd,0.9,80,-0.012333854314430823,0.8625,4.731321559064917e-13,0.725,0.027898556302161946,0.04028540729530413,0.9473684210526316,0.9473684210526316,0.225,False,9.462643118129834e-13
synth-sym-wide,db,symmetric,0.1,f1_sd,0.8,80,-0.029584506596135374,1.0,7.849526548031477e-15,1.0,0.010538500436569688,0.04028540729530413,0.888888888888889,0.888888888888889,0.2,False,2.3548579644094432e-14
synth-sym-wide,db,symmetric,0.2,jaccard_admitted,0.95,80,-0.05911241962340258,0.0,7.849526548031477e-15,-1.0,0.4933917166777343,0.5532545628629415,0.9655172413793104,0.9655172413793104,0.23333333333333334,False,2.3548579644094432e-14
synth-sym-wide,db,symmetric,0.2,jaccard_admitted,0.9,80,-0.01753520976231082,0.3,2.2547379139834857e-06,-0.4,0.5402435166885973,0.5532545628629415,0.9473684210526316,0.9473684210526316,0.225,False,2.2547379139834857e-06
synth-sym-wide,db,symmetric,0.2,jaccard_admitted,0.8,80,-0.06908062229226913,0.0125,1.7957546368041127e-14,-0.975,0.4864227470624459,0.5532545628629415,0.888888888888889,0.888888888888889,0.2,False,3.5915092736082255e-14
synth-sym-wide,db,symmetric,0.2,f1_sd,0.95,80,0.0032179244774115795,0.325,0.0005840011463078015,-0.35,0.0439341642829707,0.0411584323148718,0.9655172413793104,0.9655172413793104,0.23333333333333334,False,0.0017520034389234044
synth-sym-wide,db,symmetric,0.2,f1_sd,0.9,80,0.0009549249869066148,0.4625,0.1081078578384771,-0.075,0.042046679240456825,0.0411584323148718,0.9473684210526316,0.9473684210526316,0.225,False,0.2162157156769542
synth-sym-wide,db,symmetric,0.2,f1_sd,0.8,80,-0.0006433418444848175,0.525,0.7771914444416689,0.05,0.0406842810211213,0.0411584323148718,0.888888888888889,0.888888888888889,0.2,False,0.7771914444416689
synth-sym-wide,threshold,severity,0.05,jaccard_admitted,0.95,80,-0.08491671055002847,0.0625,3.774386519362833e-14,-0.875,0.7172081450518595,0.8003870923547485,0.2857142857142857,0.2857142857142857,0.041666666666666664,False,1.13231595580885e-13
synth-sym-wide,threshold,severity,0.05,jaccard_admitted,0.9,80,-0.1694942325073467,0.05,8.769477004029638e-14,-0.9,0.6325766119845068,0.8003870923547485,0.06451612903225806,0.06451612903225806,0.008333333333333333,False,1.7538954008059276e-13
synth-sym-wide,threshold,severity,0.05,jaccard_admitted,0.8,80,0.1870117870788905,0.8,6.677616193811277e-06,0.6,1.0,0.8003870923547485,0.0,0.0,0.0,False,6.677616193811277e-06
synth-sym-wide,threshold,severity,0.05,f1_sd,0.95,80,0.0070360564241694675,0.2375,3.859199629385935e-06,-0.525,0.031084583888839286,0.024292664003845957,0.2857142857142857,0.2857142857142857,0.041666666666666664,False,7.71839925877187e-06
synth-sym-wide,threshold,severity,0.05,f1_sd,0.9,80,-0.0004460726910644969,0.525,0.5714196885392865,0.05,0.02386423440416064,0.024292664003845957,0.06451612903225806,0.06451612903225806,0.008333333333333333,False,0.5714196885392865
synth-sym-wide,threshold,severity,0.05,f1_sd,0.8,80,-0.020796545442648924,0.9875,9.131533880268768e-15,0.975,0.0,0.024292664003845957,0.0,0.0,0.0,False,2.7394601640806303e-14
synth-sym-wide,threshold,severity,0.1,jaccard_admitted,0.95,80,-0.011387133843040909,0.3875,0.026049216224252002,-0.225,0.6334882479930026,0.6499668238556249,0.2857142857142857,0.2857142857142857,0.041666666666666664,True,0.026049216224252002
synth-sym-wide,threshold,severity,0.1,jaccard_admitted,0.9,80,-0.1345904772425404,0.1625,2.5296826368212382e-11,-0.675,0.5128446115288221,0.6499668238556249,0.06451612903225806,0.06451612903225806,0.008333333333333333,True,7.589047910463714e-11
synth-sym-wide,threshold,severity,0.1,jaccard_admitted,0.8,80,0.2719702402136249,0.775,3.4220708074370994e-10,0.55,0.9,0.6499668238556249,0.0,0.0,0.0,True,6.844141614874199e-10
synth-sym-wide,threshold,severity,0.1,f1_sd,0.95,80,-0.002529371024647245,0.6,0.09994372532655114,0.2,0.03711037699159184,0.04028540729530413,0.2857142857142857,0.2857142857142857,0.041666666666666664,False,0.09994372532655114
synth-sym-wide,threshold,severity,0.1,f1_sd,0.9,80,-0.006464272515063417,0.7875,1.0830998382406814e-08,0.575,0.03260255431675936,0.04028540729530413,0.06451612903225806,0.06451612903225806,0.008333333333333333,False,2.1661996764813627e-08
synth-sym-wide,threshold,severity,0.1,f1_sd,0.8,80,-0.03414791552377698,1.0,7.849526548031477e-15,1.0,0.007331370418032098,0.04028540729530413,0.0,0.0,0.0,False,2.3548579644094432e-14
synth-sym-wide,threshold,severity,0.2,jaccard_admitted,0.95,80,-0.031743692755630326,0.2875,0.00046301232005044877,-0.425,0.5225934615839452,0.5532545628629415,0.2857142857142857,0.2857142857142857,0.041666666666666664,False,0.00046301232005044877
synth-sym-wide,threshold,severity,0.2,jaccard_admitted,0.9,80,-0.1313739969887086,0.15,4.33400046624124e-12,-0.7,0.4310793081187817,0.5532545628629415,0.06451612903225806,0.06451612903225806,0.008333333333333333,False,1.300200139872372e-11
synth-sym-wide,threshold,severity,0.2,jaccard_admitted,0.8,80,0.11230833588874356,0.65,7.816853623237913e-06,0.3,0.6631578947368421,0.5532545628629415,0.0,0.0,0.0,False,1.5633707246475825e-05
synth-sym-wide,threshold,severity,0.2,f1_sd,0.95,80,0.0017927842166216394,0.4,0.16279895785041854,-0.2,0.042168338702559816,0.0411584323148718,0.2857142857142857,0.2857142857142857,0.041666666666666664,False,0.16279895785041854
synth-sym-wide,threshold,severity,0.2,f1_sd,0.9,80,-0.0015882138288530433,0.575,0.03400950821349614,0.15,0.03786526873575102,0.0411584323148718,0.06451612903225806,0.06451612903225806,0.008333333333333333,False,0.06801901642699228
synth-sym-wide,threshold,severity,0.2,f1_sd,0.8,80,-0.028816669059871382,1.0,7.849526548031477e-15,1.0,0.013455453797838088,0.0411584323148718,0.0,0.0,0.0,False,2.3548579644094432e-14
synth-sym-wide,threshold,symmetric,0.05,jaccard_admitted,0.95,80,-0.0808628330439552,0.0875,1.509910709731591e-13,-0.825,0.7183717008554062,0.8003870923547485,0.2857142857142857,0.2857142857142857,0.041666666666666664,False,3.019821419463182e-13
synth-sym-wide,threshold,symmetric,0.05,jaccard_admitted,0.9,80,-0.14486198588101462,0.0625,4.215965322547631e-14,-0.875,0.6472838345864661,0.8003870923547485,0.09523809523809523,0.09523809523809523,0.0125,False,1.2647895967642894e-13
synth-sym-wide,threshold,symmetric,0.05,jaccard_admitted,0.8,80,0.18031399020135808,0.65,0.02132288970655004,0.3,1.0,0.8003870923547485,0.0,0.0,0.0,False,0.02132288970655004
synth-sym-wide,threshold,symmetric,0.05,f1_sd,0.95,80,0.0072317440962903125,0.2625,1.115920103818199e-05,-0.475,0.02998359415165549,0.024292664003845957,0.2857142857142857,0.2857142857142857,0.041666666666666664,False,2.231840207636398e-05
synth-sym-wide,threshold,symmetric,0.05,f1_sd,0.9,80,0.0030683952021769746,0.3875,0.08509359563521411,-0.225,0.027521142899716498,0.024292664003845957,0.09523809523809523,0.09523809523809523,0.0125,False,0.08509359563521411
synth-sym-wide,threshold,symmetric,0.05,f1_sd,0.8,80,-0.019543845137394253,0.95,1.7957546368041127e-14,0.9,0.0,0.024292664003845957,0.0,0.0,0.0,False,5.387263910412338e-14
synth-sym-wide,threshold,symmetric,0.1,jaccard_admitted,0.95,80,-0.0234139678293811,0.3625,0.0037680084004823537,-0.275,0.6269744998112889,0.6499668238556249,0.2857142857142857,0.2857142857142857,0.041666666666666664,False,0.0037680084004823537
synth-sym-wide,threshold,symmetric,0.1,jaccard_admitted,0.9,80,-0.11863827502773938,0.175,2.0783101107976937e-11,-0.65,0.5350375939849623,0.6499668238556249,0.09523809523809523,0.09523809523809523,0.0125,False,6.234930332393082e-11
synth-sym-wide,threshold,symmetric,0.1,jaccard_admitted,0.8,80,0.08188712772057166,0.575,0.00037248913018903803,0.15,0.7263157894736842,0.6499668238556249,0.0,0.0,0.0,False,0.0007449782603780761
synth-sym-wide,threshold,symmetric,0.1,f1_sd,0.95,80,-0.0031569020274219046,0.6125,0.13705468876446839,0.225,0.03768272432095817,0.04028540729530413,0.2857142857142857,0.2857142857142857,0.041666666666666664,False,0.13705468876446839
synth-sym-wide,threshold,symmetric,0.1,f1_sd,0.9,80,-0.006806569330497211,0.75,3.694425363874717e-07,0.5,0.03280039238853928,0.04028540729530413,0.09523809523809523,0.09523809523809523,0.0125,False,7.388850727749434e-07
synth-sym-wide,threshold,symmetric,0.1,f1_sd,0.8,80,-0.02992879964717054,1.0,7.849526548031477e-15,1.0,0.012011395033853222,0.04028540729530413,0.0,0.0,0.0,False,2.3548579644094432e-14
synth-sym-wide,threshold,symmetric,0.2,jaccard_admitted,0.95,80,-0.08057780718563848,0.1125,8.598231693536375e-13,-0.775,0.4757911689522361,0.5532545628629415,0.2857142857142857,0.2857142857142857,0.041666666666666664,False,2.5794695080609125e-12
synth-sym-wide,threshold,symmetric,0.2,jaccard_admitted,0.9,80,-0.11559747252415747,0.15,7.946698796688492e-12,-0.7,0.4369349510138984,0.5532545628629415,0.09523809523809523,0.09523809523809523,0.0125,False,1.5893397593376984e-11
synth-sym-wide,threshold,symmetric,0.2,jaccard_admitted,0.8,80,0.14679032221432448,0.675,1.4206837614503837e-05,0.35,0.7052631578947368,0.5532545628629415,0.0,0.0,0.0,False,1.4206837614503837e-05
synth-sym-wide,threshold,symmetric,0.2,f1_sd,0.95,80,0.0010597187810365977,0.4375,0.10498652980612963,-0.125,0.04326644731869793,0.0411584323148718,0.2857142857142857,0.2857142857142857,0.041666666666666664,False,0.10498652980612963
synth-sym-wide,threshold,symmetric,0.2,f1_sd,0.9,80,-0.0029383845708842553,0.6375,0.0029423444938400023,0.275,0.03816381636658671,0.0411584323148718,0.09523809523809523,0.09523809523809523,0.0125,False,0.0058846889876800045
synth-sym-wide,threshold,symmetric,0.2,f1_sd,0.8,80,-0.02838517558582449,1.0,7.849526548031477e-15,1.0,0.013455453797838088,0.0411584323148718,0.0,0.0,0.0,False,2.3548579644094432e-14
wine,db,severity,0.05,jaccard_admitted,0.95,55,0.014072238909408563,0.5454545454545454,0.0921646261566135,0.09090909090909091,0.751062998766211,0.7046071212388355,0.7692307692307693,1.0256410256410258,0.052,False,0.184329252313227
wine,db,severity,0.05,jaccard_admitted,0.9,55,-0.007815694929644512,0.43636363636363634,0.4508075868857597,-0.12727272727272726,0.7232757287631401,0.7046071212388355,0.7368421052631579,0.9824561403508772,0.045,False,0.4508075868857597
wine,db,severity,0.05,jaccard_admitted,0.8,55,-0.03648600469357688,0.4,0.007337281499297108,-0.2,0.6468836941160785,0.7046071212388355,0.6428571428571428,0.8571428571428572,0.049,False,0.022011844497891325
wine,db,severity,0.05,f1_sd,0.95,55,-0.03687605191201562,0.9818181818181818,1.1705475040576126e-10,0.9636363636363636,0.024516154569598565,0.0637863326894136,0.7692307692307693,1.0256410256410258,0.052,False,3.511642512172838e-10
wine,db,severity,0.05,f1_sd,0.9,55,-0.03694329572800802,0.9818181818181818,1.5414953256310332e-10,0.9636363636363636,0.02051326433839384,0.0637863326894136,0.7368421052631579,0.9824561403508772,0.045,False,3.511642512172838e-10
wine,db,severity,0.05,f1_sd,0.8,55,-0.0388976672764762,0.9818181818181818,1.628408407940846e-10,0.9636363636363636,0.021663375027960143,0.0637863326894136,0.6428571428571428,0.8571428571428572,0.049,False,3.511642512172838e-10
wine,db,severity,0.1,jaccard_admitted,0.95,55,0.003776028862274239,0.509090909090909,0.48155854820050825,0.01818181818181818,0.6567575188179678,0.6420653166579932,0.7692307692307693,1.0256410256410258,0.052,False,0.6960804430737995
wine,db,severity,0.1,jaccard_admitted,0.9,55,-0.009974051246271931,0.4727272727272727,0.34804022153689973,-0.05454545454545454,0.6610222694161875,0.6420653166579932,0.7368421052631579,0.9824561403508772,0.045,False,0.6960804430737995
wine,db,severity,0.1,jaccard_admitted,0.8,55,-0.07249733473122333,0.32727272727272727,0.0002857232956574127,-0.34545454545454546,0.5864068250146213,0.6420653166579932,0.6428571428571428,0.8571428571428572,0.049,False,0.0008571698869722381
wine,db,severity,0.1,f1_sd,0.95,55,-0.030551463407939315,0.9636363636363636,1.3070729488682973e-10,0.9272727272727272,0.03228306569062888,0.06362802843990398,0.7692307692307693,1.0256410256410258,0.052,False,3.511642512172838e-10
wine,db,severity,0.1,f1_sd,0.9,55,-0.03262936779422044,0.9818181818181818,1.3070729488682973e-10,0.9636363636363636,0.02723494204641677,0.06362802843990398,0.7368421052631579,0.9824561403508772,0.045,False,3.511642512172838e-10
wine,db,severity,0.1,f1_sd,0.8,55,-0.03016667165263106,0.9818181818181818,1.1705475040576126e-10,0.9636363636363636,0.02718092474937233,0.06362802843990398,0.6428571428571428,0.8571428571428572,0.049,False,3.511642512172838e-10
wine,db,severity,0.2,jaccard_admitted,0.95,55,-0.050182834768636275,0.2,9.442662350154415e-08,-0.6,0.560324015966116,0.6201622421021575,0.7692307692307693,1.0256410256410258,0.052,False,1.888532470030883e-07
wine,db,severity,0.2,jaccard_admitted,0.9,55,-0.05597534711392904,0.21818181818181817,1.2272945976258558e-06,-0.5636363636363636,0.5474518558331409,0.6201622421021575,0.7368421052631579,0.9824561403508772,0.045,False,1.2272945976258558e-06
wine,db,severity,0.2,jaccard_admitted,0.8,55,-0.12484498829894808,0.09090909090909091,8.175826143119853e-10,-0.8181818181818182,0.4848956498139415,0.6201622421021575,0.6428571428571428,0.8571428571428572,0.049,False,2.452747842935956e-09
wine,db,severity,0.2,f1_sd,0.95,55,-0.009636844838850848,0.8,1.1276954292154035e-06,0.6,0.04170662468016604,0.0526915882061601,0.7692307692307693,1.0256410256410258,0.052,False,1.9026304340225536e-06
wine,db,severity,0.2,f1_sd,0.9,55,-0.012484579251792,0.9090909090909091,1.553750936897389e-08,0.8181818181818182,0.03743351977191107,0.0526915882061601,0.7368421052631579,0.9824561403508772,0.045,False,4.6612528106921674e-08
wine,db,severity,0.2,f1_sd,0.8,55,-0.011747666447295364,0.8363636363636363,9.513152170112768e-07,0.6727272727272727,0.037671594797590705,0.0526915882061601,0.6428571428571428,0.8571428571428572,0.049,False,1.9026304340225536e-06
wine,db,symmetric,0.05,jaccard_admitted,0.95,55,0.011121653474968962,0.5454545454545454,0.11716413250122237,0.09090909090909091,0.7561993686433829,0.7046071212388355,0.753280839895013,1.004374453193351,0.053,False,0.23432826500244475
wine,db,symmetric,0.05,jaccard_admitted,0.9,55,-0.008628970866583652,0.4727272727272727,0.8275520214395649,-0.05454545454545454,0.7480401006654296,0.7046071212388355,0.7277777777777776,0.9703703703703703,0.049,False,0.8275520214395649
wine,db,symmetric,0.05,jaccard_admitted,0.8,55,-0.03309680182053343,0.4,0.005993005839033461,-0.2,0.6594822762594473,0.7046071212388355,0.6585365853658537,0.8780487804878051,0.038,False,0.017979017517100383
wine,db,symmetric,0.05,f1_sd,0.95,55,-0.036305106932711495,0.9818181818181818,1.1705475040576126e-10,0.9636363636363636,0.022951245265057072,0.0637863326894136,0.753280839895013,1.004374453193351,0.053,False,3.511642512172838e-10
wine,db,symmetric,0.05,f1_sd,0.9,55,-0.03663168451544947,0.9636363636363636,1.3810533602194063e-10,0.9272727272727272,0.022629502422519904,0.0637863326894136,0.7277777777777776,0.9703703703703703,0.049,False,3.511642512172838e-10
wine,db,symmetric,0.05,f1_sd,0.8,55,-0.0379651240223759,0.9818181818181818,1.3810533602194063e-10,0.9636363636363636,0.021516826382755806,0.0637863326894136,0.6585365853658537,0.8780487804878051,0.038,False,3.511642512172838e-10
wine,db,symmetric,0.1,jaccard_admitted,0.95,55,-0.004617478260657393,0.4727272727272727,0.8080225190987989,-0.05454545454545454,0.6795655861272083,0.6420653166579932,0.753280839895013,1.004374453193351,0.053,False,1.0
wine,db,symmetric,0.1,jaccard_admitted,0.9,55,-0.0018423885014590136,0.4909090909090909,0.9532310143802237,-0.01818181818181818,0.680087225188526,0.6420653166579932,0.7277777777777776,0.9703703703703703,0.049,False,1.0
wine,db,symmetric,0.1,jaccard_admitted,0.8,55,-0.046493888028135255,0.21818181818181817,2.1576061071343676e-05,-0.5636363636363636,0.5691599552678697,0.6420653166579932,0.6585365853658537,0.8780487804878051,0.038,False,6.472818321403103e-05
wine,db,symmetric,0.1,f1_sd,0.95,55,-0.02843641892809623,0.9636363636363636,1.5414953256310332e-10,0.9272727272727272,0.034731267299070195,0.06362802843990398,0.753280839895013,1.004374453193351,0.053,False,4.377362451572848e-10
wine,db,symmetric,0.1,f1_sd,0.9,55,-0.033797466251402675,0.9818181818181818,1.4591208171909493e-10,0.9636363636363636,0.03000670088316822,0.06362802843990398,0.7277777777777776,0.9703703703703703,0.049,False,4.377362451572848e-10
wine,db,symmetric,0.1,f1_sd,0.8,55,-0.032602264259506866,0.9818181818181818,2.6595682883792645e-10,0.9636363636363636,0.02638982205140382,0.06362802843990398,0.6585365853658537,0.8780487804878051,0.038,False,4.377362451572848e-10
wine,db,symmetric,0.2,jaccard_admitted,0.95,55,-0.0533757653521455,0.21818181818181817,5.432496855317196e-07,-0.5636363636363636,0.5644830304671525,0.6201622421021575,0.753280839895013,1.004374453193351,0.053,False,5.432496855317196e-07
wine,db,symmetric,0.2,jaccard_admitted,0.9,55,-0.0753270491302519,0.14545454545454545,9.506557870909204e-09,-0.7090909090909091,0.5455221978087601,0.6201622421021575,0.7277777777777776,0.9703703703703703,0.049,False,1.901311574181841e-08
wine,db,symmetric,0.2,jaccard_admitted,0.8,55,-0.14320710680435567,0.10909090909090909,4.5572007300236066e-10,-0.7818181818181819,0.4906809673959998,0.6201622421021575,0.6585365853658537,0.8780487804878051,0.038,False,1.367160219007082e-09
wine,db,symmetric,0.2,f1_sd,0.95,55,-0.008536599706094605,0.8,2.027770199939979e-06,0.6,0.044787614517722805,0.0526915882061601,0.753280839895013,1.004374453193351,0.053,False,4.055540399879958e-06
wine,db,symmetric,0.2,f1_sd,0.9,55,-0.01373922993363532,0.9090909090909091,9.988326126002134e-09,0.8181818181818182,0.036076865818090956,0.0526915882061601,0.7277777777777776,0.9703703703703703,0.049,False,2.99649783780064e-08
wine,db,symmetric,0.2,f1_sd,0.8,55,-0.01277186811908354,0.8909090909090909,2.202682656818047e-06,0.7818181818181819,0.03950537957536384,0.0526915882061601,0.6585365853658537,0.8780487804878051,0.038,False,4.055540399879958e-06
wine,threshold,severity,0.05,jaccard_admitted,0.95,55,0.08138516358448378,0.8545454545454545,3.0556063186572866e-08,0.7090909090909091,0.8074444191905095,0.7046071212388355,0.6732673267326733,0.8976897689768979,0.039,False,9.16681895597186e-08
wine,threshold,severity,0.05,jaccard_admitted,0.9,55,0.054759612456708795,0.7272727272727273,0.00010477134927041808,0.45454545454545453,0.794835996239766,0.7046071212388355,0.5675675675675675,0.7567567567567568,0.022,False,0.00020954269854083616
wine,threshold,severity,0.05,jaccard_admitted,0.8,55,-0.0167539698006266,0.4727272727272727,0.24417357261350725,-0.05454545454545454,0.7578130310024557,0.7046071212388355,0.2807017543859649,0.37426900584795325,0.009,False,0.24417357261350725
wine,threshold,severity,0.05,f1_sd,0.95,55,-0.03559041190344005,1.0,1.1076151546135735e-10,1.0,0.022557107731607323,0.0637863326894136,0.6732673267326733,0.8976897689768979,0.039,False,3.3228454638407205e-10
wine,threshold,severity,0.05,f1_sd,0.9,55,-0.029257445398561656,0.9454545454545454,3.484394298247145e-10,0.8909090909090909,0.0252639663157363,0.0637863326894136,0.5675675675675675,0.7567567567567568,0.022,False,6.96878859649429e-10
wine,threshold,severity,0.05,f1_sd,0.8,55,-0.022068617302920875,0.8545454545454545,6.213622306404809e-08,0.7090909090909091,0.0334524694694706,0.0637863326894136,0.2807017543859649,0.37426900584795325,0.009,False,6.213622306404809e-08
wine,threshold,severity,0.1,jaccard_admitted,0.95,55,0.058673850011278894,0.8,7.0922232071804016e-06,0.6,0.7208979328735047,0.6420653166579932,0.6732673267326733,0.8976897689768979,0.039,True,2.1276669621541204e-05
wine,threshold,severity,0.1,jaccard_admitted,0.9,55,0.037740389198080426,0.6363636363636364,0.0008540307975823075,0.2727272727272727,0.7213726242393006,0.6420653166579932,0.5675675675675675,0.7567567567567568,0.022,True,0.001708061595164615
wine,threshold,severity,0.1,jaccard_admitted,0.8,55,-0.0047587952838031855,0.4727272727272727,0.43585897463301204,-0.05454545454545454,0.6938116634827162,0.6420653166579932,0.2807017543859649,0.37426900584795325,0.009,True,0.43585897463301204
wine,threshold,severity,0.1,f1_sd,0.95,55,-0.032686893786147364,1.0,1.1076151546135735e-10,1.0,0.02984418801605668,0.06362802843990398,0.6732673267326733,0.8976897689768979,0.039,False,3.3228454638407205e-10
wine,threshold,severity,0.1,f1_sd,0.9,55,-0.02947345644223246,0.9272727272727272,4.5572007300236066e-10,0.8545454545454545,0.03075030874265038,0.06362802843990398,0.5675675675675675,0.7567567567567568,0.022,False,9.114401460047213e-10
wine,threshold,severity,0.1,f1_sd,0.8,55,-0.021806201728847223,0.8727272727272727,1.2272945976258558e-06,0.7454545454545455,0.03479523099808713,0.06362802843990398,0.2807017543859649,0.37426900584795325,0.009,False,1.2272945976258558e-06
wine,threshold,severity,0.2,jaccard_admitted,0.95,55,-0.005944264242722985,0.43636363636363634,0.9332269909912473,-0.12727272727272726,0.6239251272768124,0.6201622421021575,0.6732673267326733,0.8976897689768979,0.039,False,0.9735848847996933
wine,threshold,severity,0.2,jaccard_admitted,0.9,55,-0.013479501791547888,0.4909090909090909,0.48679244239984665,-0.01818181818181818,0.6471019185882589,0.6201622421021575,0.5675675675675675,0.7567567567567568,0.022,False,0.9735848847996933
wine,threshold,severity,0.2,jaccard_admitted,0.8,55,-0.06672468254793268,0.43636363636363634,0.012830891885118887,-0.12727272727272726,0.6244769411874674,0.6201622421021575,0.2807017543859649,0.37426900584795325,0.009,False,0.03849267565535666
wine,threshold,severity,0.2,f1_sd,0.95,55,-0.012364804619940183,0.8363636363636363,1.1580379721429074e-08,0.6727272727272727,0.03976252611840425,0.0526915882061601,0.6732673267326733,0.8976897689768979,0.039,False,3.474113916428722e-08
wine,threshold,severity,0.2,f1_sd,0.9,55,-0.014012907957995573,0.8545454545454545,4.178446689423965e-07,0.7090909090909091,0.03555103257924308,0.0526915882061601,0.5675675675675675,0.7567567567567568,0.022,False,8.35689337884793e-07
wine,threshold,severity,0.2,f1_sd,0.8,55,-0.006020748092119915,0.6545454545454545,0.01984654535955192,0.3090909090909091,0.043953974351703944,0.0526915882061601,0.2807017543859649,0.37426900584795325,0.009,False,0.01984654535955192
wine,threshold,symmetric,0.05,jaccard_admitted,0.95,55,0.07041469693865476,0.8363636363636363,1.363443822099222e-07,0.6727272727272727,0.8082578707515009,0.7046071212388355,0.7001569858712715,0.9335426478283622,0.037,False,4.0903314662976654e-07
wine,threshold,symmetric,0.05,jaccard_admitted,0.9,55,0.06871800085481339,0.8363636363636363,4.765845233075283e-07,0.6727272727272727,0.8010532918294068,0.7046071212388355,0.5531914893617021,0.7375886524822697,0.023,False,9.531690466150565e-07
wine,threshold,symmetric,0.05,jaccard_admitted,0.8,55,0.020755639910446266,0.5818181818181818,0.2872944427185553,0.16363636363636364,0.7771405627840651,0.7046071212388355,0.2758620689655173,0.3678160919540231,0.01,False,0.2872944427185553
wine,threshold,symmetric,0.05,f1_sd,0.95,55,-0.03467985712317249,0.9818181818181818,1.1705475040576126e-10,0.9636363636363636,0.020097145437732663,0.0637863326894136,0.7001569858712715,0.9335426478283622,0.037,False,3.511642512172838e-10
wine,threshold,symmetric,0.05,f1_sd,0.9,55,-0.031720912004757115,0.9636363636363636,1.5414953256310332e-10,0.9272727272727272,0.02732621013174718,0.0637863326894136,0.5531914893617021,0.7375886524822697,0.023,False,3.511642512172838e-10
wine,threshold,symmetric,0.05,f1_sd,0.8,55,-0.02205639587677306,0.8909090909090909,1.2775985359572319e-08,0.7818181818181819,0.029998427950578756,0.0637863326894136,0.2758620689655173,0.3678160919540231,0.01,False,1.2775985359572319e-08
wine,threshold,symmetric,0.1,jaccard_admitted,0.95,55,0.046677474580845146,0.7272727272727273,5.986949505982064e-05,0.45454545454545453,0.7219371846180074,0.6420653166579932,0.7001569858712715,0.9335426478283622,0.037,False,0.00011973899011964128
wine,threshold,symmetric,0.1,jaccard_admitted,0.9,55,0.06438049188381534,0.7454545454545455,1.596373468066663e-05,0.4909090909090909,0.7545458448298702,0.6420653166579932,0.5531914893617021,0.7375886524822697,0.023,False,4.7891204041999896e-05
wine,threshold,symmetric,0.1,jaccard_admitted,0.8,55,0.005443728106804047,0.509090909090909,0.9933149639519725,0.01818181818181818,0.6842980703507019,0.6420653166579932,0.2758620689655173,0.3678160919540231,0.01,False,0.9933149639519725
wine,threshold,symmetric,0.1,f1_sd,0.95,55,-0.030536186173414172,0.9818181818181818,1.1705475040576126e-10,0.9636363636363636,0.029610999182887142,0.06362802843990398,0.7001569858712715,0.9335426478283622,0.037,False,3.511642512172838e-10
wine,threshold,symmetric,0.1,f1_sd,0.9,55,-0.031053851545076384,0.9454545454545454,2.1400380247110321e-10,0.8909090909090909,0.03123275797001385,0.06362802843990398,0.5531914893617021,0.7375886524822697,0.023,False,4.2800760494220643e-10
wine,threshold,symmetric,0.1,f1_sd,0.8,55,-0.019663078749388795,0.8909090909090909,6.213622306404809e-08,0.7818181818181819,0.035708010742918656,0.06362802843990398,0.2758620689655173,0.3678160919540231,0.01,False,6.213622306404809e-08
wine,threshold,symmetric,0.2,jaccard_admitted,0.95,55,-0.017752282975214917,0.41818181818181815,0.10953144615285881,-0.16363636363636364,0.607908459036813,0.6201622421021575,0.7001569858712715,0.9335426478283622,0.037,False,0.21906289230571763
wine,threshold,symmetric,0.2,jaccard_admitted,0.9,55,-0.015696077267434605,0.45454545454545453,0.6937347839426313,-0.09090909090909091,0.619302617186843,0.6201622421021575,0.5531914893617021,0.7375886524822697,0.023,False,0.6937347839426313
wine,threshold,symmetric,0.2,jaccard_admitted,0.8,55,-0.03062800172561775,0.43636363636363634,0.011126515206275741,-0.12727272727272726,0.6146871094201436,0.6201622421021575,0.2758620689655173,0.3678160919540231,0.01,False,0.03337954561882722
wine,threshold,symmetric,0.2,f1_sd,0.95,55,-0.011906618112235567,0.8363636363636363,5.657575359045293e-08,0.6727272727272727,0.04273515614921177,0.0526915882061601,0.7001569858712715,0.9335426478283622,0.037,False,1.697272607713588e-07
wine,threshold,symmetric,0.2,f1_sd,0.9,55,-0.012679051505904058,0.8181818181818182,1.5630675570951157e-07,0.6363636363636364,0.03966501174552314,0.0526915882061601,0.5531914893617021,0.7375886524822697,0.023,False,3.1261351141902314e-07
wine,threshold,symmetric,0.2,f1_sd,0.8,55,-0.0036986043019454837,0.6181818181818182,0.06288019177830834,0.23636363636363636,0.045844867694334775,0.0526915882061601,0.2758620689655173,0.3678160919540231,0.01,False,0.06288019177830834
