build_seconds,dbcv_leaf,dbcv_status,dbcv_leaf_noisefree,tnc_mean,n_scored_nodes,scored_coverage,zero_embed_nodes,n_leaves,median_leaf_size,min_leaf_size,noise_frac,preclustering_skipped,n_rows,n_features,ari,ami,ari_depth1,exception,degenerate,dataset,arm,trial,p_hierarchical_layers,p_hclust_umap_n_components,p_hclust_min_cluster_size,p_hclust_min_samples,p_umap_n_neighbors,p_umap_min_dist,p_method,p_tsne_perplexity,p_tsne_learning_rate
61.110079288482666,-0.6147317513927963,ok,-0.6204617350938322,0.9686321189692539,3.0,1.0,0.0,2.0,3218.5,1614.0,0.009235031553024473,False,6497.0,11.0,0.9573274660241479,0.9026181596781104,0.9573274660241479,,False,Wine quality (Low),trial,0,3,7,621,592,12,0.07799726016810132,UMAP,,
180.19239830970764,,,,,,,,,,,,,,,,,,timeout,True,Wine quality (Low),trial,1,3,10,1156,80,14,0.09091248360355031,t-SNE,24.43752583889521,298.3168487960615
180.19436025619507,,,,,,,,,,,,,,,,,,timeout,True,Wine quality (Low),trial,2,1,5,1002,183,25,0.3925879806965068,t-SNE,7.090268572399898,611.4694033824239
60.48798418045044,0.00955690820428735,ok,-0.007269718358297922,0.9648572162280485,3.0,1.0,0.0,2.0,1292.0,338.0,0.6022779744497461,True,6497.0,11.0,0.9934043544680482,0.9781394021137231,0.9934043544680482,,True,Wine quality (Low),trial,3,3,11,294,33,42,0.15230688458668534,UMAP,,
46.814127922058105,,degenerate:1_clusters,,0.9806261023207252,1.0,1.0,0.0,1.0,6497.0,6497.0,0.0,True,6497.0,11.0,0.0,0.0,0.0,,True,Wine quality (Low),trial,4,1,11,217,113,16,0.331261142176991,t-SNE,13.318450498648717,969.888781486913
180.19308423995972,,,,,,,,,,,,,,,,,,timeout,True,Wine quality (Low),trial,5,3,7,1264,1191,47,0.04424625102595975,t-SNE,22.49047803602669,278.63554145615694
55.44537854194641,-0.5162881801344488,ok,-0.6347104458028816,0.9535936204265596,3.0,1.0,0.0,2.0,2843.5,1384.0,0.12467292596583038,False,6497.0,11.0,0.9744636395123237,0.9358656939923585,0.9744636395123237,,False,Wine quality (Low),trial,6,1,7,1350,525,11,0.40109849037701983,UMAP,,
89.34849882125854,-0.28192629554436877,ok,-0.5919385929573694,0.9598136456386657,7.0,1.0,0.0,4.0,667.0,400.0,0.42111743881791597,False,6497.0,11.0,0.5061240599645366,0.6215440408570853,0.9621051320452868,,False,Wine quality (Low),trial,7,3,9,340,19,38,0.38563517334297287,UMAP,,
180.14525079727173,,,,,,,,,,,,,,,,,,timeout,True,Wine quality (Low),trial,8,1,2,1405,902,19,0.16259166101337352,t-SNE,26.24967163228772,128.3983034789187
31.591144323349,-0.58763700263628,ok,-0.6179144878438019,0.9050764245462825,3.0,1.0,0.0,2.0,3166.5,1598.0,0.02524241957826689,False,6497.0,11.0,0.9593175697487076,0.9072220280428842,0.9593175697487076,,False,Wine quality (Low),trial,9,2,9,1165,900,27,0.26136641469099703,PCA,,
30.143616914749146,-0.5948429360303513,ok,-0.6091630947906548,0.9114156874011473,3.0,1.0,0.0,2.0,3102.0,1554.0,0.04509773741726951,False,6497.0,11.0,0.9719891866027589,0.9310883376886467,0.9719891866027589,,False,Wine quality (Low),trial,10,2,2,673,217,36,0.4538323976412588,PCA,,
51.11996126174927,-0.5265757671856015,ok,-0.6774505807645632,0.9551670979770804,3.0,1.0,0.0,2.0,2792.0,1437.0,0.14052639679852238,False,6497.0,11.0,0.9691383086614883,0.925698942855382,0.9691383086614883,,False,Wine quality (Low),trial,11,2,8,543,516,6,0.2516400374040883,UMAP,,
108.2583589553833,-0.29864728977674476,ok,-0.5610612605660504,0.9401390993101235,18.0,1.0,0.0,11.0,174.0,81.0,0.41157457287979066,False,6497.0,11.0,0.35544675250814645,0.45016464941229967,0.911361877897442,,False,Wine quality (Low),trial,12,3,5,74,52,34,0.00984610510514955,UMAP,,
83.46320986747742,-0.5840741266385234,ok,-0.5918526062868018,0.9437033803704816,3.0,1.0,0.0,2.0,3146.0,1568.0,0.03155302447283362,False,6497.0,11.0,0.9730132545109507,0.9331037560597069,0.9730132545109507,,False,Wine quality (Low),trial,13,3,9,575,160,50,0.4940702161679752,UMAP,,
71.2408926486969,-0.6353904774795787,ok,-0.6353904774795787,0.9566141806433329,3.0,1.0,0.0,2.0,3248.5,1621.0,0.0,False,6497.0,11.0,0.9608649862567207,0.9098688242612973,0.9608649862567207,,False,Wine quality (Low),trial,14,2,5,845,409,34,0.2722256615844223,UMAP,,
29.238588333129883,,degenerate:1_clusters,,0.9108663756903876,1.0,1.0,0.0,1.0,6497.0,6497.0,0.0,False,6497.0,11.0,0.0,0.0,0.0,,True,Wine quality (Low),trial,15,3,7,1618,1303,24,0.18368944361000789,PCA,,
69.2621591091156,-0.6420149301772833,ok,-0.6379024929281789,0.9493118231243223,3.0,1.0,0.0,2.0,3225.0,1602.0,0.007234108049869171,False,6497.0,11.0,0.971029359989181,0.928965534139035,0.971029359989181,,False,Wine quality (Low),trial,16,2,9,415,222,41,0.39732268205604443,UMAP,,
93.68171191215515,-0.26971669900683537,ok,-0.45148977536414203,0.9375264996294906,26.0,1.0,0.0,20.0,108.0,48.0,0.4597506541480683,False,6497.0,11.0,0.19155319313572147,0.33722741645510557,0.9601758646889669,,False,Wine quality (Low),trial,17,3,4,48,10,29,0.34436534950967673,UMAP,,
90.39139223098755,-0.21728625642971477,ok,-0.3673444522045602,0.8935912349123813,82.0,1.0,0.0,75.0,42.0,22.0,0.4331229798368478,False,6497.0,11.0,0.023473869348307752,0.23307462147722582,0.8962635135735919,,False,Wine quality (Low),trial,18,3,3,22,4,29,0.3172388616175145,UMAP,,
29.232752084732056,-0.27497122372839555,ok,-0.5062616580343257,0.9030533882203997,7.0,1.0,0.0,4.0,591.0,376.0,0.46606125904263507,False,6497.0,11.0,0.586148619671004,0.6515031831082819,0.9562556777908608,,False,Wine quality (Low),trial,19,2,3,178,30,20,0.3214237152952776,PCA,,
72.91531753540039,-0.5589798174688116,ok,-0.6465337415927024,0.9522604661515638,5.0,1.0,0.0,3.0,699.0,433.0,0.07495767277204864,False,6497.0,11.0,0.9373360255248845,0.8265875039840342,0.9595661723870075,,False,Wine quality (Low),trial,20,3,4,329,127,31,0.2163728055902457,UMAP,,
81.51068639755249,-0.3676312524211041,ok,-0.5590551544792912,0.958440605493897,5.0,1.0,0.0,3.0,1597.0,729.0,0.3535477912882869,False,6497.0,11.0,0.6700767683681949,0.7363366768339077,0.9729773169216984,,False,Wine quality (Low),trial,21,3,8,459,24,40,0.44914913340945833,UMAP,,
71.16566228866577,-0.6159444486837187,ok,-0.6211203278965736,0.9506919164154649,3.0,1.0,0.0,2.0,3224.0,1607.0,0.0075419424349699865,False,6497.0,11.0,0.9677688594937949,0.9225750966587192,0.9677688594937949,,False,Wine quality (Low),trial,22,3,10,765,190,45,0.36457622574630894,UMAP,,
92.84359669685364,-0.2703869997387511,ok,-0.5284181292362435,0.9579817978310561,9.0,1.0,0.0,5.0,389.0,251.0,0.446052024011082,False,6497.0,11.0,0.5753318653037327,0.6161815171820342,0.9685123906855376,,False,Wine quality (Low),trial,23,3,6,170,23,38,0.4407807676271433,UMAP,,
33.42349982261658,-0.3401418466303567,ok,-0.5162420335188453,0.9114671232925067,20.0,1.0,0.0,17.0,116.0,37.0,0.355856549176543,False,6497.0,11.0,0.2665154313697537,0.39887765166580863,0.8869897127996036,,False,Wine quality (Low),trial,24,2,3,35,12,22,0.29818767230778764,PCA,,
92.6263165473938,-0.4062299216859493,ok,-0.5291585855924725,0.9593223130415157,9.0,1.0,0.0,5.0,498.0,227.0,0.33661690010774203,False,6497.0,11.0,0.543076649524545,0.607144667928675,0.9601758646889669,,False,Wine quality (Low),trial,25,3,6,225,34,30,0.21774582834198752,UMAP,,
81.32677412033081,-0.2727361789728,ok,-0.5605243860063158,0.9478652772453434,7.0,1.0,0.0,4.0,585.0,339.0,0.5670309373557026,False,6497.0,11.0,0.6086766913566856,0.6780898995761487,0.9662113125837867,,True,Wine quality (Low),trial,26,3,3,149,66,36,0.2887957332693476,UMAP,,
26.78969717025757,-0.40971130068329753,ok,-0.550677045630662,0.9034477233675814,5.0,1.0,0.0,3.0,1415.0,421.0,0.32692011697706636,False,6497.0,11.0,0.7505120308872875,0.7584322740441166,0.968827981802362,,False,Wine quality (Low),trial,27,2,4,348,90,5,0.4361604550111634,PCA,,
180.1393904685974,,,,,,,,,,,,,,,,,,timeout,True,Wine quality (Low),trial,28,3,2,121,14,38,0.3677192425892648,t-SNE,49.432581863151,966.8331206615504
71.71399521827698,-0.6345246311200381,ok,-0.6354048286662897,0.9636187063199957,3.0,1.0,0.0,2.0,3244.0,1620.0,0.0013852547329536709,False,6497.0,11.0,0.9601758646889669,0.9084462443219764,0.9601758646889669,,False,Wine quality (Low),trial,29,3,6,467,278,33,0.12007149479440896,UMAP,,
81.83465194702148,-0.3328853967551984,ok,-0.5163490545708334,0.9565437243932922,7.0,1.0,0.0,4.0,764.5,485.0,0.3664768354625212,False,6497.0,11.0,0.5643603893912743,0.6437544696167627,0.9627451326440611,,False,Wine quality (Low),trial,30,3,6,291,64,27,0.21899066410152196,UMAP,,
57.081302642822266,-0.6049276297166063,ok,-0.6202990546510085,0.9679855827879846,3.0,1.0,0.0,2.0,3168.0,1611.0,0.02478066800061567,False,6497.0,11.0,0.9640500722659741,0.9161332068674278,0.9640500722659741,,False,Wine quality (Low),trial,31,3,3,965,832,13,0.07058660295647845,UMAP,,
76.81338596343994,-0.2097129585956054,ok,-0.4594526176555606,0.9140581484226062,31.0,1.0,0.0,24.0,85.0,41.0,0.5391719255040788,False,6497.0,11.0,0.0708932888935885,0.2777300973211349,0.8521544372113952,,True,Wine quality (Low),trial,32,3,3,40,34,9,0.08024308893683779,UMAP,,
85.22770619392395,,degenerate:1_clusters,,0.9808985201971522,1.0,1.0,0.0,1.0,6497.0,6497.0,0.0,False,6497.0,11.0,0.0,0.0,0.0,,True,Wine quality (Low),trial,33,3,4,1019,728,16,0.4936367428764892,t-SNE,46.9634642718228,621.9062691607955
72.45258688926697,-0.634469673120581,ok,-0.635349794430397,0.9622326810277286,3.0,1.0,0.0,2.0,3244.0,1617.0,0.0013852547329536709,False,6497.0,11.0,0.9621071048315759,0.9119227565194612,0.9621071048315759,,False,Wine quality (Low),trial,34,3,2,1583,910,44,0.11354518097176167,UMAP,,
60.89077401161194,-0.6338256001514765,ok,-0.6205286235361829,0.9697522437509432,3.0,1.0,0.0,2.0,3241.0,1613.0,0.0023087578882561182,False,6497.0,11.0,0.9581841816713191,0.9040385605045981,0.9581841816713191,,False,Wine quality (Low),trial,35,1,5,249,24,14,0.004685623933390323,UMAP,,
