build_seconds,dbcv_leaf,dbcv_status,dbcv_leaf_noisefree,tnc_mean,n_scored_nodes,scored_coverage,zero_embed_nodes,n_leaves,median_leaf_size,min_leaf_size,noise_frac,preclustering_skipped,n_rows,n_features,ari,ami,ari_depth1,exception,degenerate,dataset,arm,trial,p_hierarchical_layers,p_hclust_umap_n_components,p_hclust_min_cluster_size,p_hclust_min_samples,p_umap_n_neighbors,p_umap_min_dist,p_method,p_tsne_perplexity,p_tsne_learning_rate,p_mds_n_init,p_mds_max_iter
29.811495780944824,-0.5078472573297687,ok,-0.6995793208319979,0.9551700861506521,6,1.0,0,4,335.0,183,0.2938230383973289,False,1797,64,0.5300130427819856,0.7141781244727767,0.21093142441894303,,False,Digits (Low),trial,0,3,39,181,173,12,0.07799726016810132,UMAP,,,,
31.855974197387695,-0.20191469032575576,ok,-0.2782060432992093,0.9159277629188136,20,1.0,0,14,83.0,34,0.1864218141346689,False,1797,64,0.8797101719856284,0.9128906338130507,0.7958208455030199,,False,Digits (Low),trial,1,3,15,30,29,13,0.09170225492671691,UMAP,,,,
26.313628435134888,,degenerate:1_clusters,,0.9828707246039998,1,1.0,0,1,1797.0,1797,0.0,False,1797,64,0.0,0.0,0.0,,True,Digits (Low),trial,2,1,25,283,52,25,0.3925879806965068,t-SNE,32.339518335564726,178.8188824504186,,
18.02899432182312,-0.2434585153231454,ok,-0.2603310816678659,0.8780476879386211,13,1.0,0,11,171.0,58,0.07401224262659989,False,1797,64,0.9158159001903908,0.9320672510567507,0.8570123158512171,,False,Digits (Low),trial,3,3,52,49,47,19,0.048836057003191935,PCA,,,,
41.88851594924927,-0.23068028385039224,ok,-0.20754360727780058,0.8513541492838967,11,1.0,0,10,174.0,57,0.05230940456316082,False,1797,64,0.8579540220995997,0.906821094641845,0.8579540220995997,,False,Digits (Low),trial,4,1,43,36,33,19,0.2600340105889054,t-SNE,47.27745237038851,895.8790769233724,,
25.265775203704834,,degenerate:1_clusters,,0.9834104022499219,1,1.0,0,1,1797.0,1797,0.0,False,1797,64,0.0,0.0,0.0,,True,Digits (Low),trial,5,1,14,277,256,7,0.16266516538163217,t-SNE,17.642052935932135,547.269122326666,,
19.92625904083252,,degenerate:1_clusters,,0.9773374434673063,1,1.0,0,1,1797.0,1797,0.0,True,1797,64,0.0,0.0,0.0,,True,Digits (Low),trial,6,1,64,81,66,40,0.0993578407670862,UMAP,,,,
15.40017557144165,,degenerate:1_clusters,,0.8804046129834691,1,1.0,0,1,1797.0,1797,0.0,False,1797,64,0.0,0.0,0.0,,True,Digits (Low),trial,7,2,9,351,42,44,0.31164906341377896,PCA,,,,
24.98495101928711,,degenerate:1_clusters,,0.9838271163574306,1,1.0,0,1,1797.0,1797,0.0,False,1797,64,0.0,0.0,0.0,,True,Digits (Low),trial,8,3,31,333,218,10,0.3566223936114975,t-SNE,28.522977322189732,433.26560817496414,,
17.162781715393066,-0.2730034461726174,ok,-0.2980146595327233,0.8742189463230505,12,1.0,0,11,175.0,64,0.02949360044518642,False,1797,64,0.8848234031683022,0.908563359913769,0.8848234031683022,,False,Digits (Low),trial,9,1,42,32,5,19,0.2542853455823514,PCA,,,,
65.23779225349426,,degenerate:1_clusters,,0.9129558557304867,1,1.0,0,1,1797.0,1797,0.0,False,1797,64,0.0,0.0,0.0,,True,Digits (Low),trial,10,2,3,429,181,34,0.4538323976412588,MDS,,,2.0,275.0
28.496743202209473,-0.4549766545909393,ok,-0.45986994092809474,0.9376946413343974,10,1.0,0,8,182.0,161,0.04952698942682248,False,1797,64,0.7688281850091738,0.8685626570393167,0.6672361402843698,,False,Digits (Low),trial,11,3,20,147,102,12,0.015623271768194197,UMAP,,,,
32.879576206207275,-0.45005856311562475,ok,-0.5329333569733313,0.9405118311119561,9,1.0,0,7,185.0,165,0.06399554813578186,False,1797,64,0.646225683653654,0.8247445462941048,0.4059948287352555,,False,Digits (Low),trial,12,2,21,149,103,27,0.00657214360076544,UMAP,,,,
38.95064616203308,-0.41584220007720596,ok,-0.45821032582350235,0.9405497478415984,9,1.0,0,7,182.0,165,0.07623817473567056,False,1797,64,0.6567964395872592,0.833880079525846,0.10696529082367325,,False,Digits (Low),trial,13,2,16,139,78,30,0.13285930135494195,UMAP,,,,
57.68825674057007,-0.3125332846957374,ok,-0.34298140561290374,0.8277032693037084,10,1.0,0,8,183.5,167,0.08569838619922092,False,1797,64,0.7951229180858965,0.8805193834368379,0.10767395745509022,,False,Digits (Low),trial,14,2,4,106,47,50,0.1599098464439931,MDS,,,4.0,61.0
30.805740356445312,-0.4388945973935968,ok,-0.6910434755436309,0.9563693115557104,4,1.0,0,3,370.0,283,0.36505286588759045,False,1797,64,0.44118766986489877,0.637942825098328,0.44118766986489877,,False,Digits (Low),trial,15,3,30,199,94,30,0.16042508930990854,UMAP,,,,
32.650806188583374,-0.33501454757929977,ok,-0.557426983333335,0.9507843310723799,4,1.0,0,3,350.0,254,0.3989983305509182,False,1797,64,0.457556168259626,0.6687319932461921,0.457556168259626,,False,Digits (Low),trial,16,3,30,244,73,37,0.21528986231941083,UMAP,,,,
71.91355204582214,-0.4898484764588338,ok,-0.6251830342304859,0.915918963436879,4,1.0,0,3,494.0,387,0.216471897607123,False,1797,64,0.3868719934462586,0.5958602923719143,0.3868719934462586,,False,Digits (Low),trial,17,3,10,238,70,5,0.23891287001945344,MDS,,,1.0,295.0
25.821162700653076,,degenerate:1_clusters,,0.9775993637695033,1,1.0,0,1,1797.0,1797,0.0,False,1797,64,0.0,0.0,0.0,,True,Digits (Low),trial,18,3,32,407,120,38,0.21121758157520365,UMAP,,,,
51.52510356903076,-0.4467713643160042,ok,-0.48776954451898474,0.9391627772785744,8,1.0,0,5,178.0,153,0.11686143572621036,False,1797,64,0.3159794184169484,0.693898641598674,0.04692817899231349,,False,Digits (Low),trial,19,3,63,91,74,49,0.4739252807798371,UMAP,,,,
18.526662349700928,-0.5804648762518252,ok,-0.8424102567468424,0.8851715592589428,3,1.0,0,2,692.5,381,0.22927100723427934,False,1797,64,0.15446846889712595,0.37638576956561604,0.15446846889712595,,False,Digits (Low),trial,20,2,53,372,118,23,0.09080081033882638,PCA,,,,
34.75669980049133,-0.46428188220692646,ok,-0.7195063682521579,0.9599667312898645,5,1.0,0,3,392.0,336,0.3578185865331107,False,1797,64,0.41520345527541963,0.6152194488249789,0.15288933280477934,,False,Digits (Low),trial,21,3,30,212,113,34,0.19413263495584415,UMAP,,,,
27.118548154830933,,degenerate:1_clusters,,0.9770964049447179,1,1.0,0,1,1797.0,1797,0.0,False,1797,64,0.0,0.0,0.0,,True,Digits (Low),trial,22,3,25,234,190,35,0.1990488192417117,UMAP,,,,
28.612335443496704,-0.5536009458053858,ok,-0.7352704357814326,0.9704417298284881,3,1.0,0,2,676.5,358,0.24707846410684475,False,1797,64,0.14846614129218114,0.3757722853549235,0.14846614129218114,,False,Digits (Low),trial,23,3,12,302,190,15,0.057772650047188255,UMAP,,,,
31.030786275863647,-0.3053945071612322,ok,-0.5196912209931196,0.9564549338972135,4,1.0,0,3,296.0,265,0.41235392320534225,False,1797,64,0.39527258779334035,0.5460587821250842,0.39527258779334035,,False,Digits (Low),trial,24,3,37,219,14,44,0.11768326154018607,UMAP,,,,
25.897983074188232,,degenerate:1_clusters,,0.9787528126757556,1,1.0,0,1,1797.0,1797,0.0,False,1797,64,0.0,0.0,0.0,,True,Digits (Low),trial,25,3,50,319,192,17,0.12142413172009708,UMAP,,,,
54.11798930168152,,degenerate:1_clusters,,0.8378909964857073,1,1.0,0,1,1797.0,1797,0.0,False,1797,64,0.0,0.0,0.0,,True,Digits (Low),trial,26,3,37,295,217,14,0.06201018552903549,MDS,,,4.0,103.0
22.288296461105347,,degenerate:1_clusters,,0.9773017242227551,1,1.0,0,1,1797.0,1797,0.0,False,1797,64,0.0,0.0,0.0,,True,Digits (Low),trial,27,2,49,449,38,8,0.05352564299065441,UMAP,,,,
40.605509519577026,-0.5276495877648488,ok,-0.6407275472044643,0.9470162886697743,6,1.0,0,4,201.5,178,0.15247634947134112,False,1797,64,0.25672282863332463,0.6077506863503228,0.10696529082367325,,False,Digits (Low),trial,28,3,60,173,173,44,0.12403030220985878,UMAP,,,,
28.84576416015625,-0.49878700520956465,ok,-0.5135580773073841,0.9297856884345983,10,1.0,0,9,179.0,145,0.004451864218141347,False,1797,64,0.77567244098897,0.8608757608237754,0.77567244098897,,False,Digits (Low),trial,29,3,37,118,25,13,0.03276543644874262,UMAP,,,,
29.671164512634277,-0.253107018623878,ok,-0.2676200151053123,0.9242944320311693,12,1.0,0,10,174.0,89,0.09181969949916527,False,1797,64,0.9143950603828102,0.9283266597809455,0.7922088298384837,,False,Digits (Low),trial,30,3,56,78,30,15,0.08492822780595116,UMAP,,,,
30.194844245910645,-0.3339868048355229,ok,-0.36265845838164956,0.9231551848029835,18,1.0,0,14,96.0,66,0.04618809126321647,False,1797,64,0.8024787617766791,0.8740060755727195,0.8714618894581584,,False,Digits (Low),trial,31,3,56,60,4,16,0.0734944053373264,UMAP,,,,
38.41005778312683,-0.381992952875492,ok,-0.39759213752739786,0.7878434158196187,12,1.0,0,10,175.5,93,0.05787423483583751,False,1797,64,0.8830795277867005,0.9072353085005458,0.7869523639527366,,False,Digits (Low),trial,32,3,44,77,18,22,0.08875703623612385,t-SNE,6.080298163355547,933.1962139801016,,
17.106109619140625,-0.5971618290900891,ok,-0.8330797012707583,0.8853149387009029,3,1.0,0,2,712.0,404,0.20756816917084028,False,1797,64,0.14844573819802376,0.35123897171585683,0.14844573819802376,,False,Digits (Low),trial,33,3,25,385,148,45,0.14658382968575862,PCA,,,,
38.5031521320343,-0.11255947959353621,ok,-0.1531327573558401,0.8970326861822098,31,1.0,0,22,52.5,25,0.226488592097941,False,1797,64,0.7015961910701657,0.8397644302517643,0.8151119056048324,,False,Digits (Low),trial,34,3,47,25,9,28,0.09547059662096499,UMAP,,,,
48.40997648239136,-0.07330555181836848,ok,-0.10502631834939388,0.823980111577255,25,1.0,0,18,51.5,26,0.3021702838063439,False,1797,64,0.7947936220725028,0.870985140358333,0.8187291827275042,,False,Digits (Low),trial,35,3,41,25,13,41,0.10843933960939565,t-SNE,45.92218024210986,113.49962771096142,,
44.665698766708374,-0.14738977436453826,ok,-0.18722245034068188,0.9291708655741869,21,1.0,0,15,78.0,27,0.21925431274346133,False,1797,64,0.8593661696862523,0.9055206241862516,0.8346492483724027,,False,Digits (Low),trial,36,2,47,26,23,27,0.11452032307263516,t-SNE,48.71395047975798,18.10411972932438,,
51.55931758880615,-0.29494333845051374,ok,-0.308009571497238,0.9347900177754017,14,1.0,0,11,166.0,51,0.09293266555370061,False,1797,64,0.8184172786067362,0.88063202876657,0.10696529082367325,,False,Digits (Low),trial,37,2,45,23,20,29,0.2979814200796254,t-SNE,47.945878671685165,38.42781118434104,,
40.34785723686218,-0.6276859676260357,ok,-0.6276859676260357,0.9495112504534517,4,1.0,0,3,183.0,178,0.0,False,1797,64,0.10767395745509022,0.42881502477939476,0.10767395745509022,,False,Digits (Low),trial,38,1,47,59,52,23,0.17759074024558857,t-SNE,40.67864166835609,42.79691943481413,,
41.2144136428833,-0.2576860098176845,ok,-0.29220951673681617,0.8934626504412015,17,1.0,0,13,134.0,48,0.1335559265442404,False,1797,64,0.8469643220321508,0.894626928113397,0.8181211176980555,,False,Digits (Low),trial,39,2,41,41,21,26,0.11375233765307799,t-SNE,38.35997130099707,286.1322657406867,,
