dataset,method,seed,layers,region,region_def,cond,n,k,trustworthiness,continuity,mrre_false,mrre_missing,stress
Concentric rings (Low),UMAP,0,2,leaf0,hier_leaf,hier,21,10,0.9393939393939393,0.9575757575757576,0.91324200913242,0.9165461115774559,1.7089456596252528
Concentric rings (Low),UMAP,0,2,leaf0,hier_leaf,flat,21,10,0.9670995670995671,0.9593073593073592,0.9308315707201243,0.9238738198571029,0.3937595904872451
Concentric rings (Low),UMAP,0,2,leaf1,hier_leaf,hier,42,20,0.9739130434782608,0.9841614906832299,0.9478710102700854,0.9480658603357199,1.4915678637026188
Concentric rings (Low),UMAP,0,2,leaf1,hier_leaf,flat,42,20,0.9905797101449275,0.987888198757764,0.9583049288952342,0.955108479837855,0.6797974162581492
Concentric rings (Low),UMAP,0,2,leaf2,hier_leaf,hier,50,20,0.9856410256410255,0.9883589743589744,0.9517929032226555,0.9608827998268841,8.348238020800773
Concentric rings (Low),UMAP,0,2,leaf2,hier_leaf,flat,50,20,0.9922051282051284,0.9917435897435897,0.9620310357616784,0.9641302392441823,2.5341127236629055
Concentric rings (Low),UMAP,0,2,leaf3,hier_leaf,hier,39,19,0.9824561403508769,0.9775978407557352,0.9472108585347538,0.9438548303190243,10.339268258080116
Concentric rings (Low),UMAP,0,2,leaf3,hier_leaf,flat,39,19,0.9913630229419701,0.9832658569500674,0.9237571853752715,0.9226685207921624,2.3944831653402665
Concentric rings (Low),UMAP,0,2,leaf4,hier_leaf,hier,28,13,0.9539835164835165,0.9787087912087912,0.9108941221976928,0.9312036821628291,4.702877061367003
Concentric rings (Low),UMAP,0,2,leaf4,hier_leaf,flat,28,13,0.9347527472527474,0.9158653846153848,0.8947205581618011,0.8893091572678985,3.675092240142051
Concentric rings (Low),UMAP,0,2,leaf5,hier_leaf,hier,23,11,0.9664031620553359,0.9690382081686428,0.9156961287113426,0.9163502490448742,3.9341776144005354
Concentric rings (Low),UMAP,0,2,leaf5,hier_leaf,flat,23,11,0.9960474308300394,0.9967061923583662,0.9493214126886231,0.9530935967240474,0.8812398147901009
Concentric rings (Low),UMAP,0,2,leaf6,hier_leaf,hier,53,20,0.991446540880503,0.9932075471698113,0.964501176355377,0.9668958900692894,4.453984851462909
Concentric rings (Low),UMAP,0,2,leaf6,hier_leaf,flat,53,20,0.988888888888889,0.990188679245283,0.9629253181652303,0.9622931004882693,1.6332670493521595
Concentric rings (Low),UMAP,0,2,class0,gt_class,hier,94,20,0.9883648852404088,0.9725079577818729,0.9756581327682016,0.9693099168539527,9.303033773386915
Concentric rings (Low),UMAP,0,2,class0,gt_class,flat,94,20,0.991020271402245,0.9540794102864801,0.9739950809132799,0.9611113387800472,4.1835541689150455
Concentric rings (Low),UMAP,0,2,class1,gt_class,hier,118,20,0.9916900726392253,0.9522421307506052,0.9827885905041953,0.969347401653296,4.28211149966334
Concentric rings (Low),UMAP,0,2,class1,gt_class,flat,118,20,0.9910169491525422,0.9499709443099273,0.9827621870091006,0.9673723454674897,3.6697302223330697
Concentric rings (Low),UMAP,0,2,class2,gt_class,hier,88,20,0.9964426877470355,0.9964723320158103,0.9862227341872679,0.9861370767351674,0.7971384690217135
Concentric rings (Low),UMAP,0,2,class2,gt_class,flat,88,20,0.9900691699604742,0.9825790513833993,0.9796103075309727,0.9747403713721673,0.6804274577446687
Concentric rings (Low),UMAP,1,2,leaf0,hier_leaf,hier,21,10,0.9428571428571427,0.9593073593073592,0.9183410429057052,0.9206386060344732,1.4940070388357876
Concentric rings (Low),UMAP,1,2,leaf0,hier_leaf,flat,21,10,0.9766233766233766,0.9861471861471861,0.9245635565579843,0.9287308929751464,0.16177241316739457
Concentric rings (Low),UMAP,1,2,leaf1,hier_leaf,hier,42,20,0.974327122153209,0.9831262939958592,0.9485107066433033,0.9536733613657337,1.2766702086295907
Concentric rings (Low),UMAP,1,2,leaf1,hier_leaf,flat,42,20,0.978985507246377,0.9813664596273293,0.9629922809490608,0.9622556322134347,0.4858009860537919
Concentric rings (Low),UMAP,1,2,leaf2,hier_leaf,hier,50,20,0.9823589743589745,0.9897948717948718,0.9588679827535338,0.9635283684650081,8.123520402488555
Concentric rings (Low),UMAP,1,2,leaf2,hier_leaf,flat,50,20,0.9947179487179488,0.9962564102564102,0.9633391874702236,0.9670285695039318,2.7367280794227313
Concentric rings (Low),UMAP,1,2,leaf3,hier_leaf,hier,39,19,0.9831309041835359,0.985425101214575,0.9476797683362628,0.9494986847042373,9.474506951702232
Concentric rings (Low),UMAP,1,2,leaf3,hier_leaf,flat,39,19,0.9874493927125503,0.9882591093117407,0.9288925063305812,0.9321923489889875,3.261881485466771
Concentric rings (Low),UMAP,1,2,leaf4,hier_leaf,hier,28,13,0.9505494505494506,0.9776785714285715,0.9155960843085706,0.9279647248449949,4.250799938031109
Concentric rings (Low),UMAP,1,2,leaf4,hier_leaf,flat,28,13,0.9793956043956044,0.9587912087912089,0.9489237973043919,0.9461611599241643,3.257846286251805
Concentric rings (Low),UMAP,1,2,leaf5,hier_leaf,hier,23,11,0.9538866930171277,0.9650856389986824,0.9236706731109842,0.918927795754616,3.764867116409531
Concentric rings (Low),UMAP,1,2,leaf5,hier_leaf,flat,23,11,0.9940711462450593,0.994729907773386,0.9349230902893007,0.9378690710304269,0.8490226340303653
Concentric rings (Low),UMAP,1,2,leaf6,hier_leaf,hier,53,20,0.9882599580712789,0.990859538784067,0.9631757036074706,0.9646523585988172,3.9701366128872975
Concentric rings (Low),UMAP,1,2,leaf6,hier_leaf,flat,53,20,0.9861215932914046,0.9873794549266246,0.9662920273952361,0.9658443532927136,2.070255197822635
Concentric rings (Low),UMAP,1,2,class0,gt_class,hier,94,20,0.988892611827777,0.9537946054615514,0.9774142031879024,0.9652799682337633,10.061826413208232
Concentric rings (Low),UMAP,1,2,class0,gt_class,flat,94,20,0.9910454012397388,0.9803065840174235,0.9746844401063466,0.9714992170419747,3.9176666507846196
Concentric rings (Low),UMAP,1,2,class1,gt_class,hier,118,20,0.990179176755448,0.9588910411622277,0.9828283472737374,0.971127756466374,4.339155192100956
Concentric rings (Low),UMAP,1,2,class1,gt_class,flat,118,20,0.9898353510895884,0.9492300242130751,0.9829240839039755,0.9676641105118591,3.637839198798798
Concentric rings (Low),UMAP,1,2,class2,gt_class,hier,88,20,0.9970355731225297,0.997322134387352,0.9845256854430283,0.98454427372501,0.723318198367226
Concentric rings (Low),UMAP,1,2,class2,gt_class,flat,88,20,0.9862747035573122,0.9615217391304348,0.9793148633418948,0.9691348995305333,1.041979002493618
Concentric rings (Low),t-SNE,0,2,leaf0,hier_leaf,hier,21,10,0.45281385281385284,0.45714285714285713,0.4663117626897521,0.46684841356306417,159.25104644928754
Concentric rings (Low),t-SNE,0,2,leaf0,hier_leaf,flat,21,10,0.9939393939393939,0.993939393939394,0.9817113464663964,0.9806010489781096,2.085343694643244
Concentric rings (Low),t-SNE,0,2,leaf1,hier_leaf,hier,42,20,0.9755693581780537,0.9713250517598345,0.878961098376316,0.8380921285588859,46.993196555793666
Concentric rings (Low),t-SNE,0,2,leaf1,hier_leaf,flat,42,20,0.9896480331262939,0.9885093167701863,0.9805893398845953,0.9791266405216968,3.468019837611283
Concentric rings (Low),t-SNE,0,2,leaf2,hier_leaf,hier,50,20,0.9898974358974358,0.9900000000000001,0.9190069321823786,0.8915230739278899,120.05179528111928
Concentric rings (Low),t-SNE,0,2,leaf2,hier_leaf,flat,50,20,0.9976923076923078,0.9976410256410257,0.9803832710553919,0.9794991372477467,6.828877503352427
Concentric rings (Low),t-SNE,0,2,leaf3,hier_leaf,hier,39,19,0.9608636977058029,0.9646423751686911,0.8602876464612385,0.8133464706314086,250.2866057248357
Concentric rings (Low),t-SNE,0,2,leaf3,hier_leaf,flat,39,19,0.9974358974358976,0.9967611336032388,0.9733888054317253,0.9729818284790497,7.048924409717686
Concentric rings (Low),t-SNE,0,2,leaf4,hier_leaf,hier,28,13,0.4989697802197801,0.4787087912087912,0.4986697390526569,0.5264486081468062,134.36881236997633
Concentric rings (Low),t-SNE,0,2,leaf4,hier_leaf,flat,28,13,0.9948489010989011,0.993131868131868,0.963540741456778,0.9633390785628005,4.201811183609778
Concentric rings (Low),t-SNE,0,2,leaf5,hier_leaf,hier,23,11,0.5494071146245059,0.590250329380764,0.5218464880782365,0.5437914779595845,55.77439442024034
Concentric rings (Low),t-SNE,0,2,leaf5,hier_leaf,flat,23,11,0.9986824769433464,0.9986824769433464,0.9818716287214105,0.9819160632887447,3.84509956283627
Concentric rings (Low),t-SNE,0,2,leaf6,hier_leaf,hier,53,20,0.9877568134171908,0.9901048218029348,0.9198664489597514,0.9001988551147139,109.5727584420071
Concentric rings (Low),t-SNE,0,2,leaf6,hier_leaf,flat,53,20,0.99874213836478,0.9987002096436058,0.9877434059216572,0.98802810391581,4.78116071256831
Concentric rings (Low),t-SNE,0,2,class0,gt_class,hier,94,20,0.9989780532752556,0.9991037024627241,0.9900281093145015,0.990428415233056,5.657956775216946
Concentric rings (Low),t-SNE,0,2,class0,gt_class,flat,94,20,0.999112079075222,0.9991958452002013,0.989233319613746,0.9891639140964439,6.930581404278661
Concentric rings (Low),t-SNE,0,2,class1,gt_class,hier,118,20,0.9995254237288136,0.9994769975786926,0.9924504473580235,0.9923796626083016,2.3902948267002726
Concentric rings (Low),t-SNE,0,2,class1,gt_class,flat,118,20,0.9967506053268764,0.964818401937046,0.9927015272723013,0.9801388495544251,6.8496606788559244
Concentric rings (Low),t-SNE,0,2,class2,gt_class,hier,88,20,0.9967490118577076,0.9964920948616601,0.9694503318675204,0.9636622080370034,21.64678742882147
Concentric rings (Low),t-SNE,0,2,class2,gt_class,flat,88,20,0.9922332015810277,0.9488241106719367,0.9887871058644054,0.9721773461019635,5.4134677920225265
Concentric rings (Low),t-SNE,1,2,leaf0,hier_leaf,hier,21,10,0.45281385281385284,0.45714285714285713,0.4663117626897521,0.46684841356306417,159.25104644928754
Concentric rings (Low),t-SNE,1,2,leaf0,hier_leaf,flat,21,10,0.9939393939393939,0.993939393939394,0.9817113464663964,0.9806010489781096,2.085343694643244
Concentric rings (Low),t-SNE,1,2,leaf1,hier_leaf,hier,42,20,0.9755693581780537,0.9713250517598345,0.878961098376316,0.8380921285588859,46.993196555793666
Concentric rings (Low),t-SNE,1,2,leaf1,hier_leaf,flat,42,20,0.9896480331262939,0.9885093167701863,0.9805893398845953,0.9791266405216968,3.468019837611283
Concentric rings (Low),t-SNE,1,2,leaf2,hier_leaf,hier,50,20,0.9898974358974358,0.9900000000000001,0.9190069321823786,0.8915230739278899,120.05179528111928
Concentric rings (Low),t-SNE,1,2,leaf2,hier_leaf,flat,50,20,0.9976923076923078,0.9976410256410257,0.9803832710553919,0.9794991372477467,6.828877503352427
Concentric rings (Low),t-SNE,1,2,leaf3,hier_leaf,hier,39,19,0.9608636977058029,0.9646423751686911,0.8602876464612385,0.8133464706314086,250.2866057248357
Concentric rings (Low),t-SNE,1,2,leaf3,hier_leaf,flat,39,19,0.9974358974358976,0.9967611336032388,0.9733888054317253,0.9729818284790497,7.048924409717686
Concentric rings (Low),t-SNE,1,2,leaf4,hier_leaf,hier,28,13,0.4989697802197801,0.4787087912087912,0.4986697390526569,0.5264486081468062,134.36881236997633
Concentric rings (Low),t-SNE,1,2,leaf4,hier_leaf,flat,28,13,0.9948489010989011,0.993131868131868,0.963540741456778,0.9633390785628005,4.201811183609778
Concentric rings (Low),t-SNE,1,2,leaf5,hier_leaf,hier,23,11,0.5494071146245059,0.590250329380764,0.5218464880782365,0.5437914779595845,55.77439442024034
Concentric rings (Low),t-SNE,1,2,leaf5,hier_leaf,flat,23,11,0.9986824769433464,0.9986824769433464,0.9818716287214105,0.9819160632887447,3.84509956283627
Concentric rings (Low),t-SNE,1,2,leaf6,hier_leaf,hier,53,20,0.9877568134171908,0.9901048218029348,0.9198664489597514,0.9001988551147139,109.5727584420071
Concentric rings (Low),t-SNE,1,2,leaf6,hier_leaf,flat,53,20,0.99874213836478,0.9987002096436058,0.9877434059216572,0.98802810391581,4.78116071256831
Concentric rings (Low),t-SNE,1,2,class0,gt_class,hier,94,20,0.9989780532752556,0.9991037024627241,0.9900281093145015,0.990428415233056,5.657956775216946
Concentric rings (Low),t-SNE,1,2,class0,gt_class,flat,94,20,0.999112079075222,0.9991958452002013,0.989233319613746,0.9891639140964439,6.930581404278661
Concentric rings (Low),t-SNE,1,2,class1,gt_class,hier,118,20,0.9995254237288136,0.9994769975786926,0.9924504473580235,0.9923796626083016,2.3902948267002726
Concentric rings (Low),t-SNE,1,2,class1,gt_class,flat,118,20,0.9967506053268764,0.964818401937046,0.9927015272723013,0.9801388495544251,6.8496606788559244
Concentric rings (Low),t-SNE,1,2,class2,gt_class,hier,88,20,0.9967490118577076,0.9964920948616601,0.9694503318675204,0.9636622080370034,21.64678742882147
Concentric rings (Low),t-SNE,1,2,class2,gt_class,flat,88,20,0.9922332015810277,0.9488241106719367,0.9887871058644054,0.9721773461019635,5.4134677920225265
Concentric rings (Low),PCA,0,2,leaf0,hier_leaf,hier,21,10,1.0,1.0,1.0,1.0,2.7302942639361154e-15
Concentric rings (Low),PCA,0,2,leaf0,hier_leaf,flat,21,10,1.0,1.0,1.0,1.0,3.3144080524581207e-15
Concentric rings (Low),PCA,0,2,leaf1,hier_leaf,hier,42,20,1.0,1.0,1.0,1.0,9.85581639442101e-16
Concentric rings (Low),PCA,0,2,leaf1,hier_leaf,flat,42,20,1.0,1.0,1.0,1.0,1.0571505405822114e-15
Concentric rings (Low),PCA,0,2,leaf2,hier_leaf,hier,50,20,1.0,1.0,1.0,1.0,5.826512077983566e-16
Concentric rings (Low),PCA,0,2,leaf2,hier_leaf,flat,50,20,1.0,1.0,1.0,1.0,8.936711543632766e-16
Concentric rings (Low),PCA,0,2,leaf3,hier_leaf,hier,39,19,1.0,1.0,1.0,1.0,3.447089582358541e-16
Concentric rings (Low),PCA,0,2,leaf3,hier_leaf,flat,39,19,1.0,1.0,1.0,1.0,4.0403942108435914e-16
Concentric rings (Low),PCA,0,2,leaf4,hier_leaf,hier,28,13,1.0,1.0,1.0,1.0,1.3305593775809943e-15
Concentric rings (Low),PCA,0,2,leaf4,hier_leaf,flat,28,13,1.0,1.0,1.0,1.0,1.6962829143382128e-15
Concentric rings (Low),PCA,0,2,leaf5,hier_leaf,hier,23,11,1.0,1.0,1.0,1.0,4.1577807691901374e-15
Concentric rings (Low),PCA,0,2,leaf5,hier_leaf,flat,23,11,1.0,1.0,1.0,1.0,8.193920456283268e-15
Concentric rings (Low),PCA,0,2,leaf6,hier_leaf,hier,53,20,1.0,1.0,1.0,1.0,6.674946958692224e-16
Concentric rings (Low),PCA,0,2,leaf6,hier_leaf,flat,53,20,1.0,1.0,1.0,1.0,6.51176843343055e-16
Concentric rings (Low),PCA,0,2,class0,gt_class,hier,94,20,1.0,1.0,1.0,1.0,4.3763011367014554e-16
Concentric rings (Low),PCA,0,2,class0,gt_class,flat,94,20,1.0,1.0,1.0,1.0,4.0518137812815106e-16
Concentric rings (Low),PCA,0,2,class1,gt_class,hier,118,20,1.0,1.0,1.0,1.0,4.3528623088949264e-16
Concentric rings (Low),PCA,0,2,class1,gt_class,flat,118,20,1.0,1.0,1.0,1.0,6.283418649163233e-16
Concentric rings (Low),PCA,0,2,class2,gt_class,hier,88,20,1.0,1.0,1.0,1.0,5.23871823618633e-16
Concentric rings (Low),PCA,0,2,class2,gt_class,flat,88,20,1.0,1.0,1.0,1.0,5.709153759488151e-16
Concentric rings (Low),PCA,1,2,leaf0,hier_leaf,hier,21,10,1.0,1.0,1.0,1.0,2.7302942639361154e-15
Concentric rings (Low),PCA,1,2,leaf0,hier_leaf,flat,21,10,1.0,1.0,1.0,1.0,3.3144080524581207e-15
Concentric rings (Low),PCA,1,2,leaf1,hier_leaf,hier,42,20,1.0,1.0,1.0,1.0,9.85581639442101e-16
Concentric rings (Low),PCA,1,2,leaf1,hier_leaf,flat,42,20,1.0,1.0,1.0,1.0,1.0571505405822114e-15
Concentric rings (Low),PCA,1,2,leaf2,hier_leaf,hier,50,20,1.0,1.0,1.0,1.0,5.826512077983566e-16
Concentric rings (Low),PCA,1,2,leaf2,hier_leaf,flat,50,20,1.0,1.0,1.0,1.0,8.936711543632766e-16
Concentric rings (Low),PCA,1,2,leaf3,hier_leaf,hier,39,19,1.0,1.0,1.0,1.0,3.447089582358541e-16
Concentric rings (Low),PCA,1,2,leaf3,hier_leaf,flat,39,19,1.0,1.0,1.0,1.0,4.0403942108435914e-16
Concentric rings (Low),PCA,1,2,leaf4,hier_leaf,hier,28,13,1.0,1.0,1.0,1.0,1.3305593775809943e-15
Concentric rings (Low),PCA,1,2,leaf4,hier_leaf,flat,28,13,1.0,1.0,1.0,1.0,1.6962829143382128e-15
Concentric rings (Low),PCA,1,2,leaf5,hier_leaf,hier,23,11,1.0,1.0,1.0,1.0,4.1577807691901374e-15
Concentric rings (Low),PCA,1,2,leaf5,hier_leaf,flat,23,11,1.0,1.0,1.0,1.0,8.193920456283268e-15
Concentric rings (Low),PCA,1,2,leaf6,hier_leaf,hier,53,20,1.0,1.0,1.0,1.0,6.674946958692224e-16
Concentric rings (Low),PCA,1,2,leaf6,hier_leaf,flat,53,20,1.0,1.0,1.0,1.0,6.51176843343055e-16
Concentric rings (Low),PCA,1,2,class0,gt_class,hier,94,20,1.0,1.0,1.0,1.0,4.3763011367014554e-16
Concentric rings (Low),PCA,1,2,class0,gt_class,flat,94,20,1.0,1.0,1.0,1.0,4.0518137812815106e-16
Concentric rings (Low),PCA,1,2,class1,gt_class,hier,118,20,1.0,1.0,1.0,1.0,4.3528623088949264e-16
Concentric rings (Low),PCA,1,2,class1,gt_class,flat,118,20,1.0,1.0,1.0,1.0,6.283418649163233e-16
Concentric rings (Low),PCA,1,2,class2,gt_class,hier,88,20,1.0,1.0,1.0,1.0,5.23871823618633e-16
Concentric rings (Low),PCA,1,2,class2,gt_class,flat,88,20,1.0,1.0,1.0,1.0,5.709153759488151e-16
Concentric rings (Low),MDS,0,2,leaf0,hier_leaf,hier,21,10,1.0,1.0,1.0,1.0,0.0020402539999756155
Concentric rings (Low),MDS,0,2,leaf0,hier_leaf,flat,21,10,1.0,1.0,0.9988199634124871,0.9988199634124871,0.0012739387611050794
Concentric rings (Low),MDS,0,2,leaf1,hier_leaf,hier,42,20,0.999896480331263,0.999896480331263,0.9988457836145334,0.9988499770645535,0.0014390553616007438
Concentric rings (Low),MDS,0,2,leaf1,hier_leaf,flat,42,20,0.999896480331263,0.999896480331263,0.9990096359017782,0.9990615298457758,0.0038278141756155283
Concentric rings (Low),MDS,0,2,leaf2,hier_leaf,hier,50,20,0.999948717948718,0.999948717948718,0.999621177347627,0.999621177347627,0.0014204711587415325
Concentric rings (Low),MDS,0,2,leaf2,hier_leaf,flat,50,20,1.0,1.0,1.0,1.0,5.615863444107641e-05
Concentric rings (Low),MDS,0,2,leaf3,hier_leaf,hier,39,19,1.0,1.0,0.9988967188883132,0.9988761553174905,0.0014272643537993819
Concentric rings (Low),MDS,0,2,leaf3,hier_leaf,flat,39,19,1.0,1.0,1.0,1.0,3.709209582559223e-05
Concentric rings (Low),MDS,0,2,leaf4,hier_leaf,hier,28,13,1.0,1.0,0.998304674021851,0.9983765801807938,0.001444946688523846
Concentric rings (Low),MDS,0,2,leaf4,hier_leaf,flat,28,13,1.0,1.0,0.9998555456628383,0.9998555456628383,0.00016160610334601226
Concentric rings (Low),MDS,0,2,leaf5,hier_leaf,hier,23,11,0.9993412384716732,0.9993412384716732,0.999148876060246,0.999148876060246,0.0017493626791125572
Concentric rings (Low),MDS,0,2,leaf5,hier_leaf,flat,23,11,1.0,1.0,1.0,1.0,9.702002785983002e-05
Concentric rings (Low),MDS,0,2,leaf6,hier_leaf,hier,53,20,1.0,1.0,0.9996017057619342,0.9996019076992134,0.0014066727612451549
Concentric rings (Low),MDS,0,2,leaf6,hier_leaf,flat,53,20,1.0,1.0,0.9999851623428831,0.9999851623428831,0.00029661039602708737
Concentric rings (Low),MDS,0,2,class0,gt_class,hier,94,20,1.0,1.0,0.9999013701605773,0.9999013701605773,0.0003571766375831272
Concentric rings (Low),MDS,0,2,class0,gt_class,flat,94,20,1.0,1.0,1.0,1.0,5.914845024552028e-05
Concentric rings (Low),MDS,0,2,class1,gt_class,hier,118,20,1.0,1.0,0.9999611704497338,0.9999608065444264,0.0005006452138830087
Concentric rings (Low),MDS,0,2,class1,gt_class,flat,118,20,1.0,1.0,0.9999892616146923,0.9999892616146923,0.00010914152599083489
Concentric rings (Low),MDS,0,2,class2,gt_class,hier,88,20,1.0,1.0,0.9999465541701162,0.9999465541701162,0.0003831450701082157
Concentric rings (Low),MDS,0,2,class2,gt_class,flat,88,20,1.0,1.0,0.9995221919064327,0.999531763599215,0.001850800281744002
Concentric rings (Low),MDS,1,2,leaf0,hier_leaf,hier,21,10,0.9991341991341992,0.9991341991341992,0.9995611539609681,0.9995611539609681,0.0027666400313826533
Concentric rings (Low),MDS,1,2,leaf0,hier_leaf,flat,21,10,1.0,1.0,0.9978865651027249,0.9978865651027249,0.013094404382230088
Concentric rings (Low),MDS,1,2,leaf1,hier_leaf,hier,42,20,1.0,1.0,0.9998032778593555,0.9998032778593555,0.0015567436227409488
Concentric rings (Low),MDS,1,2,leaf1,hier_leaf,flat,42,20,1.0,1.0,0.9999443993457169,0.9999443993457169,0.00021862111225933516
Concentric rings (Low),MDS,1,2,leaf2,hier_leaf,hier,50,20,0.999948717948718,0.999948717948718,0.999039582711017,0.9990136614966854,0.0014451066573170726
Concentric rings (Low),MDS,1,2,leaf2,hier_leaf,flat,50,20,1.0,1.0,1.0,1.0,7.926127330836745e-05
Concentric rings (Low),MDS,1,2,leaf3,hier_leaf,hier,39,19,1.0,1.0,0.99901216248731,0.99901216248731,0.0010799194230611913
Concentric rings (Low),MDS,1,2,leaf3,hier_leaf,flat,39,19,1.0,1.0,1.0,1.0,0.00011216226695369156
Concentric rings (Low),MDS,1,2,leaf4,hier_leaf,hier,28,13,1.0,1.0,0.998840513187049,0.9989124193459917,0.0013715583036555158
Concentric rings (Low),MDS,1,2,leaf4,hier_leaf,flat,28,13,1.0,1.0,1.0,1.0,0.0001740869734123572
Concentric rings (Low),MDS,1,2,leaf5,hier_leaf,hier,23,11,0.9993412384716732,0.9993412384716732,0.9993522496568906,0.9993522496568906,0.002845162219056197
Concentric rings (Low),MDS,1,2,leaf5,hier_leaf,flat,23,11,1.0,1.0,1.0,1.0,0.0001356043074795212
Concentric rings (Low),MDS,1,2,leaf6,hier_leaf,hier,53,20,1.0,1.0,0.9993880858239901,0.9993919683085843,0.0015433787184156382
Concentric rings (Low),MDS,1,2,leaf6,hier_leaf,flat,53,20,1.0,1.0,1.0,1.0,8.778699997891768e-05
Concentric rings (Low),MDS,1,2,class0,gt_class,hier,94,20,1.0,1.0,0.9997723857863431,0.9997714065858782,0.0006178762466610534
Concentric rings (Low),MDS,1,2,class0,gt_class,flat,94,20,1.0,1.0,1.0,1.0,8.670594039658796e-05
Concentric rings (Low),MDS,1,2,class1,gt_class,hier,118,20,0.999995157384988,0.9999903147699757,0.9999602216615323,0.9999589947485918,0.00040360190525338176
Concentric rings (Low),MDS,1,2,class1,gt_class,flat,118,20,1.0,1.0,0.9999902505111361,0.9999902505111361,0.00011907365597730205
Concentric rings (Low),MDS,1,2,class2,gt_class,hier,88,20,1.0,1.0,0.9998927927346279,0.9998927927346279,0.00032038552992821206
Concentric rings (Low),MDS,1,2,class2,gt_class,flat,88,20,0.9999802371541502,0.9999802371541502,0.9997741990448593,0.9997772911141832,0.001807835908640466
Breast cancer (Low),UMAP,0,2,leaf0,hier_leaf,hier,26,12,0.7978632478632478,0.8008547008547009,0.818568957765126,0.8298012864491091,0.7509481397571638
Breast cancer (Low),UMAP,0,2,leaf0,hier_leaf,flat,26,12,0.7594017094017094,0.7051282051282051,0.7494940874406832,0.8040958367036469,0.9039625639796547
Breast cancer (Low),UMAP,0,2,leaf1,hier_leaf,hier,67,20,0.7906767532202004,0.8122878756900428,0.811103222644077,0.8451439437342995,0.7148507503992974
Breast cancer (Low),UMAP,0,2,leaf1,hier_leaf,flat,67,20,0.8149458188509509,0.8378654671846248,0.8010751139973884,0.8497096092012925,0.8546166822059954
Breast cancer (Low),UMAP,0,2,leaf2,hier_leaf,hier,86,20,0.8359103289335846,0.862832600041902,0.8468502052202215,0.885990724379062,0.4962249314967598
Breast cancer (Low),UMAP,0,2,leaf2,hier_leaf,flat,86,20,0.8089356798659124,0.8519275089042533,0.7959933053992392,0.8542493696724658,0.6752923249745104
Breast cancer (Low),UMAP,0,2,leaf3,hier_leaf,hier,25,12,0.7543589743589743,0.7764102564102565,0.8001975222527569,0.8380023242404532,0.5816395157411611
Breast cancer (Low),UMAP,0,2,leaf3,hier_leaf,flat,25,12,0.8220512820512819,0.8635897435897436,0.8112412284107211,0.8486371626446444,0.7980686550284749
Breast cancer (Low),UMAP,0,2,leaf4,hier_leaf,hier,34,16,0.7668343653250773,0.7691563467492261,0.8009712796890992,0.7945096069497519,0.685517273358315
Breast cancer (Low),UMAP,0,2,leaf4,hier_leaf,flat,34,16,0.7012383900928794,0.7401315789473685,0.7345381146020006,0.7816681576251364,0.877723470819302
Breast cancer (Low),UMAP,0,2,class0,gt_class,hier,122,20,0.8765161694884889,0.9047299113141628,0.8805234261593606,0.9111958862476913,0.6645658198919216
Breast cancer (Low),UMAP,0,2,class0,gt_class,flat,122,20,0.8734972677595628,0.8940428200304578,0.8726972292838142,0.9005051107174038,0.7437360319412046
Breast cancer (Low),UMAP,0,2,class1,gt_class,hier,178,20,0.8640278042277661,0.8864940011426395,0.8891810850778632,0.9086243890598841,0.5605595276285558
Breast cancer (Low),UMAP,0,2,class1,gt_class,flat,178,20,0.8562788040373263,0.8880594172538564,0.8756597733279726,0.906457924277974,0.6354666979675678
Breast cancer (Low),UMAP,1,2,leaf0,hier_leaf,hier,68,20,0.8318039215686276,0.8700000000000001,0.8214837884233119,0.8751030001700527,0.7038278263523987
Breast cancer (Low),UMAP,1,2,leaf0,hier_leaf,flat,68,20,0.8113529411764706,0.8386862745098039,0.80432365310107,0.8505517226148065,0.8533378239542284
Breast cancer (Low),UMAP,1,2,leaf1,hier_leaf,hier,36,17,0.7024509803921568,0.7504901960784314,0.7828586396281096,0.7996032670562482,0.6820306106613426
Breast cancer (Low),UMAP,1,2,leaf1,hier_leaf,flat,36,17,0.7022875816993465,0.7725490196078432,0.7441525189858794,0.7993046312343127,0.8696141201902197
Breast cancer (Low),UMAP,1,2,leaf2,hier_leaf,hier,27,13,0.7407407407407407,0.7749287749287748,0.800178478902999,0.8183940505523798,0.7367304089367813
Breast cancer (Low),UMAP,1,2,leaf2,hier_leaf,flat,27,13,0.7460317460317462,0.7171347171347171,0.7691730772354604,0.802897693886795,0.9011742258903221
Breast cancer (Low),UMAP,1,2,leaf3,hier_leaf,hier,15,7,0.7690476190476191,0.8119047619047619,0.8001963501963503,0.8295911295911296,0.5470625969191524
Breast cancer (Low),UMAP,1,2,leaf3,hier_leaf,flat,15,7,0.7904761904761906,0.8857142857142857,0.7154481404481405,0.8052610302610304,0.8144952863009418
Breast cancer (Low),UMAP,1,2,leaf4,hier_leaf,hier,27,13,0.737077737077737,0.7671957671957672,0.7806851707508371,0.8126287072203439,0.5806837141508072
Breast cancer (Low),UMAP,1,2,leaf4,hier_leaf,flat,27,13,0.6292226292226292,0.7098087098087098,0.6715196936707265,0.7257751063898175,0.7981685241197847
Breast cancer (Low),UMAP,1,2,leaf5,hier_leaf,hier,17,8,0.7892156862745098,0.8022875816993463,0.7619895430508937,0.7795574728047,0.4847699418325585
Breast cancer (Low),UMAP,1,2,leaf5,hier_leaf,flat,17,8,0.7271241830065359,0.7712418300653594,0.7064098800726626,0.7690069301749773,0.7685909117971969
Breast cancer (Low),UMAP,1,2,class0,gt_class,hier,122,20,0.8782585326525127,0.9176475857744333,0.8858321204293607,0.9146209022538718,0.6638331585888709
Breast cancer (Low),UMAP,1,2,class0,gt_class,flat,122,20,0.8731165457314343,0.8906476753560871,0.8711434092892909,0.8990381961189922,0.7398350055838402
Breast cancer (Low),UMAP,1,2,class1,gt_class,hier,178,20,0.8735555132355742,0.889466768234622,0.8890578982422604,0.9083992119192361,0.5741376383002755
Breast cancer (Low),UMAP,1,2,class1,gt_class,flat,178,20,0.8635345648447914,0.880089506760617,0.8811300155268127,0.9044792796698066,0.6389139162513814
Breast cancer (Low),t-SNE,0,2,leaf0,hier_leaf,hier,27,13,0.527065527065527,0.5282865282865282,0.47330037541629494,0.48311036357686904,9.241440487180636
Breast cancer (Low),t-SNE,0,2,leaf0,hier_leaf,flat,27,13,0.7635327635327637,0.7057387057387058,0.8276621067103989,0.8165066478829077,0.6624752297195748
Breast cancer (Low),t-SNE,0,2,leaf1,hier_leaf,hier,46,20,0.8922861150070126,0.911290322580645,0.8466664591659336,0.8463316900850166,17.355219850944824
Breast cancer (Low),t-SNE,0,2,leaf1,hier_leaf,flat,46,20,0.8722300140252455,0.8845722300140253,0.8588718943006315,0.8718756899900714,0.7168562225687842
Breast cancer (Low),t-SNE,0,2,leaf2,hier_leaf,hier,52,20,0.8580948121645797,0.8764758497316637,0.8455880185115228,0.8566356736472193,24.25050858928908
Breast cancer (Low),t-SNE,0,2,leaf2,hier_leaf,flat,52,20,0.8644007155635063,0.8637298747763865,0.8480039321400541,0.8555456404195214,0.8150285119000102
Breast cancer (Low),t-SNE,0,2,leaf3,hier_leaf,hier,29,14,0.47586206896551714,0.4778325123152709,0.4572707925403875,0.47523676643023294,12.27082681028225
Breast cancer (Low),t-SNE,0,2,leaf3,hier_leaf,flat,29,14,0.7244663382594418,0.6919540229885058,0.7886284171395197,0.7460274562280864,0.9393734193390852
Breast cancer (Low),t-SNE,0,2,leaf4,hier_leaf,hier,35,17,0.7012138188608777,0.7021475256769376,0.703519811066463,0.663326625911991,15.403944726657818
Breast cancer (Low),t-SNE,0,2,leaf4,hier_leaf,flat,35,17,0.7648926237161533,0.7781512605042018,0.820601587271628,0.8138565217621501,0.39008170657474744
Breast cancer (Low),t-SNE,0,2,leaf5,hier_leaf,hier,67,20,0.8046616233898998,0.8129012471887139,0.8096523142545478,0.8106246439021957,11.650521859887723
Breast cancer (Low),t-SNE,0,2,leaf5,hier_leaf,flat,67,20,0.8311592721324882,0.84170926190963,0.8585948068449367,0.853771238239642,0.40985824408337745
Breast cancer (Low),t-SNE,0,2,class0,gt_class,hier,122,20,0.9043447102033505,0.9125503896801936,0.914042209612754,0.9131075039269652,0.354379849022029
Breast cancer (Low),t-SNE,0,2,class0,gt_class,flat,122,20,0.8888829167786436,0.8868852459016392,0.9074644826364296,0.898437878419967,1.026958400320906
Breast cancer (Low),t-SNE,0,2,class1,gt_class,hier,178,20,0.8873566939630548,0.8899847648067033,0.9195509417482416,0.9093797102164098,0.9346570424256354
Breast cancer (Low),t-SNE,0,2,class1,gt_class,flat,178,20,0.8768520281851077,0.8766768234621977,0.9056056672655604,0.8950349882100013,1.110538966684141
Breast cancer (Low),t-SNE,1,2,leaf0,hier_leaf,hier,27,13,0.527065527065527,0.5282865282865282,0.47330037541629494,0.48311036357686904,9.241440487180636
Breast cancer (Low),t-SNE,1,2,leaf0,hier_leaf,flat,27,13,0.7635327635327637,0.7057387057387058,0.8276621067103989,0.8165066478829077,0.6624752297195748
Breast cancer (Low),t-SNE,1,2,leaf1,hier_leaf,hier,23,11,0.44532279314888007,0.4104084321475625,0.43907800199315444,0.39431384203268943,118.05414696166174
Breast cancer (Low),t-SNE,1,2,leaf1,hier_leaf,flat,23,11,0.8794466403162055,0.8919631093544137,0.8531944973723324,0.8705204984427393,0.6040193757827123
Breast cancer (Low),t-SNE,1,2,leaf2,hier_leaf,hier,17,8,0.5866013071895424,0.5130718954248367,0.5681254493552683,0.46876316158921805,33.79347175194127
Breast cancer (Low),t-SNE,1,2,leaf2,hier_leaf,flat,17,8,0.8954248366013072,0.8905228758169935,0.8402783981893908,0.8529943546088429,1.1726935108526393
Breast cancer (Low),t-SNE,1,2,leaf3,hier_leaf,hier,24,11,0.5086580086580086,0.4972943722943722,0.4742577501149185,0.463512842212684,98.31751040419942
Breast cancer (Low),t-SNE,1,2,leaf3,hier_leaf,flat,24,11,0.7895021645021645,0.8057359307359307,0.8067827203035421,0.8163230069647917,0.6665228106913778
Breast cancer (Low),t-SNE,1,2,leaf4,hier_leaf,hier,28,13,0.4742445054945055,0.45673076923076916,0.4463912946520141,0.418504340340638,37.56086089434104
Breast cancer (Low),t-SNE,1,2,leaf4,hier_leaf,flat,28,13,0.778846153846154,0.7747252747252746,0.8025653222587472,0.780072910223215,1.010362887091124
Breast cancer (Low),t-SNE,1,2,leaf5,hier_leaf,hier,36,17,0.7429738562091504,0.7705882352941178,0.7266178525032715,0.7160456579506148,20.804819859419496
Breast cancer (Low),t-SNE,1,2,leaf5,hier_leaf,flat,36,17,0.770751633986928,0.7669934640522876,0.8168751942770722,0.8049917932360656,0.39020482662136646
Breast cancer (Low),t-SNE,1,2,leaf6,hier_leaf,hier,65,20,0.8393534002229653,0.8502118171683389,0.851072145914443,0.856624597439304,4.759236953423371
Breast cancer (Low),t-SNE,1,2,leaf6,hier_leaf,flat,65,20,0.8362541806020067,0.8409364548494984,0.8612088838860946,0.8533861712280356,0.41132151653780163
Breast cancer (Low),t-SNE,1,2,class0,gt_class,hier,122,20,0.9043447102033505,0.9125503896801936,0.914042209612754,0.9131075039269652,0.354379849022029
Breast cancer (Low),t-SNE,1,2,class0,gt_class,flat,122,20,0.8888829167786436,0.8868852459016392,0.9074644826364296,0.898437878419967,1.026958400320906
Breast cancer (Low),t-SNE,1,2,class1,gt_class,hier,178,20,0.8873566939630548,0.8899847648067033,0.9195509417482416,0.9093797102164098,0.9346570424256354
Breast cancer (Low),t-SNE,1,2,class1,gt_class,flat,178,20,0.8768520281851077,0.8766768234621977,0.9056056672655604,0.8950349882100013,1.110538966684141
Breast cancer (Low),PCA,0,2,leaf0,hier_leaf,hier,96,20,0.8383985368956743,0.9075779262086514,0.7783234114890526,0.8758023523493478,0.41683272747885064
Breast cancer (Low),PCA,0,2,leaf0,hier_leaf,flat,96,20,0.7485448473282442,0.8408078880407124,0.7045865784370108,0.8234281785070255,0.5720467653945474
Breast cancer (Low),PCA,0,2,leaf1,hier_leaf,hier,26,12,0.8867521367521368,0.9282051282051282,0.829531220417651,0.8758384590645387,0.3264668654266342
Breast cancer (Low),PCA,0,2,leaf1,hier_leaf,flat,26,12,0.8072649572649573,0.8623931623931624,0.715140374693005,0.8015808830474606,0.48760825524526685
Breast cancer (Low),PCA,0,2,leaf2,hier_leaf,hier,46,20,0.9056100981767178,0.9409537166900421,0.8294256877463159,0.8759053314745335,0.32818555510914965
Breast cancer (Low),PCA,0,2,leaf2,hier_leaf,flat,46,20,0.8481767180925665,0.9032959326788219,0.7507195183112269,0.8374806979411789,0.4898011773433312
Breast cancer (Low),PCA,0,2,leaf3,hier_leaf,hier,37,18,0.8392603129445234,0.866445392761182,0.7536293466106948,0.7941374173429108,0.3901458565720376
Breast cancer (Low),PCA,0,2,leaf3,hier_leaf,flat,37,18,0.7760391970918288,0.8267741425636163,0.7091646219099321,0.7716998364111357,0.4493550503386395
Breast cancer (Low),PCA,0,2,leaf4,hier_leaf,hier,68,20,0.8466862745098038,0.8875098039215685,0.7770828000331702,0.8508219596213914,0.3866865761684067
Breast cancer (Low),PCA,0,2,leaf4,hier_leaf,flat,68,20,0.8582549019607845,0.8972941176470588,0.7890882378972419,0.8545398896007683,0.4234490497249362
Breast cancer (Low),PCA,0,2,class0,gt_class,hier,122,20,0.9098360655737705,0.948297948580131,0.8636857248763993,0.9199340109278155,0.29936622673940116
Breast cancer (Low),PCA,0,2,class0,gt_class,flat,122,20,0.9007883185523604,0.9402355997491714,0.8567205678179352,0.9137248333898801,0.3408203926668666
Breast cancer (Low),PCA,0,2,class1,gt_class,hier,178,20,0.8532660445629405,0.9215539897162445,0.8144696118431067,0.9079911093750253,0.34225346839138193
Breast cancer (Low),PCA,0,2,class1,gt_class,flat,178,20,0.8230737002475719,0.9007427156732051,0.7963291672399744,0.8953409147808127,0.40777643544766995
Breast cancer (Low),PCA,1,2,leaf0,hier_leaf,hier,28,13,0.8986950549450549,0.9350961538461539,0.8270295685464647,0.881428620575222,0.31866672364167725
Breast cancer (Low),PCA,1,2,leaf0,hier_leaf,flat,28,13,0.7991071428571429,0.85989010989011,0.7189075631660617,0.8029827619949419,0.4972920887159888
Breast cancer (Low),PCA,1,2,leaf1,hier_leaf,hier,46,20,0.9123422159887798,0.9460729312762971,0.8321184097311327,0.8795617657482545,0.3203869218147274
Breast cancer (Low),PCA,1,2,leaf1,hier_leaf,flat,46,20,0.8544179523141655,0.9031556802244036,0.7526947086726061,0.8303049239136612,0.4937600907430836
Breast cancer (Low),PCA,1,2,leaf2,hier_leaf,hier,90,20,0.830280112044818,0.9012231559290383,0.7676486757891902,0.869770825551541,0.42721143996027455
Breast cancer (Low),PCA,1,2,leaf2,hier_leaf,flat,90,20,0.7361157796451915,0.8353874883286647,0.6983997878701511,0.8138550741978027,0.5826688965468467
Breast cancer (Low),PCA,1,2,leaf3,hier_leaf,hier,66,20,0.8522407170294495,0.8894152795561246,0.7820617150766276,0.8518752043933836,0.3810537505026303
Breast cancer (Low),PCA,1,2,leaf3,hier_leaf,flat,66,20,0.8540546308151943,0.8938753734528382,0.7849533912829452,0.8520770469253006,0.4269938181930627
Breast cancer (Low),PCA,1,2,leaf4,hier_leaf,hier,32,15,0.8474537037037038,0.8488425925925926,0.719212770646044,0.7751720099345947,0.4303641542140308
Breast cancer (Low),PCA,1,2,leaf4,hier_leaf,flat,32,15,0.7400462962962964,0.7756944444444445,0.6707896728356738,0.7357739432411697,0.5104552598434149
Breast cancer (Low),PCA,1,2,class0,gt_class,hier,122,20,0.9098360655737705,0.948297948580131,0.8636857248763993,0.9199340109278155,0.29936622673940116
Breast cancer (Low),PCA,1,2,class0,gt_class,flat,122,20,0.9007883185523604,0.9402355997491714,0.8567205678179352,0.9137248333898801,0.3408203926668666
Breast cancer (Low),PCA,1,2,class1,gt_class,hier,178,20,0.8532660445629405,0.9215539897162445,0.8144696118431067,0.9079911093750253,0.34225346839138193
Breast cancer (Low),PCA,1,2,class1,gt_class,flat,178,20,0.8230737002475719,0.9007427156732051,0.7963291672399744,0.8953409147808127,0.40777643544766995
Breast cancer (Low),MDS,0,2,leaf0,hier_leaf,hier,28,13,0.9258241758241758,0.9457417582417584,0.8799971899609448,0.8973248412630536,0.18612486938996506
Breast cancer (Low),MDS,0,2,leaf0,hier_leaf,flat,28,13,0.773695054945055,0.8111263736263737,0.6730751314782146,0.7408107691193984,0.49266888474660786
Breast cancer (Low),MDS,0,2,leaf1,hier_leaf,hier,68,20,0.9085686274509803,0.927607843137255,0.855773210991976,0.8891580112304848,0.20755067793395499
Breast cancer (Low),MDS,0,2,leaf1,hier_leaf,flat,68,20,0.8725490196078433,0.9049607843137256,0.811334845037524,0.8601009456114426,0.2786832879443136
Breast cancer (Low),MDS,0,2,leaf2,hier_leaf,hier,36,17,0.8839869281045751,0.9035947712418301,0.7929903582476237,0.8375729752849118,0.24883351992765157
Breast cancer (Low),MDS,0,2,leaf2,hier_leaf,flat,36,17,0.7838235294117647,0.834640522875817,0.7043288950483174,0.7746183582986406,0.4041984312072096
Breast cancer (Low),MDS,0,2,leaf3,hier_leaf,hier,42,20,0.934472049689441,0.9436853002070394,0.8793413634768756,0.8991507570760526,0.19291688366822268
Breast cancer (Low),MDS,0,2,leaf3,hier_leaf,flat,42,20,0.8756728778467908,0.906728778467909,0.7850939869747862,0.8337446750668479,0.32819182562324356
Breast cancer (Low),MDS,0,2,leaf4,hier_leaf,hier,50,20,0.9270256410256411,0.9365641025641025,0.8533857451147259,0.8760789014257593,0.22584526602927127
Breast cancer (Low),MDS,0,2,leaf4,hier_leaf,flat,50,20,0.8842051282051283,0.9063589743589744,0.8028650940776475,0.855149076446805,0.3440746135941882
Breast cancer (Low),MDS,0,2,leaf5,hier_leaf,hier,26,12,0.9111111111111109,0.923931623931624,0.8494095377658696,0.8687118210016176,0.21235762743151468
Breast cancer (Low),MDS,0,2,leaf5,hier_leaf,flat,26,12,0.8324786324786325,0.8235042735042735,0.7380398483508567,0.7363371582592513,0.3626163778417854
Breast cancer (Low),MDS,0,2,class0,gt_class,hier,122,20,0.9248365134820391,0.9519573591328496,0.8828278112064236,0.9219521009962949,0.19325613760858884
Breast cancer (Low),MDS,0,2,class0,gt_class,flat,122,20,0.9108393800949566,0.9407999641673385,0.8709505930832742,0.9140643886193857,0.23799506877020354
Breast cancer (Low),MDS,0,2,class1,gt_class,hier,178,20,0.8798152732812798,0.9225652256713007,0.8517743459983117,0.9072634762521156,0.21368811289698864
Breast cancer (Low),MDS,0,2,class1,gt_class,flat,178,20,0.8521710150447535,0.9032888973528851,0.8243750211044231,0.8956612764096029,0.2574186259697521
Breast cancer (Low),MDS,1,2,leaf0,hier_leaf,hier,27,13,0.9206349206349207,0.9397639397639397,0.8738272320515014,0.8938793894446225,0.1875673749664575
Breast cancer (Low),MDS,1,2,leaf0,hier_leaf,flat,27,13,0.7659747659747659,0.8135938135938138,0.685430389771673,0.771060171785239,0.4227823953018066
Breast cancer (Low),MDS,1,2,leaf1,hier_leaf,hier,42,20,0.9362318840579711,0.9396480331262941,0.8749368751322699,0.8916920902628205,0.20764972366764906
Breast cancer (Low),MDS,1,2,leaf1,hier_leaf,flat,42,20,0.8684265010351969,0.8987577639751553,0.77978756098188,0.8232593479828465,0.346589088727465
Breast cancer (Low),MDS,1,2,leaf2,hier_leaf,hier,94,20,0.8817306081420673,0.9143826436589043,0.8334212154476993,0.8806313524542121,0.24953754995095587
Breast cancer (Low),MDS,1,2,leaf2,hier_leaf,flat,94,20,0.7956860445635786,0.8449991623387502,0.7528703581931165,0.8220309657904116,0.3812646295806858
Breast cancer (Low),MDS,1,2,leaf3,hier_leaf,hier,31,15,0.888709677419355,0.8790322580645163,0.827768412185977,0.8392511646094175,0.2400076521488572
Breast cancer (Low),MDS,1,2,leaf3,hier_leaf,flat,31,15,0.7349462365591397,0.7575268817204301,0.6742486592047916,0.7409105867403267,0.4289179808438539
Breast cancer (Low),MDS,1,2,leaf4,hier_leaf,hier,63,20,0.9064468864468864,0.9247130647130649,0.8450612927469273,0.8816700109226955,0.21739990646768856
Breast cancer (Low),MDS,1,2,leaf4,hier_leaf,flat,63,20,0.8652258852258851,0.897094017094017,0.7967699864754849,0.8461238989130397,0.2956380753659377
Breast cancer (Low),MDS,1,2,class0,gt_class,hier,122,20,0.9253650452387352,0.951840902983069,0.8846833616510711,0.9225322826315224,0.1931953816347758
Breast cancer (Low),MDS,1,2,class0,gt_class,flat,122,20,0.9095941951088418,0.9408581922422288,0.8709462317844877,0.9134337392547821,0.22963847099873308
Breast cancer (Low),MDS,1,2,class1,gt_class,hier,178,20,0.8835650352313845,0.925861740620834,0.8576363457817077,0.9088601266774361,0.21291400291085377
Breast cancer (Low),MDS,1,2,class1,gt_class,flat,178,20,0.8523214625785566,0.9077204342030091,0.8240189237873887,0.899824115854461,0.2503533254277284
