fixed acidity,volatile acidity,citric acid,residual sugar,chlorides,free sulfur dioxide,total sulfur dioxide,density,pH,sulphates,alcohol,quality,row_id,x,y,reduction_method,reduction_config
7.8,0.645,0.0,2.0,0.082,8.0,16.0,0.9964,3.38,0.59,9.8,6,29,11.88157,1.918022,UMAP,"{'method': 'UMAP', 'normalize': True, 'pca_components': 4, 'pca_x_component': 0, 'pca_y_component': 1, 'tsne_perplexity': 30.0, 'tsne_learning_rate': 200.0, 'tsne_random_state': 42, 'umap_n_neighbors': 4, 'umap_min_dist': 0.1, 'umap_random_state': 42, 'hierarchical_mode': True, 'hierarchical_layers': 1}"
7.8,0.6,0.14,2.4,0.086,3.0,15.0,0.9975,3.42,0.6,10.8,6,36,12.457759,2.9141629,UMAP,"{'method': 'UMAP', 'normalize': True, 'pca_components': 4, 'pca_x_component': 0, 'pca_y_component': 1, 'tsne_perplexity': 30.0, 'tsne_learning_rate': 200.0, 'tsne_random_state': 42, 'umap_n_neighbors': 4, 'umap_min_dist': 0.1, 'umap_random_state': 42, 'hierarchical_mode': True, 'hierarchical_layers': 1}"
8.0,0.705,0.05,1.9,0.074,8.0,19.0,0.9962,3.34,0.95,10.5,6,69,8.950902,1.8138534,UMAP,"{'method': 'UMAP', 'normalize': True, 'pca_components': 4, 'pca_x_component': 0, 'pca_y_component': 1, 'tsne_perplexity': 30.0, 'tsne_learning_rate': 200.0, 'tsne_random_state': 42, 'umap_n_neighbors': 4, 'umap_min_dist': 0.1, 'umap_random_state': 42, 'hierarchical_mode': True, 'hierarchical_layers': 1}"
7.7,0.63,0.08,1.9,0.076,15.0,27.0,0.9967,3.32,0.54,9.5,6,70,8.58716,5.21859,UMAP,"{'method': 'UMAP', 'normalize': True, 'pca_components': 4, 'pca_x_component': 0, 'pca_y_component': 1, 'tsne_perplexity': 30.0, 'tsne_learning_rate': 200.0, 'tsne_random_state': 42, 'umap_n_neighbors': 4, 'umap_min_dist': 0.1, 'umap_random_state': 42, 'hierarchical_mode': True, 'hierarchical_layers': 1}"
8.1,0.545,0.18,1.9,0.08,13.0,35.0,0.9972,3.3,0.59,9.0,6,99,9.409348,5.6288366,UMAP,"{'method': 'UMAP', 'normalize': True, 'pca_components': 4, 'pca_x_component': 0, 'pca_y_component': 1, 'tsne_perplexity': 30.0, 'tsne_learning_rate': 200.0, 'tsne_random_state': 42, 'umap_n_neighbors': 4, 'umap_min_dist': 0.1, 'umap_random_state': 42, 'hierarchical_mode': True, 'hierarchical_layers': 1}"
7.8,0.5,0.3,1.9,0.075,8.0,22.0,0.9959,3.31,0.56,10.4,6,101,11.942631,4.089314,UMAP,"{'method': 'UMAP', 'normalize': True, 'pca_components': 4, 'pca_x_component': 0, 'pca_y_component': 1, 'tsne_perplexity': 30.0, 'tsne_learning_rate': 200.0, 'tsne_random_state': 42, 'umap_n_neighbors': 4, 'umap_min_dist': 0.1, 'umap_random_state': 42, 'hierarchical_mode': True, 'hierarchical_layers': 1}"
8.1,0.545,0.18,1.9,0.08,13.0,35.0,0.9972,3.3,0.59,9.0,6,102,9.4882765,5.6833987,UMAP,"{'method': 'UMAP', 'normalize': True, 'pca_components': 4, 'pca_x_component': 0, 'pca_y_component': 1, 'tsne_perplexity': 30.0, 'tsne_learning_rate': 200.0, 'tsne_random_state': 42, 'umap_n_neighbors': 4, 'umap_min_dist': 0.1, 'umap_random_state': 42, 'hierarchical_mode': True, 'hierarchical_layers': 1}"
7.8,0.56,0.12,2.0,0.082,7.0,28.0,0.997,3.37,0.5,9.4,6,117,8.519576,5.2760406,UMAP,"{'method': 'UMAP', 'normalize': True, 'pca_components': 4, 'pca_x_component': 0, 'pca_y_component': 1, 'tsne_perplexity': 30.0, 'tsne_learning_rate': 200.0, 'tsne_random_state': 42, 'umap_n_neighbors': 4, 'umap_min_dist': 0.1, 'umap_random_state': 42, 'hierarchical_mode': True, 'hierarchical_layers': 1}"
8.8,0.55,0.04,2.2,0.119,14.0,56.0,0.9962,3.21,0.6,10.9,6,118,10.450493,2.9235513,UMAP,"{'method': 'UMAP', 'normalize': True, 'pca_components': 4, 'pca_x_component': 0, 'pca_y_component': 1, 'tsne_perplexity': 30.0, 'tsne_learning_rate': 200.0, 'tsne_random_state': 42, 'umap_n_neighbors': 4, 'umap_min_dist': 0.1, 'umap_random_state': 42, 'hierarchical_mode': True, 'hierarchical_layers': 1}"
8.8,0.55,0.04,2.2,0.119,14.0,56.0,0.9962,3.21,0.6,10.9,6,121,10.442234,2.94781,UMAP,"{'method': 'UMAP', 'normalize': True, 'pca_components': 4, 'pca_x_component': 0, 'pca_y_component': 1, 'tsne_perplexity': 30.0, 'tsne_learning_rate': 200.0, 'tsne_random_state': 42, 'umap_n_neighbors': 4, 'umap_min_dist': 0.1, 'umap_random_state': 42, 'hierarchical_mode': True, 'hierarchical_layers': 1}"
6.6,0.5,0.01,1.5,0.06,17.0,26.0,0.9952,3.4,0.58,9.8,6,133,7.9167395,4.720446,UMAP,"{'method': 'UMAP', 'normalize': True, 'pca_components': 4, 'pca_x_component': 0, 'pca_y_component': 1, 'tsne_perplexity': 30.0, 'tsne_learning_rate': 200.0, 'tsne_random_state': 42, 'umap_n_neighbors': 4, 'umap_min_dist': 0.1, 'umap_random_state': 42, 'hierarchical_mode': True, 'hierarchical_layers': 1}"
6.9,0.49,0.1,2.3,0.074,12.0,30.0,0.9959,3.42,0.58,10.2,6,148,8.712122,3.760888,UMAP,"{'method': 'UMAP', 'normalize': True, 'pca_components': 4, 'pca_x_component': 0, 'pca_y_component': 1, 'tsne_perplexity': 30.0, 'tsne_learning_rate': 200.0, 'tsne_random_state': 42, 'umap_n_neighbors': 4, 'umap_min_dist': 0.1, 'umap_random_state': 42, 'hierarchical_mode': True, 'hierarchical_layers': 1}"
6.8,0.6,0.18,1.9,0.079,18.0,86.0,0.9968,3.59,0.57,9.3,6,159,14.743215,-2.7498024,UMAP,"{'method': 'UMAP', 'normalize': True, 'pca_components': 4, 'pca_x_component': 0, 'pca_y_component': 1, 'tsne_perplexity': 30.0, 'tsne_learning_rate': 200.0, 'tsne_random_state': 42, 'umap_n_neighbors': 4, 'umap_min_dist': 0.1, 'umap_random_state': 42, 'hierarchical_mode': True, 'hierarchical_layers': 1}"
7.8,0.53,0.04,1.7,0.076,17.0,31.0,0.9964,3.33,0.56,10.0,6,162,7.6596065,5.146825,UMAP,"{'method': 'UMAP', 'normalize': True, 'pca_components': 4, 'pca_x_component': 0, 'pca_y_component': 1, 'tsne_perplexity': 30.0, 'tsne_learning_rate': 200.0, 'tsne_random_state': 42, 'umap_n_neighbors': 4, 'umap_min_dist': 0.1, 'umap_random_state': 42, 'hierarchical_mode': True, 'hierarchical_layers': 1}"
6.8,0.63,0.07,2.1,0.089,11.0,44.0,0.9953,3.47,0.55,10.4,6,168,8.820891,3.1363192,UMAP,"{'method': 'UMAP', 'normalize': True, 'pca_components': 4, 'pca_x_component': 0, 'pca_y_component': 1, 'tsne_perplexity': 30.0, 'tsne_learning_rate': 200.0, 'tsne_random_state': 42, 'umap_n_neighbors': 4, 'umap_min_dist': 0.1, 'umap_random_state': 42, 'hierarchical_mode': True, 'hierarchical_layers': 1}"
8.0,0.42,0.17,2.0,0.073,6.0,18.0,0.9972,3.29,0.61,9.2,6,171,9.387354,5.4901624,UMAP,"{'method': 'UMAP', 'normalize': True, 'pca_components': 4, 'pca_x_component': 0, 'pca_y_component': 1, 'tsne_perplexity': 30.0, 'tsne_learning_rate': 200.0, 'tsne_random_state': 42, 'umap_n_neighbors': 4, 'umap_min_dist': 0.1, 'umap_random_state': 42, 'hierarchical_mode': True, 'hierarchical_layers': 1}"
8.0,0.42,0.17,2.0,0.073,6.0,18.0,0.9972,3.29,0.61,9.2,6,172,9.372165,5.5665936,UMAP,"{'method': 'UMAP', 'normalize': True, 'pca_components': 4, 'pca_x_component': 0, 'pca_y_component': 1, 'tsne_perplexity': 30.0, 'tsne_learning_rate': 200.0, 'tsne_random_state': 42, 'umap_n_neighbors': 4, 'umap_min_dist': 0.1, 'umap_random_state': 42, 'hierarchical_mode': True, 'hierarchical_layers': 1}"
6.7,0.62,0.21,1.9,0.079,8.0,62.0,0.997,3.52,0.58,9.3,6,184,15.034903,-2.5936959,UMAP,"{'method': 'UMAP', 'normalize': True, 'pca_components': 4, 'pca_x_component': 0, 'pca_y_component': 1, 'tsne_perplexity': 30.0, 'tsne_learning_rate': 200.0, 'tsne_random_state': 42, 'umap_n_neighbors': 4, 'umap_min_dist': 0.1, 'umap_random_state': 42, 'hierarchical_mode': True, 'hierarchical_layers': 1}"
7.8,0.735,0.08,2.4,0.092,10.0,41.0,0.9974,3.24,0.71,9.8,6,214,12.710514,-2.1890945,UMAP,"{'method': 'UMAP', 'normalize': True, 'pca_components': 4, 'pca_x_component': 0, 'pca_y_component': 1, 'tsne_perplexity': 30.0, 'tsne_learning_rate': 200.0, 'tsne_random_state': 42, 'umap_n_neighbors': 4, 'umap_min_dist': 0.1, 'umap_random_state': 42, 'hierarchical_mode': True, 'hierarchical_layers': 1}"
8.6,0.645,0.25,2.0,0.083,8.0,28.0,0.99815,3.28,0.6,10.0,6,223,11.878668,2.9088902,UMAP,"{'method': 'UMAP', 'normalize': True, 'pca_components': 4, 'pca_x_component': 0, 'pca_y_component': 1, 'tsne_perplexity': 30.0, 'tsne_learning_rate': 200.0, 'tsne_random_state': 42, 'umap_n_neighbors': 4, 'umap_min_dist': 0.1, 'umap_random_state': 42, 'hierarchical_mode': True, 'hierarchical_layers': 1}"
8.0,0.38,0.06,1.8,0.078,12.0,49.0,0.99625,3.37,0.52,9.9,6,231,7.7719564,5.401511,UMAP,"{'method': 'UMAP', 'normalize': True, 'pca_components': 4, 'pca_x_component': 0, 'pca_y_component': 1, 'tsne_perplexity': 30.0, 'tsne_learning_rate': 200.0, 'tsne_random_state': 42, 'umap_n_neighbors': 4, 'umap_min_dist': 0.1, 'umap_random_state': 42, 'hierarchical_mode': True, 'hierarchical_layers': 1}"
7.2,0.63,0.0,1.9,0.097,14.0,38.0,0.99675,3.37,0.58,9.0,6,235,11.465217,0.06701553,UMAP,"{'method': 'UMAP', 'normalize': True, 'pca_components': 4, 'pca_x_component': 0, 'pca_y_component': 1, 'tsne_perplexity': 30.0, 'tsne_learning_rate': 200.0, 'tsne_random_state': 42, 'umap_n_neighbors': 4, 'umap_min_dist': 0.1, 'umap_random_state': 42, 'hierarchical_mode': True, 'hierarchical_layers': 1}"
7.2,0.63,0.0,1.9,0.097,14.0,38.0,0.99675,3.37,0.58,9.0,6,236,11.383378,0.054090414,UMAP,"{'method': 'UMAP', 'normalize': True, 'pca_components': 4, 'pca_x_component': 0, 'pca_y_component': 1, 'tsne_perplexity': 30.0, 'tsne_learning_rate': 200.0, 'tsne_random_state': 42, 'umap_n_neighbors': 4, 'umap_min_dist': 0.1, 'umap_random_state': 42, 'hierarchical_mode': True, 'hierarchical_layers': 1}"
7.2,0.645,0.0,1.9,0.097,15.0,39.0,0.99675,3.37,0.58,9.2,6,237,11.518387,-0.12160216,UMAP,"{'method': 'UMAP', 'normalize': True, 'pca_components': 4, 'pca_x_component': 0, 'pca_y_component': 1, 'tsne_perplexity': 30.0, 'tsne_learning_rate': 200.0, 'tsne_random_state': 42, 'umap_n_neighbors': 4, 'umap_min_dist': 0.1, 'umap_random_state': 42, 'hierarchical_mode': True, 'hierarchical_layers': 1}"
7.2,0.63,0.0,1.9,0.097,14.0,38.0,0.99675,3.37,0.58,9.0,6,238,11.472962,-0.07025757,UMAP,"{'method': 'UMAP', 'normalize': True, 'pca_components': 4, 'pca_x_component': 0, 'pca_y_component': 1, 'tsne_perplexity': 30.0, 'tsne_learning_rate': 200.0, 'tsne_random_state': 42, 'umap_n_neighbors': 4, 'umap_min_dist': 0.1, 'umap_random_state': 42, 'hierarchical_mode': True, 'hierarchical_layers': 1}"
7.3,0.66,0.0,2.0,0.084,6.0,23.0,0.9983,3.61,0.96,9.9,6,245,13.39813,-2.473441,UMAP,"{'method': 'UMAP', 'normalize': True, 'pca_components': 4, 'pca_x_component': 0, 'pca_y_component': 1, 'tsne_perplexity': 30.0, 'tsne_learning_rate': 200.0, 'tsne_random_state': 42, 'umap_n_neighbors': 4, 'umap_min_dist': 0.1, 'umap_random_state': 42, 'hierarchical_mode': True, 'hierarchical_layers': 1}"
7.7,0.53,0.06,1.7,0.074,9.0,39.0,0.99615,3.35,0.48,9.8,6,248,7.9316664,5.3591404,UMAP,"{'method': 'UMAP', 'normalize': True, 'pca_components': 4, 'pca_x_component': 0, 'pca_y_component': 1, 'tsne_perplexity': 30.0, 'tsne_learning_rate': 200.0, 'tsne_random_state': 42, 'umap_n_neighbors': 4, 'umap_min_dist': 0.1, 'umap_random_state': 42, 'hierarchical_mode': True, 'hierarchical_layers': 1}"
7.3,0.66,0.0,2.0,0.084,6.0,23.0,0.9983,3.61,0.96,9.9,6,249,13.433315,-2.488056,UMAP,"{'method': 'UMAP', 'normalize': True, 'pca_components': 4, 'pca_x_component': 0, 'pca_y_component': 1, 'tsne_perplexity': 30.0, 'tsne_learning_rate': 200.0, 'tsne_random_state': 42, 'umap_n_neighbors': 4, 'umap_min_dist': 0.1, 'umap_random_state': 42, 'hierarchical_mode': True, 'hierarchical_layers': 1}"
7.1,0.6,0.0,1.8,0.074,16.0,34.0,0.9972,3.47,0.7,9.9,6,251,6.960063,4.425962,UMAP,"{'method': 'UMAP', 'normalize': True, 'pca_components': 4, 'pca_x_component': 0, 'pca_y_component': 1, 'tsne_perplexity': 30.0, 'tsne_learning_rate': 200.0, 'tsne_random_state': 42, 'umap_n_neighbors': 4, 'umap_min_dist': 0.1, 'umap_random_state': 42, 'hierarchical_mode': True, 'hierarchical_layers': 1}"
7.1,0.6,0.0,1.8,0.074,16.0,34.0,0.9972,3.47,0.7,9.9,6,254,6.9144573,4.394931,UMAP,"{'method': 'UMAP', 'normalize': True, 'pca_components': 4, 'pca_x_component': 0, 'pca_y_component': 1, 'tsne_perplexity': 30.0, 'tsne_learning_rate': 200.0, 'tsne_random_state': 42, 'umap_n_neighbors': 4, 'umap_min_dist': 0.1, 'umap_random_state': 42, 'hierarchical_mode': True, 'hierarchical_layers': 1}"
6.9,0.36,0.25,2.4,0.098,5.0,16.0,0.9964,3.41,0.6,10.1,6,293,10.781617,5.180097,UMAP,"{'method': 'UMAP', 'normalize': True, 'pca_components': 4, 'pca_x_component': 0, 'pca_y_component': 1, 'tsne_perplexity': 30.0, 'tsne_learning_rate': 200.0, 'tsne_random_state': 42, 'umap_n_neighbors': 4, 'umap_min_dist': 0.1, 'umap_random_state': 42, 'hierarchical_mode': True, 'hierarchical_layers': 1}"
7.4,0.29,0.38,1.7,0.062,9.0,30.0,0.9968,3.41,0.53,9.5,6,309,11.865563,4.1786523,UMAP,"{'method': 'UMAP', 'normalize': True, 'pca_components': 4, 'pca_x_component': 0, 'pca_y_component': 1, 'tsne_perplexity': 30.0, 'tsne_learning_rate': 200.0, 'tsne_random_state': 42, 'umap_n_neighbors': 4, 'umap_min_dist': 0.1, 'umap_random_state': 42, 'hierarchical_mode': True, 'hierarchical_layers': 1}"
9.1,0.785,0.0,2.6,0.093,11.0,28.0,0.9994,3.36,0.86,9.4,6,349,12.940705,-2.3321652,UMAP,"{'method': 'UMAP', 'normalize': True, 'pca_components': 4, 'pca_x_component': 0, 'pca_y_component': 1, 'tsne_perplexity': 30.0, 'tsne_learning_rate': 200.0, 'tsne_random_state': 42, 'umap_n_neighbors': 4, 'umap_min_dist': 0.1, 'umap_random_state': 42, 'hierarchical_mode': True, 'hierarchical_layers': 1}"
9.1,0.795,0.0,2.6,0.096,11.0,26.0,0.9994,3.35,0.83,9.4,6,351,12.662347,-2.061798,UMAP,"{'method': 'UMAP', 'normalize': True, 'pca_components': 4, 'pca_x_component': 0, 'pca_y_component': 1, 'tsne_perplexity': 30.0, 'tsne_learning_rate': 200.0, 'tsne_random_state': 42, 'umap_n_neighbors': 4, 'umap_min_dist': 0.1, 'umap_random_state': 42, 'hierarchical_mode': True, 'hierarchical_layers': 1}"
7.4,0.63,0.07,2.4,0.09,11.0,37.0,0.9979,3.43,0.76,9.7,6,385,13.397917,-2.398402,UMAP,"{'method': 'UMAP', 'normalize': True, 'pca_components': 4, 'pca_x_component': 0, 'pca_y_component': 1, 'tsne_perplexity': 30.0, 'tsne_learning_rate': 200.0, 'tsne_random_state': 42, 'umap_n_neighbors': 4, 'umap_min_dist': 0.1, 'umap_random_state': 42, 'hierarchical_mode': True, 'hierarchical_layers': 1}"
8.3,0.66,0.15,1.9,0.079,17.0,42.0,0.9972,3.31,0.54,9.6,6,387,9.220402,5.4762683,UMAP,"{'method': 'UMAP', 'normalize': True, 'pca_components': 4, 'pca_x_component': 0, 'pca_y_component': 1, 'tsne_perplexity': 30.0, 'tsne_learning_rate': 200.0, 'tsne_random_state': 42, 'umap_n_neighbors': 4, 'umap_min_dist': 0.1, 'umap_random_state': 42, 'hierarchical_mode': True, 'hierarchical_layers': 1}"
9.5,0.78,0.22,1.9,0.077,6.0,32.0,0.9988,3.26,0.56,10.6,6,427,12.466873,-1.4133546,UMAP,"{'method': 'UMAP', 'normalize': True, 'pca_components': 4, 'pca_x_component': 0, 'pca_y_component': 1, 'tsne_perplexity': 30.0, 'tsne_learning_rate': 200.0, 'tsne_random_state': 42, 'umap_n_neighbors': 4, 'umap_min_dist': 0.1, 'umap_random_state': 42, 'hierarchical_mode': True, 'hierarchical_layers': 1}"
9.5,0.735,0.1,2.1,0.079,6.0,31.0,0.9986,3.23,0.56,10.1,6,445,12.401924,-1.3447676,UMAP,"{'method': 'UMAP', 'normalize': True, 'pca_components': 4, 'pca_x_component': 0, 'pca_y_component': 1, 'tsne_perplexity': 30.0, 'tsne_learning_rate': 200.0, 'tsne_random_state': 42, 'umap_n_neighbors': 4, 'umap_min_dist': 0.1, 'umap_random_state': 42, 'hierarchical_mode': True, 'hierarchical_layers': 1}"
8.6,0.53,0.22,2.0,0.1,7.0,27.0,0.9967,3.2,0.56,10.2,6,448,11.604032,3.081772,UMAP,"{'method': 'UMAP', 'normalize': True, 'pca_components': 4, 'pca_x_component': 0, 'pca_y_component': 1, 'tsne_perplexity': 30.0, 'tsne_learning_rate': 200.0, 'tsne_random_state': 42, 'umap_n_neighbors': 4, 'umap_min_dist': 0.1, 'umap_random_state': 42, 'hierarchical_mode': True, 'hierarchical_layers': 1}"
6.8,0.56,0.03,1.7,0.084,18.0,35.0,0.9968,3.44,0.63,10.0,6,452,7.026678,4.476279,UMAP,"{'method': 'UMAP', 'normalize': True, 'pca_components': 4, 'pca_x_component': 0, 'pca_y_component': 1, 'tsne_perplexity': 30.0, 'tsne_learning_rate': 200.0, 'tsne_random_state': 42, 'umap_n_neighbors': 4, 'umap_min_dist': 0.1, 'umap_random_state': 42, 'hierarchical_mode': True, 'hierarchical_layers': 1}"
9.4,0.685,0.11,2.7,0.077,6.0,31.0,0.9984,3.19,0.7,10.1,6,479,12.454312,-1.4163071,UMAP,"{'method': 'UMAP', 'normalize': True, 'pca_components': 4, 'pca_x_component': 0, 'pca_y_component': 1, 'tsne_perplexity': 30.0, 'tsne_learning_rate': 200.0, 'tsne_random_state': 42, 'umap_n_neighbors': 4, 'umap_min_dist': 0.1, 'umap_random_state': 42, 'hierarchical_mode': True, 'hierarchical_layers': 1}"
7.8,0.52,0.25,1.9,0.081,14.0,38.0,0.9984,3.43,0.65,9.0,6,496,9.625669,5.7844653,UMAP,"{'method': 'UMAP', 'normalize': True, 'pca_components': 4, 'pca_x_component': 0, 'pca_y_component': 1, 'tsne_perplexity': 30.0, 'tsne_learning_rate': 200.0, 'tsne_random_state': 42, 'umap_n_neighbors': 4, 'umap_min_dist': 0.1, 'umap_random_state': 42, 'hierarchical_mode': True, 'hierarchical_layers': 1}"
7.8,0.52,0.25,1.9,0.081,14.0,38.0,0.9984,3.43,0.65,9.0,6,500,9.589543,5.737116,UMAP,"{'method': 'UMAP', 'normalize': True, 'pca_components': 4, 'pca_x_component': 0, 'pca_y_component': 1, 'tsne_perplexity': 30.0, 'tsne_learning_rate': 200.0, 'tsne_random_state': 42, 'umap_n_neighbors': 4, 'umap_min_dist': 0.1, 'umap_random_state': 42, 'hierarchical_mode': True, 'hierarchical_layers': 1}"
8.1,0.825,0.24,2.1,0.084,5.0,13.0,0.9972,3.37,0.77,10.7,6,537,12.204243,-1.030154,UMAP,"{'method': 'UMAP', 'normalize': True, 'pca_components': 4, 'pca_x_component': 0, 'pca_y_component': 1, 'tsne_perplexity': 30.0, 'tsne_learning_rate': 200.0, 'tsne_random_state': 42, 'umap_n_neighbors': 4, 'umap_min_dist': 0.1, 'umap_random_state': 42, 'hierarchical_mode': True, 'hierarchical_layers': 1}"
7.5,0.55,0.24,2.0,0.078,10.0,28.0,0.9983,3.45,0.78,9.5,6,546,16.097769,-1.5138596,UMAP,"{'method': 'UMAP', 'normalize': True, 'pca_components': 4, 'pca_x_component': 0, 'pca_y_component': 1, 'tsne_perplexity': 30.0, 'tsne_learning_rate': 200.0, 'tsne_random_state': 42, 'umap_n_neighbors': 4, 'umap_min_dist': 0.1, 'umap_random_state': 42, 'hierarchical_mode': True, 'hierarchical_layers': 1}"
7.6,0.51,0.24,2.4,0.091,8.0,38.0,0.998,3.47,0.66,9.6,6,585,10.475017,5.3816996,UMAP,"{'method': 'UMAP', 'normalize': True, 'pca_components': 4, 'pca_x_component': 0, 'pca_y_component': 1, 'tsne_perplexity': 30.0, 'tsne_learning_rate': 200.0, 'tsne_random_state': 42, 'umap_n_neighbors': 4, 'umap_min_dist': 0.1, 'umap_random_state': 42, 'hierarchical_mode': True, 'hierarchical_layers': 1}"
8.5,0.585,0.18,2.1,0.078,5.0,30.0,0.9967,3.2,0.48,9.8,6,598,11.8612175,3.2850802,UMAP,"{'method': 'UMAP', 'normalize': True, 'pca_components': 4, 'pca_x_component': 0, 'pca_y_component': 1, 'tsne_perplexity': 30.0, 'tsne_learning_rate': 200.0, 'tsne_random_state': 42, 'umap_n_neighbors': 4, 'umap_min_dist': 0.1, 'umap_random_state': 42, 'hierarchical_mode': True, 'hierarchical_layers': 1}"
8.3,0.6,0.13,2.6,0.085,6.0,24.0,0.9984,3.31,0.59,9.2,6,605,13.243549,3.5281162,UMAP,"{'method': 'UMAP', 'normalize': True, 'pca_components': 4, 'pca_x_component': 0, 'pca_y_component': 1, 'tsne_perplexity': 30.0, 'tsne_learning_rate': 200.0, 'tsne_random_state': 42, 'umap_n_neighbors': 4, 'umap_min_dist': 0.1, 'umap_random_state': 42, 'hierarchical_mode': True, 'hierarchical_layers': 1}"
7.5,0.64,0.0,2.4,0.077,18.0,29.0,0.9965,3.32,0.6,10.0,6,612,8.820801,3.380481,UMAP,"{'method': 'UMAP', 'normalize': True, 'pca_components': 4, 'pca_x_component': 0, 'pca_y_component': 1, 'tsne_perplexity': 30.0, 'tsne_learning_rate': 200.0, 'tsne_random_state': 42, 'umap_n_neighbors': 4, 'umap_min_dist': 0.1, 'umap_random_state': 42, 'hierarchical_mode': True, 'hierarchical_layers': 1}"
8.7,0.54,0.26,2.5,0.097,7.0,31.0,0.9976,3.27,0.6,9.3,6,628,12.821331,3.3503895,UMAP,"{'method': 'UMAP', 'normalize': True, 'pca_components': 4, 'pca_x_component': 0, 'pca_y_component': 1, 'tsne_perplexity': 30.0, 'tsne_learning_rate': 200.0, 'tsne_random_state': 42, 'umap_n_neighbors': 4, 'umap_min_dist': 0.1, 'umap_random_state': 42, 'hierarchical_mode': True, 'hierarchical_layers': 1}"
8.7,0.54,0.26,2.5,0.097,7.0,31.0,0.9976,3.27,0.6,9.3,6,630,12.933627,3.43011,UMAP,"{'method': 'UMAP', 'normalize': True, 'pca_components': 4, 'pca_x_component': 0, 'pca_y_component': 1, 'tsne_perplexity': 30.0, 'tsne_learning_rate': 200.0, 'tsne_random_state': 42, 'umap_n_neighbors': 4, 'umap_min_dist': 0.1, 'umap_random_state': 42, 'hierarchical_mode': True, 'hierarchical_layers': 1}"
7.7,0.915,0.12,2.2,0.143,7.0,23.0,0.9964,3.35,0.65,10.2,7,638,11.397145,1.03763,UMAP,"{'method': 'UMAP', 'normalize': True, 'pca_components': 4, 'pca_x_component': 0, 'pca_y_component': 1, 'tsne_perplexity': 30.0, 'tsne_learning_rate': 200.0, 'tsne_random_state': 42, 'umap_n_neighbors': 4, 'umap_min_dist': 0.1, 'umap_random_state': 42, 'hierarchical_mode': True, 'hierarchical_layers': 1}"
7.2,0.52,0.07,1.4,0.074,5.0,20.0,0.9973,3.32,0.81,9.6,6,658,8.720103,0.9106215,UMAP,"{'method': 'UMAP', 'normalize': True, 'pca_components': 4, 'pca_x_component': 0, 'pca_y_component': 1, 'tsne_perplexity': 30.0, 'tsne_learning_rate': 200.0, 'tsne_random_state': 42, 'umap_n_neighbors': 4, 'umap_min_dist': 0.1, 'umap_random_state': 42, 'hierarchical_mode': True, 'hierarchical_layers': 1}"
7.2,0.52,0.07,1.4,0.074,5.0,20.0,0.9973,3.32,0.81,9.6,6,660,8.734895,0.86467695,UMAP,"{'method': 'UMAP', 'normalize': True, 'pca_components': 4, 'pca_x_component': 0, 'pca_y_component': 1, 'tsne_perplexity': 30.0, 'tsne_learning_rate': 200.0, 'tsne_random_state': 42, 'umap_n_neighbors': 4, 'umap_min_dist': 0.1, 'umap_random_state': 42, 'hierarchical_mode': True, 'hierarchical_layers': 1}"
7.2,0.57,0.06,1.6,0.076,9.0,27.0,0.9972,3.36,0.7,9.6,6,662,8.773064,0.84315526,UMAP,"{'method': 'UMAP', 'normalize': True, 'pca_components': 4, 'pca_x_component': 0, 'pca_y_component': 1, 'tsne_perplexity': 30.0, 'tsne_learning_rate': 200.0, 'tsne_random_state': 42, 'umap_n_neighbors': 4, 'umap_min_dist': 0.1, 'umap_random_state': 42, 'hierarchical_mode': True, 'hierarchical_layers': 1}"
8.0,0.45,0.23,2.2,0.094,16.0,29.0,0.9962,3.21,0.49,10.2,6,681,11.223812,3.1236522,UMAP,"{'method': 'UMAP', 'normalize': True, 'pca_components': 4, 'pca_x_component': 0, 'pca_y_component': 1, 'tsne_perplexity': 30.0, 'tsne_learning_rate': 200.0, 'tsne_random_state': 42, 'umap_n_neighbors': 4, 'umap_min_dist': 0.1, 'umap_random_state': 42, 'hierarchical_mode': True, 'hierarchical_layers': 1}"
7.8,0.545,0.12,2.5,0.068,11.0,35.0,0.996,3.34,0.61,11.6,6,708,7.861012,2.5599082,UMAP,"{'method': 'UMAP', 'normalize': True, 'pca_components': 4, 'pca_x_component': 0, 'pca_y_component': 1, 'tsne_perplexity': 30.0, 'tsne_learning_rate': 200.0, 'tsne_random_state': 42, 'umap_n_neighbors': 4, 'umap_min_dist': 0.1, 'umap_random_state': 42, 'hierarchical_mode': True, 'hierarchical_layers': 1}"
7.2,0.49,0.18,2.7,0.069,13.0,34.0,0.9967,3.29,0.48,9.2,6,715,8.713287,4.658079,UMAP,"{'method': 'UMAP', 'normalize': True, 'pca_components': 4, 'pca_x_component': 0, 'pca_y_component': 1, 'tsne_perplexity': 30.0, 'tsne_learning_rate': 200.0, 'tsne_random_state': 42, 'umap_n_neighbors': 4, 'umap_min_dist': 0.1, 'umap_random_state': 42, 'hierarchical_mode': True, 'hierarchical_layers': 1}"
8.1,0.72,0.09,2.8,0.084,18.0,49.0,0.9994,3.43,0.72,11.1,6,726,13.329722,-1.9350995,UMAP,"{'method': 'UMAP', 'normalize': True, 'pca_components': 4, 'pca_x_component': 0, 'pca_y_component': 1, 'tsne_perplexity': 30.0, 'tsne_learning_rate': 200.0, 'tsne_random_state': 42, 'umap_n_neighbors': 4, 'umap_min_dist': 0.1, 'umap_random_state': 42, 'hierarchical_mode': True, 'hierarchical_layers': 1}"
8.2,0.59,0.0,2.5,0.093,19.0,58.0,1.0002,3.5,0.65,9.3,6,737,14.044439,-2.6626859,UMAP,"{'method': 'UMAP', 'normalize': True, 'pca_components': 4, 'pca_x_component': 0, 'pca_y_component': 1, 'tsne_perplexity': 30.0, 'tsne_learning_rate': 200.0, 'tsne_random_state': 42, 'umap_n_neighbors': 4, 'umap_min_dist': 0.1, 'umap_random_state': 42, 'hierarchical_mode': True, 'hierarchical_layers': 1}"
7.3,0.51,0.18,2.1,0.07,12.0,28.0,0.99768,3.52,0.73,9.5,6,745,15.982096,-1.6454095,UMAP,"{'method': 'UMAP', 'normalize': True, 'pca_components': 4, 'pca_x_component': 0, 'pca_y_component': 1, 'tsne_perplexity': 30.0, 'tsne_learning_rate': 200.0, 'tsne_random_state': 42, 'umap_n_neighbors': 4, 'umap_min_dist': 0.1, 'umap_random_state': 42, 'hierarchical_mode': True, 'hierarchical_layers': 1}"
7.2,0.5,0.18,2.1,0.071,12.0,31.0,0.99761,3.52,0.72,9.6,6,748,15.788792,-1.8297983,UMAP,"{'method': 'UMAP', 'normalize': True, 'pca_components': 4, 'pca_x_component': 0, 'pca_y_component': 1, 'tsne_perplexity': 30.0, 'tsne_learning_rate': 200.0, 'tsne_random_state': 42, 'umap_n_neighbors': 4, 'umap_min_dist': 0.1, 'umap_random_state': 42, 'hierarchical_mode': True, 'hierarchical_layers': 1}"
7.3,0.51,0.18,2.1,0.07,12.0,28.0,0.99768,3.52,0.73,9.5,6,749,16.01422,-1.6170094,UMAP,"{'method': 'UMAP', 'normalize': True, 'pca_components': 4, 'pca_x_component': 0, 'pca_y_component': 1, 'tsne_perplexity': 30.0, 'tsne_learning_rate': 200.0, 'tsne_random_state': 42, 'umap_n_neighbors': 4, 'umap_min_dist': 0.1, 'umap_random_state': 42, 'hierarchical_mode': True, 'hierarchical_layers': 1}"
8.8,0.7,0.0,1.7,0.069,8.0,19.0,0.99701,3.31,0.53,10.0,6,762,12.025563,1.784216,UMAP,"{'method': 'UMAP', 'normalize': True, 'pca_components': 4, 'pca_x_component': 0, 'pca_y_component': 1, 'tsne_perplexity': 30.0, 'tsne_learning_rate': 200.0, 'tsne_random_state': 42, 'umap_n_neighbors': 4, 'umap_min_dist': 0.1, 'umap_random_state': 42, 'hierarchical_mode': True, 'hierarchical_layers': 1}"
9.1,0.68,0.11,2.8,0.093,11.0,44.0,0.99888,3.31,0.55,9.5,6,764,13.642413,3.7192779,UMAP,"{'method': 'UMAP', 'normalize': True, 'pca_components': 4, 'pca_x_component': 0, 'pca_y_component': 1, 'tsne_perplexity': 30.0, 'tsne_learning_rate': 200.0, 'tsne_random_state': 42, 'umap_n_neighbors': 4, 'umap_min_dist': 0.1, 'umap_random_state': 42, 'hierarchical_mode': True, 'hierarchical_layers': 1}"
9.2,0.67,0.1,3.0,0.091,12.0,48.0,0.99888,3.31,0.54,9.5,6,765,13.558758,3.7985733,UMAP,"{'method': 'UMAP', 'normalize': True, 'pca_components': 4, 'pca_x_component': 0, 'pca_y_component': 1, 'tsne_perplexity': 30.0, 'tsne_learning_rate': 200.0, 'tsne_random_state': 42, 'umap_n_neighbors': 4, 'umap_min_dist': 0.1, 'umap_random_state': 42, 'hierarchical_mode': True, 'hierarchical_layers': 1}"
7.1,0.59,0.02,2.3,0.082,24.0,94.0,0.99744,3.55,0.53,9.7,6,768,14.409254,-2.7897317,UMAP,"{'method': 'UMAP', 'normalize': True, 'pca_components': 4, 'pca_x_component': 0, 'pca_y_component': 1, 'tsne_perplexity': 30.0, 'tsne_learning_rate': 200.0, 'tsne_random_state': 42, 'umap_n_neighbors': 4, 'umap_min_dist': 0.1, 'umap_random_state': 42, 'hierarchical_mode': True, 'hierarchical_layers': 1}"
7.1,0.59,0.02,2.3,0.082,24.0,94.0,0.99744,3.55,0.53,9.7,6,770,14.416579,-2.7501838,UMAP,"{'method': 'UMAP', 'normalize': True, 'pca_components': 4, 'pca_x_component': 0, 'pca_y_component': 1, 'tsne_perplexity': 30.0, 'tsne_learning_rate': 200.0, 'tsne_random_state': 42, 'umap_n_neighbors': 4, 'umap_min_dist': 0.1, 'umap_random_state': 42, 'hierarchical_mode': True, 'hierarchical_layers': 1}"
7.1,0.61,0.02,2.5,0.081,17.0,87.0,0.99745,3.48,0.6,9.7,6,792,14.196154,-2.569942,UMAP,"{'method': 'UMAP', 'normalize': True, 'pca_components': 4, 'pca_x_component': 0, 'pca_y_component': 1, 'tsne_perplexity': 30.0, 'tsne_learning_rate': 200.0, 'tsne_random_state': 42, 'umap_n_neighbors': 4, 'umap_min_dist': 0.1, 'umap_random_state': 42, 'hierarchical_mode': True, 'hierarchical_layers': 1}"
7.7,0.56,0.08,2.5,0.114,14.0,46.0,0.9971,3.24,0.66,9.6,6,803,12.265837,-2.0713112,UMAP,"{'method': 'UMAP', 'normalize': True, 'pca_components': 4, 'pca_x_component': 0, 'pca_y_component': 1, 'tsne_perplexity': 30.0, 'tsne_learning_rate': 200.0, 'tsne_random_state': 42, 'umap_n_neighbors': 4, 'umap_min_dist': 0.1, 'umap_random_state': 42, 'hierarchical_mode': True, 'hierarchical_layers': 1}"
8.4,0.52,0.22,2.7,0.084,4.0,18.0,0.99682,3.26,0.57,9.9,6,804,12.566263,3.295269,UMAP,"{'method': 'UMAP', 'normalize': True, 'pca_components': 4, 'pca_x_component': 0, 'pca_y_component': 1, 'tsne_perplexity': 30.0, 'tsne_learning_rate': 200.0, 'tsne_random_state': 42, 'umap_n_neighbors': 4, 'umap_min_dist': 0.1, 'umap_random_state': 42, 'hierarchical_mode': True, 'hierarchical_layers': 1}"
7.6,0.48,0.31,2.8,0.07,4.0,15.0,0.99693,3.22,0.55,10.3,6,809,12.36833,3.5904,UMAP,"{'method': 'UMAP', 'normalize': True, 'pca_components': 4, 'pca_x_component': 0, 'pca_y_component': 1, 'tsne_perplexity': 30.0, 'tsne_learning_rate': 200.0, 'tsne_random_state': 42, 'umap_n_neighbors': 4, 'umap_min_dist': 0.1, 'umap_random_state': 42, 'hierarchical_mode': True, 'hierarchical_layers': 1}"
7.4,0.68,0.16,1.8,0.078,12.0,39.0,0.9977,3.5,0.7,9.9,6,847,15.616154,-1.9531701,UMAP,"{'method': 'UMAP', 'normalize': True, 'pca_components': 4, 'pca_x_component': 0, 'pca_y_component': 1, 'tsne_perplexity': 30.0, 'tsne_learning_rate': 200.0, 'tsne_random_state': 42, 'umap_n_neighbors': 4, 'umap_min_dist': 0.1, 'umap_random_state': 42, 'hierarchical_mode': True, 'hierarchical_layers': 1}"
9.0,0.8,0.12,2.4,0.083,8.0,28.0,0.99836,3.33,0.65,10.4,6,886,12.631474,-1.5827426,UMAP,"{'method': 'UMAP', 'normalize': True, 'pca_components': 4, 'pca_x_component': 0, 'pca_y_component': 1, 'tsne_perplexity': 30.0, 'tsne_learning_rate': 200.0, 'tsne_random_state': 42, 'umap_n_neighbors': 4, 'umap_min_dist': 0.1, 'umap_random_state': 42, 'hierarchical_mode': True, 'hierarchical_layers': 1}"
7.2,0.63,0.03,2.2,0.08,17.0,88.0,0.99745,3.53,0.58,9.8,6,894,14.458856,-2.8056626,UMAP,"{'method': 'UMAP', 'normalize': True, 'pca_components': 4, 'pca_x_component': 0, 'pca_y_component': 1, 'tsne_perplexity': 30.0, 'tsne_learning_rate': 200.0, 'tsne_random_state': 42, 'umap_n_neighbors': 4, 'umap_min_dist': 0.1, 'umap_random_state': 42, 'hierarchical_mode': True, 'hierarchical_layers': 1}"
7.7,0.6,0.06,2.0,0.079,19.0,41.0,0.99697,3.39,0.62,10.1,6,995,7.6669326,4.9014106,UMAP,"{'method': 'UMAP', 'normalize': True, 'pca_components': 4, 'pca_x_component': 0, 'pca_y_component': 1, 'tsne_perplexity': 30.0, 'tsne_learning_rate': 200.0, 'tsne_random_state': 42, 'umap_n_neighbors': 4, 'umap_min_dist': 0.1, 'umap_random_state': 42, 'hierarchical_mode': True, 'hierarchical_layers': 1}"
7.5,0.71,0.0,1.6,0.092,22.0,31.0,0.99635,3.38,0.58,10.0,6,1013,7.3253536,4.8127003,UMAP,"{'method': 'UMAP', 'normalize': True, 'pca_components': 4, 'pca_x_component': 0, 'pca_y_component': 1, 'tsne_perplexity': 30.0, 'tsne_learning_rate': 200.0, 'tsne_random_state': 42, 'umap_n_neighbors': 4, 'umap_min_dist': 0.1, 'umap_random_state': 42, 'hierarchical_mode': True, 'hierarchical_layers': 1}"
8.0,0.58,0.16,2.0,0.12,3.0,7.0,0.99454,3.22,0.58,11.2,6,1014,10.978045,2.7540364,UMAP,"{'method': 'UMAP', 'normalize': True, 'pca_components': 4, 'pca_x_component': 0, 'pca_y_component': 1, 'tsne_perplexity': 30.0, 'tsne_learning_rate': 200.0, 'tsne_random_state': 42, 'umap_n_neighbors': 4, 'umap_min_dist': 0.1, 'umap_random_state': 42, 'hierarchical_mode': True, 'hierarchical_layers': 1}"
8.6,0.83,0.0,2.8,0.095,17.0,43.0,0.99822,3.33,0.6,10.4,6,1025,13.03136,-1.6337398,UMAP,"{'method': 'UMAP', 'normalize': True, 'pca_components': 4, 'pca_x_component': 0, 'pca_y_component': 1, 'tsne_perplexity': 30.0, 'tsne_learning_rate': 200.0, 'tsne_random_state': 42, 'umap_n_neighbors': 4, 'umap_min_dist': 0.1, 'umap_random_state': 42, 'hierarchical_mode': True, 'hierarchical_layers': 1}"
7.5,0.57,0.08,2.6,0.089,14.0,27.0,0.99592,3.3,0.59,10.4,6,1033,9.482262,3.2374277,UMAP,"{'method': 'UMAP', 'normalize': True, 'pca_components': 4, 'pca_x_component': 0, 'pca_y_component': 1, 'tsne_perplexity': 30.0, 'tsne_learning_rate': 200.0, 'tsne_random_state': 42, 'umap_n_neighbors': 4, 'umap_min_dist': 0.1, 'umap_random_state': 42, 'hierarchical_mode': True, 'hierarchical_layers': 1}"
8.9,0.745,0.18,2.5,0.077,15.0,48.0,0.99739,3.2,0.47,9.7,6,1034,13.677802,3.7320526,UMAP,"{'method': 'UMAP', 'normalize': True, 'pca_components': 4, 'pca_x_component': 0, 'pca_y_component': 1, 'tsne_perplexity': 30.0, 'tsne_learning_rate': 200.0, 'tsne_random_state': 42, 'umap_n_neighbors': 4, 'umap_min_dist': 0.1, 'umap_random_state': 42, 'hierarchical_mode': True, 'hierarchical_layers': 1}"
7.7,0.61,0.18,2.4,0.083,6.0,20.0,0.9963,3.29,0.6,10.2,6,1065,12.417649,3.2015834,UMAP,"{'method': 'UMAP', 'normalize': True, 'pca_components': 4, 'pca_x_component': 0, 'pca_y_component': 1, 'tsne_perplexity': 30.0, 'tsne_learning_rate': 200.0, 'tsne_random_state': 42, 'umap_n_neighbors': 4, 'umap_min_dist': 0.1, 'umap_random_state': 42, 'hierarchical_mode': True, 'hierarchical_layers': 1}"
8.3,0.53,0.0,1.4,0.07,6.0,14.0,0.99593,3.25,0.64,10.0,6,1110,11.936482,1.8482299,UMAP,"{'method': 'UMAP', 'normalize': True, 'pca_components': 4, 'pca_x_component': 0, 'pca_y_component': 1, 'tsne_perplexity': 30.0, 'tsne_learning_rate': 200.0, 'tsne_random_state': 42, 'umap_n_neighbors': 4, 'umap_min_dist': 0.1, 'umap_random_state': 42, 'hierarchical_mode': True, 'hierarchical_layers': 1}"
9.1,0.6,0.0,1.9,0.058,5.0,10.0,0.9977,3.18,0.63,10.4,6,1130,12.144575,1.6526328,UMAP,"{'method': 'UMAP', 'normalize': True, 'pca_components': 4, 'pca_x_component': 0, 'pca_y_component': 1, 'tsne_perplexity': 30.0, 'tsne_learning_rate': 200.0, 'tsne_random_state': 42, 'umap_n_neighbors': 4, 'umap_min_dist': 0.1, 'umap_random_state': 42, 'hierarchical_mode': True, 'hierarchical_layers': 1}"
7.7,0.57,0.21,1.5,0.069,4.0,9.0,0.99458,3.16,0.54,9.8,6,1197,11.854009,4.0322742,UMAP,"{'method': 'UMAP', 'normalize': True, 'pca_components': 4, 'pca_x_component': 0, 'pca_y_component': 1, 'tsne_perplexity': 30.0, 'tsne_learning_rate': 200.0, 'tsne_random_state': 42, 'umap_n_neighbors': 4, 'umap_min_dist': 0.1, 'umap_random_state': 42, 'hierarchical_mode': True, 'hierarchical_layers': 1}"
7.7,0.57,0.21,1.5,0.069,4.0,9.0,0.99458,3.16,0.54,9.8,6,1200,11.845934,4.0992875,UMAP,"{'method': 'UMAP', 'normalize': True, 'pca_components': 4, 'pca_x_component': 0, 'pca_y_component': 1, 'tsne_perplexity': 30.0, 'tsne_learning_rate': 200.0, 'tsne_random_state': 42, 'umap_n_neighbors': 4, 'umap_min_dist': 0.1, 'umap_random_state': 42, 'hierarchical_mode': True, 'hierarchical_layers': 1}"
6.8,0.65,0.02,2.1,0.078,8.0,15.0,0.99498,3.35,0.62,10.4,6,1210,8.844867,2.36885,UMAP,"{'method': 'UMAP', 'normalize': True, 'pca_components': 4, 'pca_x_component': 0, 'pca_y_component': 1, 'tsne_perplexity': 30.0, 'tsne_learning_rate': 200.0, 'tsne_random_state': 42, 'umap_n_neighbors': 4, 'umap_min_dist': 0.1, 'umap_random_state': 42, 'hierarchical_mode': True, 'hierarchical_layers': 1}"
6.8,0.65,0.02,2.1,0.078,8.0,15.0,0.99498,3.35,0.62,10.4,6,1212,8.872192,2.3387835,UMAP,"{'method': 'UMAP', 'normalize': True, 'pca_components': 4, 'pca_x_component': 0, 'pca_y_component': 1, 'tsne_perplexity': 30.0, 'tsne_learning_rate': 200.0, 'tsne_random_state': 42, 'umap_n_neighbors': 4, 'umap_min_dist': 0.1, 'umap_random_state': 42, 'hierarchical_mode': True, 'hierarchical_layers': 1}"
7.8,0.55,0.0,1.7,0.07,7.0,17.0,0.99659,3.26,0.64,9.4,6,1236,11.752216,1.8254865,UMAP,"{'method': 'UMAP', 'normalize': True, 'pca_components': 4, 'pca_x_component': 0, 'pca_y_component': 1, 'tsne_perplexity': 30.0, 'tsne_learning_rate': 200.0, 'tsne_random_state': 42, 'umap_n_neighbors': 4, 'umap_min_dist': 0.1, 'umap_random_state': 42, 'hierarchical_mode': True, 'hierarchical_layers': 1}"
7.2,0.57,0.05,2.3,0.081,16.0,36.0,0.99564,3.38,0.6,10.3,6,1265,8.868007,3.2998133,UMAP,"{'method': 'UMAP', 'normalize': True, 'pca_components': 4, 'pca_x_component': 0, 'pca_y_component': 1, 'tsne_perplexity': 30.0, 'tsne_learning_rate': 200.0, 'tsne_random_state': 42, 'umap_n_neighbors': 4, 'umap_min_dist': 0.1, 'umap_random_state': 42, 'hierarchical_mode': True, 'hierarchical_layers': 1}"
7.2,0.57,0.05,2.3,0.081,16.0,36.0,0.99564,3.38,0.6,10.3,6,1266,8.907731,3.292774,UMAP,"{'method': 'UMAP', 'normalize': True, 'pca_components': 4, 'pca_x_component': 0, 'pca_y_component': 1, 'tsne_perplexity': 30.0, 'tsne_learning_rate': 200.0, 'tsne_random_state': 42, 'umap_n_neighbors': 4, 'umap_min_dist': 0.1, 'umap_random_state': 42, 'hierarchical_mode': True, 'hierarchical_layers': 1}"
7.8,0.58,0.13,2.1,0.102,17.0,36.0,0.9944,3.24,0.53,11.2,6,1274,10.613297,3.0866995,UMAP,"{'method': 'UMAP', 'normalize': True, 'pca_components': 4, 'pca_x_component': 0, 'pca_y_component': 1, 'tsne_perplexity': 30.0, 'tsne_learning_rate': 200.0, 'tsne_random_state': 42, 'umap_n_neighbors': 4, 'umap_min_dist': 0.1, 'umap_random_state': 42, 'hierarchical_mode': True, 'hierarchical_layers': 1}"
7.0,0.69,0.0,1.9,0.114,3.0,10.0,0.99636,3.35,0.6,9.7,6,1277,11.498268,0.9439045,UMAP,"{'method': 'UMAP', 'normalize': True, 'pca_components': 4, 'pca_x_component': 0, 'pca_y_component': 1, 'tsne_perplexity': 30.0, 'tsne_learning_rate': 200.0, 'tsne_random_state': 42, 'umap_n_neighbors': 4, 'umap_min_dist': 0.1, 'umap_random_state': 42, 'hierarchical_mode': True, 'hierarchical_layers': 1}"
7.9,0.765,0.0,2.0,0.084,9.0,22.0,0.99619,3.33,0.68,10.9,6,1282,8.93913,2.0500464,UMAP,"{'method': 'UMAP', 'normalize': True, 'pca_components': 4, 'pca_x_component': 0, 'pca_y_component': 1, 'tsne_perplexity': 30.0, 'tsne_learning_rate': 200.0, 'tsne_random_state': 42, 'umap_n_neighbors': 4, 'umap_min_dist': 0.1, 'umap_random_state': 42, 'hierarchical_mode': True, 'hierarchical_layers': 1}"
8.4,0.39,0.1,1.7,0.075,6.0,25.0,0.99581,3.09,0.43,9.7,6,1332,11.854767,3.7132723,UMAP,"{'method': 'UMAP', 'normalize': True, 'pca_components': 4, 'pca_x_component': 0, 'pca_y_component': 1, 'tsne_perplexity': 30.0, 'tsne_learning_rate': 200.0, 'tsne_random_state': 42, 'umap_n_neighbors': 4, 'umap_min_dist': 0.1, 'umap_random_state': 42, 'hierarchical_mode': True, 'hierarchical_layers': 1}"
7.5,0.51,0.02,1.7,0.084,13.0,31.0,0.99538,3.36,0.54,10.5,6,1339,6.1615267,5.379918,UMAP,"{'method': 'UMAP', 'normalize': True, 'pca_components': 4, 'pca_x_component': 0, 'pca_y_component': 1, 'tsne_perplexity': 30.0, 'tsne_learning_rate': 200.0, 'tsne_random_state': 42, 'umap_n_neighbors': 4, 'umap_min_dist': 0.1, 'umap_random_state': 42, 'hierarchical_mode': True, 'hierarchical_layers': 1}"
7.5,0.51,0.02,1.7,0.084,13.0,31.0,0.99538,3.36,0.54,10.5,6,1340,6.160995,5.44069,UMAP,"{'method': 'UMAP', 'normalize': True, 'pca_components': 4, 'pca_x_component': 0, 'pca_y_component': 1, 'tsne_perplexity': 30.0, 'tsne_learning_rate': 200.0, 'tsne_random_state': 42, 'umap_n_neighbors': 4, 'umap_min_dist': 0.1, 'umap_random_state': 42, 'hierarchical_mode': True, 'hierarchical_layers': 1}"
7.5,0.51,0.02,1.7,0.084,13.0,31.0,0.99538,3.36,0.54,10.5,6,1341,6.049522,5.4126954,UMAP,"{'method': 'UMAP', 'normalize': True, 'pca_components': 4, 'pca_x_component': 0, 'pca_y_component': 1, 'tsne_perplexity': 30.0, 'tsne_learning_rate': 200.0, 'tsne_random_state': 42, 'umap_n_neighbors': 4, 'umap_min_dist': 0.1, 'umap_random_state': 42, 'hierarchical_mode': True, 'hierarchical_layers': 1}"
7.6,0.54,0.02,1.7,0.085,17.0,31.0,0.99589,3.37,0.51,10.4,6,1342,6.3473806,5.366169,UMAP,"{'method': 'UMAP', 'normalize': True, 'pca_components': 4, 'pca_x_component': 0, 'pca_y_component': 1, 'tsne_perplexity': 30.0, 'tsne_learning_rate': 200.0, 'tsne_random_state': 42, 'umap_n_neighbors': 4, 'umap_min_dist': 0.1, 'umap_random_state': 42, 'hierarchical_mode': True, 'hierarchical_layers': 1}"
7.5,0.51,0.02,1.7,0.084,13.0,31.0,0.99538,3.36,0.54,10.5,6,1343,5.9155135,5.3371043,UMAP,"{'method': 'UMAP', 'normalize': True, 'pca_components': 4, 'pca_x_component': 0, 'pca_y_component': 1, 'tsne_perplexity': 30.0, 'tsne_learning_rate': 200.0, 'tsne_random_state': 42, 'umap_n_neighbors': 4, 'umap_min_dist': 0.1, 'umap_random_state': 42, 'hierarchical_mode': True, 'hierarchical_layers': 1}"
8.2,0.44,0.24,2.3,0.063,10.0,28.0,0.99613,3.25,0.53,10.2,6,1345,11.999084,3.7446547,UMAP,"{'method': 'UMAP', 'normalize': True, 'pca_components': 4, 'pca_x_component': 0, 'pca_y_component': 1, 'tsne_perplexity': 30.0, 'tsne_learning_rate': 200.0, 'tsne_random_state': 42, 'umap_n_neighbors': 4, 'umap_min_dist': 0.1, 'umap_random_state': 42, 'hierarchical_mode': True, 'hierarchical_layers': 1}"
7.5,0.57,0.02,2.6,0.077,11.0,35.0,0.99557,3.36,0.62,10.8,6,1379,7.9499955,2.6280067,UMAP,"{'method': 'UMAP', 'normalize': True, 'pca_components': 4, 'pca_x_component': 0, 'pca_y_component': 1, 'tsne_perplexity': 30.0, 'tsne_learning_rate': 200.0, 'tsne_random_state': 42, 'umap_n_neighbors': 4, 'umap_min_dist': 0.1, 'umap_random_state': 42, 'hierarchical_mode': True, 'hierarchical_layers': 1}"
7.5,0.57,0.02,2.6,0.077,11.0,35.0,0.99557,3.36,0.62,10.8,6,1380,7.9147053,2.5942564,UMAP,"{'method': 'UMAP', 'normalize': True, 'pca_components': 4, 'pca_x_component': 0, 'pca_y_component': 1, 'tsne_perplexity': 30.0, 'tsne_learning_rate': 200.0, 'tsne_random_state': 42, 'umap_n_neighbors': 4, 'umap_min_dist': 0.1, 'umap_random_state': 42, 'hierarchical_mode': True, 'hierarchical_layers': 1}"
8.6,0.685,0.1,1.6,0.092,3.0,12.0,0.99745,3.31,0.65,9.55,6,1395,11.969386,2.2758563,UMAP,"{'method': 'UMAP', 'normalize': True, 'pca_components': 4, 'pca_x_component': 0, 'pca_y_component': 1, 'tsne_perplexity': 30.0, 'tsne_learning_rate': 200.0, 'tsne_random_state': 42, 'umap_n_neighbors': 4, 'umap_min_dist': 0.1, 'umap_random_state': 42, 'hierarchical_mode': True, 'hierarchical_layers': 1}"
6.8,0.64,0.03,2.3,0.075,14.0,31.0,0.99545,3.36,0.58,10.4,6,1462,8.672767,2.778728,UMAP,"{'method': 'UMAP', 'normalize': True, 'pca_components': 4, 'pca_x_component': 0, 'pca_y_component': 1, 'tsne_perplexity': 30.0, 'tsne_learning_rate': 200.0, 'tsne_random_state': 42, 'umap_n_neighbors': 4, 'umap_min_dist': 0.1, 'umap_random_state': 42, 'hierarchical_mode': True, 'hierarchical_layers': 1}"
6.9,0.63,0.01,2.4,0.076,14.0,39.0,0.99522,3.34,0.53,10.8,6,1463,8.172908,2.7744677,UMAP,"{'method': 'UMAP', 'normalize': True, 'pca_components': 4, 'pca_x_component': 0, 'pca_y_component': 1, 'tsne_perplexity': 30.0, 'tsne_learning_rate': 200.0, 'tsne_random_state': 42, 'umap_n_neighbors': 4, 'umap_min_dist': 0.1, 'umap_random_state': 42, 'hierarchical_mode': True, 'hierarchical_layers': 1}"
6.9,0.84,0.21,4.1,0.074,16.0,65.0,0.99842,3.53,0.72,9.23333333333333,6,1514,13.859154,-2.4097993,UMAP,"{'method': 'UMAP', 'normalize': True, 'pca_components': 4, 'pca_x_component': 0, 'pca_y_component': 1, 'tsne_perplexity': 30.0, 'tsne_learning_rate': 200.0, 'tsne_random_state': 42, 'umap_n_neighbors': 4, 'umap_min_dist': 0.1, 'umap_random_state': 42, 'hierarchical_mode': True, 'hierarchical_layers': 1}"
6.9,0.84,0.21,4.1,0.074,16.0,65.0,0.99842,3.53,0.72,9.25,6,1515,13.894546,-2.2101245,UMAP,"{'method': 'UMAP', 'normalize': True, 'pca_components': 4, 'pca_x_component': 0, 'pca_y_component': 1, 'tsne_perplexity': 30.0, 'tsne_learning_rate': 200.0, 'tsne_random_state': 42, 'umap_n_neighbors': 4, 'umap_min_dist': 0.1, 'umap_random_state': 42, 'hierarchical_mode': True, 'hierarchical_layers': 1}"
6.8,0.47,0.08,2.2,0.064,18.0,38.0,0.99553,3.3,0.65,9.6,6,1526,8.247287,4.377826,UMAP,"{'method': 'UMAP', 'normalize': True, 'pca_components': 4, 'pca_x_component': 0, 'pca_y_component': 1, 'tsne_perplexity': 30.0, 'tsne_learning_rate': 200.0, 'tsne_random_state': 42, 'umap_n_neighbors': 4, 'umap_min_dist': 0.1, 'umap_random_state': 42, 'hierarchical_mode': True, 'hierarchical_layers': 1}"
7.1,0.53,0.07,1.7,0.071,15.0,24.0,0.9951,3.29,0.66,10.8,6,1527,6.170193,5.4159417,UMAP,"{'method': 'UMAP', 'normalize': True, 'pca_components': 4, 'pca_x_component': 0, 'pca_y_component': 1, 'tsne_perplexity': 30.0, 'tsne_learning_rate': 200.0, 'tsne_random_state': 42, 'umap_n_neighbors': 4, 'umap_min_dist': 0.1, 'umap_random_state': 42, 'hierarchical_mode': True, 'hierarchical_layers': 1}"
7.2,0.53,0.13,2.0,0.058,18.0,22.0,0.99573,3.21,0.68,9.9,6,1532,8.233342,4.346333,UMAP,"{'method': 'UMAP', 'normalize': True, 'pca_components': 4, 'pca_x_component': 0, 'pca_y_component': 1, 'tsne_perplexity': 30.0, 'tsne_learning_rate': 200.0, 'tsne_random_state': 42, 'umap_n_neighbors': 4, 'umap_min_dist': 0.1, 'umap_random_state': 42, 'hierarchical_mode': True, 'hierarchical_layers': 1}"
7.0,0.55,0.13,2.2,0.075,15.0,35.0,0.9959,3.36,0.59,9.7,6,1535,8.612878,4.105898,UMAP,"{'method': 'UMAP', 'normalize': True, 'pca_components': 4, 'pca_x_component': 0, 'pca_y_component': 1, 'tsne_perplexity': 30.0, 'tsne_learning_rate': 200.0, 'tsne_random_state': 42, 'umap_n_neighbors': 4, 'umap_min_dist': 0.1, 'umap_random_state': 42, 'hierarchical_mode': True, 'hierarchical_layers': 1}"
