dataset,build,leaf_id,leaf_n,leaf_depth,k,degenerate,eligible,trust_leaf,trust_root,cont_leaf,cont_root,delta_trust,delta_cont
Wine quality (Low),0,0,81,2,20,False,True,0.8597848673756265,0.8543821048771545,0.8923725705903923,0.8913091309130914,0.005402762498472047,0.001063439677300937
Wine quality (Low),0,1,25,4,12,False,False,0.8138461538461538,0.693846153846154,0.8317948717948718,0.7364102564102564,0.11999999999999977,0.0953846153846154
Wine quality (Low),0,2,25,4,12,False,False,0.7384615384615385,0.7610256410256412,0.7861538461538463,0.7887179487179486,-0.022564102564102684,-0.002564102564102333
Wine quality (Low),0,3,35,3,17,False,False,0.7028944911297852,0.6896358543417367,0.7542483660130721,0.777217553688142,0.013258636788048506,-0.022969187675069946
Wine quality (Low),0,4,31,2,15,False,False,0.7645161290322581,0.8131720430107526,0.7201612903225806,0.8370967741935483,-0.04865591397849456,-0.11693548387096775
Wine quality (Low),0,5,46,2,20,False,True,0.8699859747545583,0.8858345021037869,0.9131837307152872,0.9342215988779804,-0.01584852734922859,-0.021037868162693152
Wine quality (Low),0,6,34,2,16,False,False,0.8403637770897833,0.8395897832817337,0.8581656346749226,0.838235294117647,0.0007739938080495445,0.019930340557275605
Wine quality (Low),0,7,33,2,16,False,False,0.7655971479500892,0.7399732620320857,0.8094919786096257,0.7486631016042782,0.025623885918003464,0.06082887700534756
Wine quality (Low),0,8,49,2,20,False,True,0.8333149476006619,0.8073359073359073,0.8404302261445119,0.8388306674020959,0.025979040264754616,0.0015995587424160185
Wine quality (Low),0,9,39,2,19,False,False,0.7916329284750337,0.7634278002699055,0.8304993252361674,0.769365721997301,0.028205128205128216,0.06113360323886641
Wine quality (Low),0,10,39,2,19,False,False,0.7411605937921727,0.7647773279352227,0.8183535762483131,0.8114709851551958,-0.02361673414304999,0.006882591093117285
Wine quality (Low),0,11,51,2,20,False,True,0.8057388809182207,0.7576279292204687,0.8134385461501675,0.7859397417503587,0.048110951697751925,0.027498804399808785
Wine quality (Low),0,12,44,2,20,False,True,0.8089225589225588,0.7454545454545454,0.8365319865319866,0.7408249158249159,0.06346801346801345,0.09570707070707063
Wine quality (Low),0,13,69,2,20,False,True,0.8444569922830791,0.8365142104272539,0.8696969696969695,0.8702051571616789,0.007942781855825198,-0.0005081874647093754
Wine quality (Low),0,14,76,2,20,False,True,0.820242914979757,0.770401966454598,0.8444910352805091,0.8125072296124927,0.04984094852515897,0.031983805668016396
Wine quality (Low),1,0,43,3,20,False,True,0.7540465116279069,0.7294883720930232,0.7912558139534882,0.7412093023255814,0.024558139534883727,0.05004651162790685
Wine quality (Low),1,1,79,3,20,False,True,0.8257340467179956,0.8433250685110271,0.8537517943364219,0.8551611640349734,-0.017591021793031514,-0.0014093696985515436
Wine quality (Low),1,2,78,2,20,False,True,0.8622537112010797,0.8439811066126857,0.886828609986505,0.8885425101214574,0.01827260458839408,-0.0017139001349523175
Wine quality (Low),1,3,35,1,17,False,False,0.8276377217553689,0.8380952380952382,0.8224089635854342,0.842950513538749,-0.010457516339869355,-0.020541549953314697
Wine quality (Low),1,4,47,2,20,False,True,0.893359123146357,0.8830431979368148,0.9270148291424888,0.9245003223726628,0.010315925209542165,0.002514506769826008
Wine quality (Low),1,5,32,2,15,False,False,0.7819444444444443,0.7932870370370371,0.8208333333333333,0.8430555555555556,-0.011342592592592737,-0.022222222222222254
Wine quality (Low),1,6,68,2,20,False,True,0.8699411764705882,0.8438823529411765,0.9137058823529411,0.8899607843137256,0.02605882352941169,0.02374509803921554
Wine quality (Low),1,7,57,2,20,False,True,0.8393247269116187,0.7749751737835154,0.8641840450182059,0.8163853028798411,0.06434955312810331,0.04779874213836477
Wine quality (Low),1,8,37,2,18,False,False,0.7022285443338077,0.798640746009167,0.7547020704915441,0.7795163584637269,-0.09641220167535935,-0.02481428797218277
Wine quality (Low),1,9,37,3,18,False,False,0.8430535798956851,0.6899004267425319,0.8052789631737001,0.6642958748221907,0.15315315315315314,0.1409830883515094
Wine quality (Low),1,10,27,3,13,False,False,0.7570207570207571,0.7012617012617013,0.733007733007733,0.7199837199837199,0.05575905575905582,0.013024013024013126
Wine quality (Low),1,11,39,3,19,False,False,0.758029689608637,0.7141700404858299,0.7390013495276654,0.7561403508771931,0.043859649122807154,-0.017139001349527727
Wine quality (Low),1,12,46,3,20,False,True,0.746704067321178,0.6578541374474053,0.7657784011220198,0.6635343618513323,0.08884992987377272,0.10224403927068748
Wine quality (Low),1,13,33,2,16,False,False,0.7615864527629234,0.8190730837789661,0.8299910873440286,0.8527183600713013,-0.05748663101604279,-0.022727272727272707
Wine quality (Low),1,14,42,2,20,False,True,0.793167701863354,0.8011387163561077,0.8416149068322982,0.8110766045548653,-0.007971014492753725,0.030538302277432927
Wine quality (Low),1,15,38,2,18,False,False,0.8689780005569482,0.8712057922584239,0.8809523809523809,0.8939014202172099,-0.00222779170147569,-0.012949039264828932
Wine quality (Low),2,0,71,2,20,False,True,0.8693270735524258,0.8812206572769954,0.8896191966614502,0.8952182229177537,-0.011893583724569612,-0.005599026256303485
Wine quality (Low),2,1,37,3,18,False,False,0.7597597597597597,0.6333175280543702,0.7780938833570412,0.6584479216058164,0.12644223170538949,0.11964596175122477
Wine quality (Low),2,2,74,3,20,False,True,0.8581702392047219,0.8373718546132339,0.858170239204722,0.8406337371854613,0.020798384591487973,0.017536502019260714
Wine quality (Low),2,3,45,3,20,False,True,0.8476628352490423,0.806206896551724,0.8814559386973181,0.8334865900383144,0.04145593869731834,0.04796934865900371
Wine quality (Low),2,4,48,3,20,False,True,0.8458928571428572,0.8086904761904762,0.868095238095238,0.8345238095238096,0.03720238095238104,0.033571428571428474
Wine quality (Low),2,5,33,3,16,False,False,0.8021390374331552,0.8540552584670231,0.8471479500891267,0.8411319073083778,-0.05191622103386795,0.006016042780748854
Wine quality (Low),2,6,33,3,16,False,False,0.7807486631016043,0.8110516934046346,0.823752228163993,0.8502673796791443,-0.030303030303030276,-0.02651515151515138
Wine quality (Low),2,7,48,3,20,False,True,0.8117857142857142,0.8235714285714285,0.8545238095238096,0.85,-0.011785714285714288,0.0045238095238095966
Wine quality (Low),2,8,63,3,20,False,True,0.8571916971916971,0.8345787545787544,0.8687667887667888,0.8645665445665446,0.022612942612942666,0.00420024420024423
Wine quality (Low),2,9,31,3,15,False,False,0.7268817204301075,0.6583333333333334,0.8024193548387097,0.6666666666666667,0.06854838709677402,0.135752688172043
Wine quality (Low),2,10,50,3,20,False,True,0.8700512820512819,0.8515897435897436,0.8379487179487178,0.8568205128205127,0.018461538461538307,-0.01887179487179491
Wine quality (Low),2,11,49,3,20,False,True,0.8324324324324326,0.7860452289023717,0.8313844456701601,0.8126861555432983,0.04638720353006087,0.01869829012686186
Wine quality (Low),2,12,36,3,17,False,False,0.7931372549019607,0.6759803921568628,0.8370915032679738,0.6751633986928105,0.11715686274509796,0.16192810457516327
Wine quality (Low),2,13,52,3,20,False,True,0.8215116279069767,0.8022808586762074,0.8511627906976746,0.8277280858676209,0.019230769230769384,0.02343470483005372
Wine quality (Low),2,14,46,2,20,False,True,0.8711079943899019,0.8760869565217392,0.9159887798036463,0.9314866760168303,-0.004978962131837239,-0.015497896213183981
Wine quality (Low),2,15,31,2,15,False,False,0.8438172043010752,0.8201612903225807,0.8763440860215055,0.836021505376344,0.023655913978494536,0.04032258064516148
Wine quality (Low),3,0,34,3,16,False,False,0.8419117647058824,0.8318498452012384,0.8788699690402477,0.8407507739938079,0.010061919504643968,0.03811919504643979
Wine quality (Low),3,1,49,3,20,False,True,0.8494760066188637,0.7931053502482073,0.8703805846662991,0.8298952013237728,0.05637065637065641,0.04048538334252627
Wine quality (Low),3,2,37,3,18,False,False,0.8141299193930773,0.8109688636004425,0.80891417733523,0.829935198356251,0.003161055792634815,-0.02102102102102099
Wine quality (Low),3,3,70,3,20,False,True,0.8655877034358047,0.8106690777576854,0.8761482820976492,0.8440867992766726,0.05491862567811934,0.03206148282097654
Wine quality (Low),3,4,45,3,20,False,True,0.8349425287356321,0.7678160919540229,0.8414559386973183,0.8178544061302682,0.06712643678160923,0.02360153256705011
Wine quality (Low),3,5,34,3,16,False,False,0.810952012383901,0.7587074303405574,0.8436532507739939,0.8095975232198143,0.05224458204334359,0.03405572755417963
Wine quality (Low),3,6,26,3,12,False,False,0.7636752136752136,0.7333333333333332,0.7935897435897434,0.8008547008547009,0.030341880341880456,-0.007264957264957461
Wine quality (Low),3,7,50,3,20,False,True,0.7780000000000001,0.7146666666666666,0.8023589743589744,0.7133846153846154,0.06333333333333357,0.08897435897435901
Wine quality (Low),3,8,69,3,20,False,True,0.8653679653679653,0.7902503293807641,0.8910784867306607,0.8252023338979861,0.07511763598720123,0.06587615283267456
Wine quality (Low),3,9,77,3,20,False,True,0.8037983521854488,0.737620444072057,0.8374668342410277,0.7988130149420472,0.06617790811339186,0.038653819298980596
Wine quality (Low),3,10,28,3,13,False,False,0.7884615384615383,0.7376373626373628,0.7726648351648351,0.7726648351648352,0.05082417582417553,-1.1102230246251565e-16
Wine quality (Low),3,11,48,2,20,False,True,0.8854761904761905,0.8654761904761905,0.9224404761904762,0.9123809523809524,0.020000000000000018,0.010059523809523796
Wine quality (Low),3,12,31,2,15,False,False,0.7919354838709678,0.7876344086021505,0.7913978494623658,0.8322580645161292,0.004301075268817289,-0.04086021505376336
Wine quality (Low),3,13,26,3,12,False,False,0.7329059829059829,0.6653846153846155,0.7777777777777778,0.6965811965811965,0.06752136752136739,0.08119658119658124
Wine quality (Low),3,14,115,3,20,False,True,0.8568613326472858,0.8531772575250836,0.8720246977103163,0.8634731155132493,0.003684075122202257,0.008551582197066976
Wine quality (Low),3,15,25,3,12,False,False,0.778974358974359,0.7317948717948718,0.8092307692307692,0.8164102564102564,0.04717948717948717,-0.007179487179487243
Wine quality (Low),3,16,32,3,15,False,False,0.7296296296296296,0.7453703703703703,0.8048611111111111,0.7650462962962963,-0.015740740740740722,0.03981481481481486
Wine quality (Low),4,0,44,3,20,False,True,0.8569865319865321,0.7463804713804716,0.8611952861952862,0.7572390572390574,0.11060606060606049,0.1039562289562288
Wine quality (Low),4,1,40,3,19,False,False,0.8034688995215312,0.8102870813397128,0.8155502392344498,0.7849282296650717,-0.006818181818181612,0.030622009569378106
Wine quality (Low),4,2,52,4,20,False,True,0.773345259391771,0.738953488372093,0.7849731663685151,0.7927101967799642,0.03439177101967805,-0.007737030411449131
Wine quality (Low),4,3,55,4,20,False,True,0.8825974025974026,0.8357328385899813,0.8967717996289426,0.8629684601113174,0.04686456400742134,0.03380333951762515
Wine quality (Low),4,4,39,3,19,False,False,0.7695006747638328,0.78110661268556,0.8056680161943321,0.8372469635627531,-0.01160593792172726,-0.03157894736842093
Wine quality (Low),4,5,28,3,13,False,False,0.7881181318681317,0.7630494505494505,0.7623626373626374,0.7946428571428573,0.02506868131868123,-0.03228021978021989
Wine quality (Low),4,6,33,3,16,False,False,0.7912210338680926,0.7843137254901961,0.7932263814616757,0.7671568627450981,0.006907308377896548,0.02606951871657759
Wine quality (Low),4,7,33,3,16,False,False,0.7404188948306595,0.6853832442067737,0.7482174688057041,0.713680926916221,0.05503565062388582,0.034536541889483074
Wine quality (Low),4,8,26,4,12,False,False,0.8465811965811965,0.8393162393162392,0.9316239316239316,0.8854700854700853,0.007264957264957239,0.04615384615384632
Wine quality (Low),4,9,76,4,20,False,True,0.8740746096009254,0.8565789473684212,0.8975274725274729,0.8210815500289186,0.017495662232504205,0.07644592249855431
Wine quality (Low),4,10,49,2,20,False,True,0.8847214561500275,0.8735245449531163,0.916657473800331,0.9248207391064533,0.011196911196911241,-0.008163265306122325
Wine quality (Low),4,11,31,2,15,False,False,0.8352150537634407,0.7884408602150539,0.8682795698924731,0.8236559139784947,0.046774193548386855,0.04462365591397843
Wine quality (Low),4,12,69,2,20,False,True,0.8808959156785244,0.8746470920383963,0.9146997929606625,0.8948804818370036,0.006248823640128132,0.019819311123658867
Wine quality (Low),4,13,28,2,13,False,False,0.7661401098901098,0.5868818681318683,0.8307005494505495,0.6026785714285715,0.17925824175824157,0.228021978021978
Wine quality (Low),4,14,105,2,20,False,True,0.888200703100032,0.8718248641738574,0.8945030361137744,0.8843783956535635,0.016375838926174557,0.010124640460210887
Breast cancer (Low),0,0,29,2,14,False,False,0.8111658456486045,0.8164203612479474,0.8417077175697866,0.7957307060755338,-0.005254515599342868,0.04597701149425282
Breast cancer (Low),0,1,39,2,19,False,False,0.7110661268556004,0.6367071524966262,0.7454790823211875,0.6858299595141699,0.0743589743589742,0.05964912280701762
Breast cancer (Low),0,2,26,2,12,False,False,0.782051282051282,0.6773504273504274,0.8444444444444444,0.7692307692307693,0.10470085470085466,0.07521367521367517
Breast cancer (Low),0,3,40,2,19,False,False,0.7813397129186603,0.7723684210526316,0.8133971291866029,0.8141148325358852,0.008971291866028741,-0.0007177033492823393
Breast cancer (Low),0,4,44,3,20,False,True,0.7728956228956229,0.7959595959595959,0.7787037037037038,0.7945286195286196,-0.02306397306397301,-0.015824915824915853
Breast cancer (Low),0,5,27,3,13,False,False,0.754985754985755,0.6418396418396419,0.7802197802197802,0.6316646316646316,0.11314611314611311,0.14855514855514862
Breast cancer (Low),0,6,28,2,13,False,False,0.8358516483516484,0.7809065934065933,0.8550824175824175,0.7901785714285714,0.05494505494505508,0.06490384615384615
Breast cancer (Low),0,7,37,2,18,False,False,0.8071755966492807,0.6783625730994152,0.8473210052157422,0.7308360992571519,0.12881302354986557,0.11648490595859029
Breast cancer (Low),0,8,57,1,20,False,True,0.8067527308838134,0.7342601787487587,0.8274412446209864,0.7727904667328699,0.07249255213505468,0.054650777888116564
Breast cancer (Low),1,0,42,2,20,False,True,0.7007246376811594,0.6731884057971014,0.7059006211180124,0.7393374741200829,0.02753623188405807,-0.033436853002070444
Breast cancer (Low),1,1,25,3,12,False,False,0.8097435897435896,0.72,0.8282051282051281,0.7292307692307692,0.08974358974358965,0.09897435897435891
Breast cancer (Low),1,2,26,3,12,False,False,0.7128205128205126,0.8128205128205129,0.6880341880341879,0.8457264957264958,-0.10000000000000031,-0.1576923076923079
Breast cancer (Low),1,3,29,2,14,False,False,0.8013136288998358,0.7077175697865353,0.8174055829228244,0.7264367816091956,0.09359605911330049,0.09096880131362883
Breast cancer (Low),1,4,25,3,12,False,False,0.6902564102564103,0.7005128205128205,0.7384615384615385,0.7184615384615384,-0.01025641025641022,0.02000000000000013
Breast cancer (Low),1,5,27,3,13,False,False,0.798941798941799,0.7167277167277168,0.754985754985755,0.7761497761497762,0.08221408221408211,-0.021164021164021163
Breast cancer (Low),1,6,59,1,20,False,True,0.8021112102289623,0.7271781147784717,0.8191793041926851,0.791079393398751,0.07493309545049054,0.028099910793934146
Breast cancer (Low),2,0,40,2,19,False,False,0.7307416267942584,0.6594497607655502,0.7261961722488038,0.7181818181818181,0.07129186602870818,0.008014354066985696
Breast cancer (Low),2,1,28,3,13,False,False,0.8447802197802198,0.7654532967032966,0.8715659340659341,0.7633928571428573,0.07932692307692313,0.10817307692307676
Breast cancer (Low),2,2,30,4,14,False,False,0.7168067226890756,0.6434173669467788,0.758543417366947,0.7067226890756303,0.07338935574229688,0.051820728291316676
Breast cancer (Low),2,3,42,4,20,False,True,0.7955486542443063,0.6824016563146997,0.7917184265010352,0.7231884057971014,0.11314699792960659,0.06853002070393377
Breast cancer (Low),2,4,98,4,20,False,True,0.8584278155706727,0.8241572184429327,0.878745275888133,0.84562358276644,0.034270597127740055,0.033121693121693
Breast cancer (Low),2,5,60,1,20,False,True,0.8009604519774011,0.7347175141242938,0.830367231638418,0.785,0.06624293785310731,0.04536723163841794
Breast cancer (Low),2,6,27,2,13,False,False,0.7423687423687424,0.6825396825396824,0.796092796092796,0.7146927146927148,0.05982905982905995,0.08140008140008126
Breast cancer (Low),2,7,61,2,20,False,True,0.8359580757860791,0.8059661381349101,0.8590163934426229,0.8190540177371674,0.02999193765116892,0.03996237570545558
Breast cancer (Low),3,0,28,3,13,False,False,0.9203296703296704,0.8585164835164836,0.8780906593406594,0.8066620879120879,0.061813186813186816,0.07142857142857151
Breast cancer (Low),3,1,25,3,12,False,False,0.8282051282051284,0.6717948717948719,0.7933333333333333,0.6851282051282052,0.15641025641025652,0.10820512820512818
Breast cancer (Low),3,2,67,3,20,False,True,0.869903905131875,0.8341647924759762,0.8863218155796361,0.8794316090778982,0.0357391126558988,0.006890206501737883
Breast cancer (Low),3,3,42,2,20,False,True,0.7158385093167702,0.6129399585921325,0.7315734989648034,0.6789855072463769,0.10289855072463772,0.05258799171842654
Breast cancer (Low),3,4,30,2,14,False,False,0.7372549019607845,0.6915966386554625,0.6997198879551821,0.7277310924369751,0.04565826330532197,-0.02801120448179295
Breast cancer (Low),3,5,25,2,12,False,False,0.6676923076923077,0.7502564102564103,0.6405128205128205,0.7810256410256409,-0.08256410256410263,-0.14051282051282032
Breast cancer (Low),3,6,57,1,20,False,True,0.7757696127110227,0.7121151936444885,0.8004634227077126,0.7722277391592188,0.06365441906653424,0.028235683548493817
Breast cancer (Low),4,0,95,3,20,False,True,0.8597144022847817,0.8086005711954305,0.8762790697674421,0.8438106895144838,0.05111383108935119,0.032468380252958284
Breast cancer (Low),4,1,29,3,14,False,False,0.748768472906404,0.6453201970443352,0.7737274220032841,0.6706075533661743,0.10344827586206884,0.10311986863710987
Breast cancer (Low),4,2,51,2,20,False,True,0.8121951219512197,0.7274509803921569,0.8534194165471067,0.7853658536585366,0.08474414155906274,0.06805356288857012
Breast cancer (Low),4,3,43,2,20,False,True,0.6735813953488372,0.684093023255814,0.7015813953488372,0.7315348837209301,-0.010511627906976795,-0.029953488372092885
Breast cancer (Low),4,4,65,2,20,False,True,0.8127536231884058,0.8029877369007803,0.8414492753623187,0.838149386845039,0.009765886287625536,0.003299888517279692
Breast cancer (Low),4,5,58,1,20,False,True,0.8009404388714734,0.7287147335423197,0.8114733542319749,0.7709717868338558,0.07222570532915362,0.040501567398119054
Digits (Low),0,0,100,1,20,False,True,0.8440791366906475,0.7874172661870503,0.8355323741007191,0.8413381294964029,0.05666187050359717,-0.0058057553956837316
Digits (Low),0,1,39,2,19,False,False,0.7493927125506074,0.7522267206477733,0.7591093117408907,0.7968960863697706,-0.002834008097165941,-0.037786774628879916
Digits (Low),0,2,60,2,20,False,True,0.8612994350282486,0.858728813559322,0.8809039548022599,0.8894915254237289,0.002570621468926615,-0.008587570621468976
Digits (Low),0,3,87,1,20,False,True,0.9121961143322146,0.9074763503204151,0.9166208930932763,0.9288983826670736,0.004719764011799521,-0.012277489573797262
Digits (Low),0,4,106,1,20,False,True,0.8689616393852305,0.8713170061227041,0.9166250156191429,0.911970511058353,-0.0023553667374736076,0.004654504560789863
Digits (Low),0,5,30,2,14,False,False,0.827731092436975,0.7647058823529413,0.8229691876750702,0.7983193277310926,0.06302521008403361,0.024649859943977614
Digits (Low),0,6,52,2,20,False,True,0.8838103756708408,0.8714669051878354,0.8974508050089445,0.888953488372093,0.012343470483005325,0.008497316636851493
Digits (Low),0,7,39,2,19,False,False,0.8394062078272605,0.8286099865047234,0.8511470985155197,0.864102564102564,0.010796221322537103,-0.012955465587044301
Digits (Low),0,8,64,2,20,False,True,0.8230410447761194,0.8464552238805971,0.8583955223880597,0.8567397388059701,-0.02341417910447774,0.0016557835820896205
Digits (Low),0,9,40,3,19,False,False,0.7686602870813397,0.7318181818181818,0.8210526315789473,0.7832535885167464,0.0368421052631579,0.03779904306220083
Digits (Low),0,10,33,3,16,False,False,0.7181372549019607,0.7332887700534759,0.7749554367201426,0.69674688057041,-0.015151515151515249,0.07820855614973254
Digits (Low),0,11,79,2,20,False,True,0.7977945974161554,0.8003262429857757,0.8181782591674278,0.844930184001044,-0.0025316455696202667,-0.026751924833616214
Digits (Low),0,12,53,1,20,False,True,0.9045702306079664,0.9194129979035639,0.9249895178197064,0.9256603773584905,-0.014842767295597525,-0.0006708595387840965
Digits (Low),0,13,54,2,20,False,True,0.8340425531914893,0.8197005516154453,0.8626477541371159,0.84602048857368,0.014342001576044039,0.016627265563435967
Digits (Low),0,14,27,3,13,False,False,0.87993487993488,0.8762718762718763,0.8945868945868946,0.8575498575498576,0.00366300366300365,0.03703703703703698
Digits (Low),0,15,32,3,15,False,False,0.8388888888888888,0.611574074074074,0.8530092592592593,0.6143518518518518,0.22731481481481475,0.23865740740740748
Digits (Low),1,0,100,1,20,False,True,0.8431294964028778,0.8102086330935252,0.8457625899280573,0.8510935251798561,0.03292086330935262,-0.005330935251798841
Digits (Low),1,1,60,2,20,False,True,0.8492937853107344,0.8422316384180791,0.8638135593220341,0.8887853107344632,0.007062146892655274,-0.024971751412429133
Digits (Low),1,2,37,2,18,False,False,0.7885253674727358,0.7243559348822508,0.7899478425794216,0.777619724988146,0.06416943259048502,0.012328117591275611
Digits (Low),1,3,62,2,20,False,True,0.8220942140296977,0.8611623143881207,0.8500000000000002,0.8618535586277521,-0.03906810035842301,-0.011853558627751948
Digits (Low),1,4,39,2,19,False,False,0.8201079622132252,0.7955465587044533,0.8394062078272605,0.831983805668016,0.024561403508771895,0.007422402159244501
Digits (Low),1,5,53,1,20,False,True,0.910607966457023,0.922683438155136,0.9235220125786163,0.9276729559748429,-0.01207547169811296,-0.00415094339622657
Digits (Low),1,6,89,2,20,False,True,0.8619610102756169,0.8337654854508787,0.8807260155574764,0.8326514933256509,0.028195524824738194,0.04807452223182551
Digits (Low),1,7,55,2,20,False,True,0.8390723562152133,0.8162152133580705,0.8578478664192951,0.8261224489795919,0.022857142857142798,0.03172541743970325
Digits (Low),1,8,25,2,12,False,False,0.8066666666666665,0.7487179487179486,0.8123076923076923,0.7625641025641025,0.05794871794871792,0.04974358974358983
Digits (Low),1,9,31,2,15,False,False,0.8333333333333333,0.7120967741935486,0.8494623655913979,0.7755376344086022,0.1212365591397847,0.07392473118279563
Digits (Low),1,10,76,2,20,False,True,0.8115673799884326,0.789010989010989,0.8326055523423944,0.8279930595720069,0.022556390977443663,0.004612492770387555
Digits (Low),1,11,33,2,16,False,False,0.7976827094474153,0.7963458110516936,0.8270944741532976,0.785204991087344,0.0013368983957217084,0.04188948306595364
Digits (Low),1,12,61,2,20,False,True,0.7955925826390756,0.7977694168234346,0.827653856490191,0.820612738511153,-0.002176834184358989,0.0070411179790379474
Digits (Low),1,13,87,1,20,False,True,0.913589665344319,0.8972637575017799,0.9199979656189602,0.9183908045977011,0.016325907842539067,0.0016071610212591292
Digits (Low),1,14,106,1,20,False,True,0.8606272647757092,0.8635386729976258,0.9129951268274398,0.9151130825940271,-0.0029114082219166004,-0.002117955766587354
Digits (Low),2,0,100,1,20,False,True,0.8219568345323742,0.8036402877697841,0.8395899280575541,0.8485251798561153,0.01831654676259009,-0.00893525179856125
Digits (Low),2,1,106,1,20,False,True,0.8679182806447583,0.8677745845308009,0.910289891290766,0.9209858802948895,0.00014369611395737003,-0.010695989004123496
Digits (Low),2,2,37,2,18,False,False,0.8631262841789158,0.8337284653074125,0.8997945313734788,0.879089615931721,0.02939781887150328,0.020704915441757787
Digits (Low),2,3,37,2,18,False,False,0.7613402876560771,0.7502765923818556,0.7531215425952268,0.7931088983720561,0.011063695274221463,-0.039987355776829325
Digits (Low),2,4,87,1,20,False,True,0.9045773573390297,0.9046892482962059,0.9187569931848235,0.9253992472790152,-0.00011189095717623054,-0.006642254094191724
Digits (Low),2,5,63,2,20,False,True,0.8315750915750915,0.8520390720390719,0.8459096459096458,0.8588034188034188,-0.020463980463980458,-0.012893772893773026
Digits (Low),2,6,38,2,18,False,False,0.8500417710944027,0.8291562238930658,0.8539404065719857,0.8465608465608464,0.02088554720133695,0.007379560011139263
Digits (Low),2,7,53,1,20,False,True,0.9082599580712788,0.9027253668763102,0.9266247379454925,0.919077568134172,0.0055345911949685744,0.007547169811320531
Digits (Low),2,8,55,2,20,False,True,0.8264935064935065,0.8219666048237478,0.8489424860853432,0.8567346938775511,0.004526901669758665,-0.007792207792207906
Digits (Low),2,9,86,2,20,False,True,0.8921433060967945,0.8577100356170121,0.8764299182903834,0.859742300439975,0.034433270479782396,0.0166876178504084
Digits (Low),2,10,31,2,15,False,False,0.7712365591397847,0.781989247311828,0.7997311827956989,0.799731182795699,-0.010752688172043223,-1.1102230246251565e-16
Digits (Low),2,11,26,2,12,False,False,0.729059829059829,0.7423076923076923,0.7414529914529915,0.7038461538461538,-0.013247863247863312,0.037606837606837695
Digits (Low),2,12,86,1,20,False,True,0.8227110831761995,0.7927404148334382,0.8321495914519171,0.8335428451707523,0.029970668342761297,-0.0013932537188351413
Digits (Low),2,13,35,2,17,False,False,0.7871148459383754,0.7777777777777779,0.7759103641456584,0.773482726423903,0.00933706816059754,0.00242763772175536
Digits (Low),2,14,60,2,20,False,True,0.8007344632768361,0.7853389830508474,0.8222881355932204,0.8290395480225988,0.01539548022598869,-0.006751412429378378
Digits (Low),3,0,60,2,20,False,True,0.8337288135593219,0.7785028248587571,0.8537570621468925,0.8090677966101695,0.05522598870056483,0.04468926553672303
Digits (Low),3,1,26,2,12,False,False,0.7991452991452992,0.6551282051282052,0.8064102564102563,0.6914529914529913,0.14401709401709395,0.11495726495726499
Digits (Low),3,2,30,2,14,False,False,0.835014005602241,0.750700280112045,0.8344537815126052,0.7820728291316529,0.084313725490196,0.052380952380952306
Digits (Low),3,3,35,2,17,False,False,0.8623716153127917,0.8302521008403362,0.895985060690943,0.8752567693744164,0.032119514472455535,0.020728291316526537
Digits (Low),3,4,84,1,20,False,True,0.9183355585224743,0.9023475745438361,0.9207498887405431,0.9240209167779261,0.01598798397863821,-0.0032710280373829947
Digits (Low),3,5,28,2,13,False,False,0.7754120879120878,0.7953296703296703,0.8090659340659341,0.801510989010989,-0.019917582417582458,0.007554945054945028
Digits (Low),3,6,40,2,19,False,False,0.7766746411483254,0.7233253588516746,0.8851674641148326,0.8568181818181818,0.05334928229665081,0.02834928229665079
Digits (Low),3,7,27,2,13,False,False,0.7794057794057794,0.715913715913716,0.7859177859177859,0.6902726902726903,0.06349206349206338,0.0956450956450956
Digits (Low),3,8,25,2,12,False,False,0.8266666666666667,0.7528205128205129,0.8076923076923077,0.7651282051282052,0.07384615384615378,0.04256410256410248
Digits (Low),3,9,33,3,16,False,False,0.7611408199643493,0.7406417112299466,0.7531194295900178,0.7401960784313726,0.02049910873440275,0.01292335115864518
Digits (Low),3,10,57,3,20,False,True,0.830056272757365,0.7823568354849388,0.8180734856007945,0.8170142336974512,0.047699437272426204,0.0010592519033433279
Digits (Low),3,11,77,2,20,False,True,0.8391146487920681,0.7794302471721828,0.8345203183912863,0.8420332355816224,0.05968440161988531,-0.007512917190336088
Digits (Low),3,12,67,1,20,False,True,0.8369863013698631,0.8325700265794316,0.8455326109180127,0.8485381312615007,0.004416274790431496,-0.0030055203434879996
Digits (Low),3,13,39,1,19,False,False,0.848582995951417,0.8338731443994601,0.8327935222672065,0.8688259109311739,0.01470985155195681,-0.03603238866396741
Digits (Low),3,14,54,1,20,False,True,0.913002364066194,0.90973207249803,0.9308116627265565,0.916509062253743,0.003270291568163941,0.01430260047281351
Digits (Low),3,15,56,2,20,False,True,0.8435924369747898,0.8105742296918768,0.8249649859943978,0.8467436974789916,0.03301820728291305,-0.02177871148459376
Digits (Low),3,16,87,2,20,False,True,0.8866748041908248,0.8236598514901842,0.8777947309531074,0.8271081273522529,0.06301495270064061,0.05068660360085453
Digits (Low),4,0,64,2,20,False,True,0.8010727611940298,0.7723414179104477,0.8173973880597015,0.8191464552238805,0.028731343283582067,-0.0017490671641789968
Digits (Low),4,1,27,2,13,False,False,0.827838827838828,0.6878306878306879,0.8380138380138381,0.7228327228327229,0.1400081400081401,0.11518111518111518
Digits (Low),4,2,33,2,16,False,False,0.8025846702317291,0.7798573975044563,0.8248663101604279,0.7729500891265597,0.022727272727272818,0.05191622103386817
Digits (Low),4,3,36,2,17,False,False,0.8591503267973857,0.8405228758169936,0.8880718954248367,0.8712418300653595,0.01862745098039209,0.016830065359477175
Digits (Low),4,4,92,1,20,False,True,0.9050547896783315,0.9010781194768469,0.9154471544715447,0.9134499823259103,0.003976670201484622,0.0019971721456343294
Digits (Low),4,5,86,1,20,False,True,0.9099622878692645,0.8984600879949719,0.920312172637754,0.9120678818353235,0.011502199874292574,0.008244290802430498
Digits (Low),4,6,106,1,20,False,True,0.8710358615519181,0.8671060852180433,0.9108896663751093,0.9128139447707111,0.003929776333874813,-0.0019242783956018306
Digits (Low),4,7,39,2,19,False,False,0.8342780026990553,0.7951417004048582,0.8442645074224021,0.8394062078272605,0.03913630229419707,0.004858299595141613
Digits (Low),4,8,67,2,20,False,True,0.8254344714782254,0.8591903496217542,0.8421590676753219,0.8703741566141894,-0.03375587814352887,-0.028215088938867483
Digits (Low),4,9,73,2,20,False,True,0.8273166800966961,0.8016277195809832,0.8399516518936342,0.8422240128928284,0.0256889605157129,-0.002272360999194256
Digits (Low),4,10,42,3,20,False,True,0.7717391304347826,0.7313664596273292,0.8277432712215322,0.8015527950310557,0.04037267080745344,0.02619047619047654
Digits (Low),4,11,31,3,15,False,False,0.7201612903225807,0.7016129032258066,0.7228494623655916,0.6903225806451615,0.018548387096774088,0.032526881720430056
Digits (Low),4,12,54,1,20,False,True,0.91150512214342,0.9111505122143418,0.9267533490937746,0.9259653270291568,0.000354609929078209,0.0007880220646178104
Digits (Low),4,13,85,2,20,False,True,0.885105234754452,0.8388774959525093,0.8690987587695628,0.8325849973016731,0.04622773880194275,0.03651376146788965
Digits (Low),4,14,26,2,12,False,False,0.8662393162393163,0.8730769230769231,0.8824786324786322,0.8850427350427351,-0.006837606837606813,-0.002564102564102888
Digits (Low),4,15,26,2,12,False,False,0.7897435897435898,0.6923076923076923,0.7952991452991451,0.7602564102564103,0.09743589743589753,0.03504273504273481
