dataset,build,node_id,depth,is_leaf,n_points,k,trustworthiness,continuity,mrre_false,mrre_missing,stress,cadi
Wine quality (Low),0,0,0,False,1000,20,0.9467479112944818,0.9432845281072716,0.9543513050637144,0.960212632301528,0.6102420490807864,0.02471165846583898
Wine quality (Low),0,1,1,False,246,20,0.9149529360722843,0.9265378303435006,0.9220665900588307,0.9390560695522969,0.4663750998152078,0.018569768083522308
Wine quality (Low),0,2,2,True,81,20,0.8597848673756265,0.8923725705903923,0.8664569826607398,0.9010963274248316,0.610954349443059,
Wine quality (Low),0,3,2,False,157,20,0.8718033282142946,0.8811107474635581,0.8941729928501163,0.9090095972890332,0.36326691051363774,0.02747419679582651
Wine quality (Low),0,4,3,False,100,20,0.8864028776978418,0.8791870503597121,0.8958598623925985,0.9041945064180875,0.34467242270634424,0.058648761831877706
Wine quality (Low),0,5,4,True,25,12,0.8138461538461538,0.8317948717948718,0.8219645050551594,0.8356939436098025,0.30851902472923787,
Wine quality (Low),0,6,4,True,25,12,0.7384615384615385,0.7861538461538463,0.7996972377687801,0.8180051499873352,0.40357959854312137,
Wine quality (Low),0,7,3,True,35,17,0.7028944911297852,0.7542483660130721,0.7755781637385334,0.8228416779475436,0.45507817695939984,
Wine quality (Low),0,8,1,False,754,20,0.927057261066984,0.9213973298821855,0.9392996184118103,0.9448049284652951,0.43724944651314646,0.015404488734653728
Wine quality (Low),0,9,2,True,31,15,0.7645161290322581,0.7201612903225806,0.7993558824481032,0.7988955696911106,0.5666644605738095,
Wine quality (Low),0,10,2,True,46,20,0.8699859747545583,0.9131837307152872,0.8764221628644002,0.8992331325961264,0.552656431686005,
Wine quality (Low),0,11,2,True,34,16,0.8403637770897833,0.8581656346749226,0.8639829322817748,0.8733615939041351,0.5265865819377477,
Wine quality (Low),0,12,2,True,33,16,0.7655971479500892,0.8094919786096257,0.835442225212738,0.8461122166823338,0.33609213382521586,
Wine quality (Low),0,13,2,True,49,20,0.8333149476006619,0.8404302261445119,0.8348658109710542,0.8452527390596933,0.35270447291494605,
Wine quality (Low),0,14,2,True,39,19,0.7916329284750337,0.8304993252361674,0.7851953952335944,0.8408652362670045,0.40813321764856075,
Wine quality (Low),0,15,2,True,39,19,0.7411605937921727,0.8183535762483131,0.7733618474979377,0.8300178202349627,0.416892781672215,
Wine quality (Low),0,16,2,True,51,20,0.8057388809182207,0.8134385461501675,0.8361755801447729,0.8530883952249824,0.4117287508049895,
Wine quality (Low),0,17,2,True,44,20,0.8089225589225588,0.8365319865319866,0.820862786529234,0.8528546481418032,0.3443517830732329,
Wine quality (Low),0,18,2,True,69,20,0.8444569922830791,0.8696969696969695,0.8624450675124058,0.875350615534535,0.4084357506835264,
Wine quality (Low),0,19,2,True,76,20,0.820242914979757,0.8444910352805091,0.8413226365582185,0.8752963211139084,0.4253517366421784,
Wine quality (Low),1,0,0,False,1000,20,0.9443194430118618,0.9423605982465187,0.9511272906104535,0.959507187178843,0.5643585730653023,0.01878273792013124
Wine quality (Low),1,1,1,False,246,20,0.91634882010073,0.9261907456661572,0.9217479682219462,0.9393614766411956,0.4671700010144762,0.020010726676025107
Wine quality (Low),1,2,2,False,157,20,0.8742957125953528,0.8864932907026509,0.9004048330406932,0.9131461770903959,0.403178963431577,0.020415479050613423
Wine quality (Low),1,3,3,True,43,20,0.7540465116279069,0.7912558139534882,0.7952842430184286,0.8495521713225331,0.4013557900898803,
Wine quality (Low),1,4,3,True,79,20,0.8257340467179956,0.8537517943364219,0.8588170970482378,0.8796618970104241,0.3637651234161647,
Wine quality (Low),1,5,2,True,78,20,0.8622537112010797,0.886828609986505,0.861366759345625,0.8933282071579655,0.621209461941487,
Wine quality (Low),1,6,1,True,35,17,0.8276377217553689,0.8224089635854342,0.8690113563794027,0.8777007108426712,0.4659227128206226,
Wine quality (Low),1,7,1,False,719,20,0.9199058039740905,0.9242801720698582,0.937472988923027,0.947822111977096,0.4310674657501043,0.021831951938487994
Wine quality (Low),1,8,2,True,47,20,0.893359123146357,0.9270148291424888,0.8790166210631674,0.9090125763836743,0.4115397662091451,
Wine quality (Low),1,9,2,True,32,15,0.7819444444444443,0.8208333333333333,0.7631734034124745,0.8253020260858417,0.3989204979926662,
Wine quality (Low),1,10,2,True,68,20,0.8699411764705882,0.9137058823529411,0.8852613371126796,0.9051962686382911,0.3709517240089368,
Wine quality (Low),1,11,2,True,57,20,0.8393247269116187,0.8641840450182059,0.8571793857997781,0.8747369440069986,0.3896277716061866,
Wine quality (Low),1,12,2,True,37,18,0.7022285443338077,0.7547020704915441,0.8027599499212107,0.8202201644350677,0.40461707692958565,
Wine quality (Low),1,13,2,False,241,20,0.8937355239944412,0.8973181813701817,0.9138267766736679,0.9209938000273757,0.45809449050243206,0.019360789933435603
Wine quality (Low),1,14,3,True,37,18,0.8430535798956851,0.8052789631737001,0.8397287065539534,0.8455218345377962,0.30613074448542327,
Wine quality (Low),1,15,3,True,27,13,0.7570207570207571,0.733007733007733,0.7934791171828884,0.7945446016037471,0.3626562029922569,
Wine quality (Low),1,16,3,True,39,19,0.758029689608637,0.7390013495276654,0.8381589694601089,0.8480373067371704,0.3915362302888575,
Wine quality (Low),1,17,3,True,46,20,0.746704067321178,0.7657784011220198,0.806646597798768,0.8339111429015252,0.3961699779940759,
Wine quality (Low),1,18,2,True,33,16,0.7615864527629234,0.8299910873440286,0.7727626884636275,0.8415227795799541,0.4161592712399559,
Wine quality (Low),1,19,2,True,42,20,0.793167701863354,0.8416149068322982,0.8165344868884743,0.8526694817961451,0.48163295544857776,
Wine quality (Low),1,20,2,True,38,18,0.8689780005569482,0.8809523809523809,0.8830111785362401,0.8842123115486874,0.9798985593001445,
Wine quality (Low),2,0,0,False,1000,20,0.9481915420319752,0.9431053120165034,0.9560269272630426,0.960222788673198,0.5998957225344526,0.02448672888220792
Wine quality (Low),2,1,1,False,246,20,0.9175315488653726,0.9275347556259785,0.9243791089815763,0.9404730009089842,0.46749611877561614,0.013439231324204952
Wine quality (Low),2,2,2,True,71,20,0.8693270735524258,0.8896191966614502,0.8771584372962336,0.8852798648095994,0.4853098361473943,
Wine quality (Low),2,3,2,False,149,20,0.8729787896808541,0.8922832951037861,0.8901035707983068,0.9112997444038393,0.34957327353281453,0.02316737494122016
Wine quality (Low),2,4,3,True,37,18,0.7597597597597597,0.7780938833570412,0.8213891055144165,0.8411137722231345,0.428894562376282,
Wine quality (Low),2,5,3,True,74,20,0.8581702392047219,0.858170239204722,0.8684708482892795,0.8788609687797991,0.3936141657401248,
Wine quality (Low),2,6,1,False,754,20,0.9247761306205651,0.9233556484742053,0.9384497853759847,0.9480353402044747,0.437207708984777,0.016385627221711836
Wine quality (Low),2,7,2,False,639,20,0.9158469671310068,0.9167597018245693,0.934513120382453,0.9422227972945478,0.44464582835393757,0.018962542437288853
Wine quality (Low),2,8,3,True,45,20,0.8476628352490423,0.8814559386973181,0.8328403915589345,0.853591524394121,0.333607321729578,
Wine quality (Low),2,9,3,True,48,20,0.8458928571428572,0.868095238095238,0.8645291061639132,0.865617462376503,0.3760941666132325,
Wine quality (Low),2,10,3,True,33,16,0.8021390374331552,0.8471479500891267,0.8348200551862395,0.8824845682389396,0.48618249439538763,
Wine quality (Low),2,11,3,True,33,16,0.7807486631016043,0.823752228163993,0.7531184530140335,0.8232420028374379,0.4051659845939984,
Wine quality (Low),2,12,3,True,48,20,0.8117857142857142,0.8545238095238096,0.8091958573148165,0.8533853455422126,0.4511595627730552,
Wine quality (Low),2,13,3,True,63,20,0.8571916971916971,0.8687667887667888,0.8747665460285373,0.8902009493087241,0.519935683857567,
Wine quality (Low),2,14,3,True,31,15,0.7268817204301075,0.8024193548387097,0.8197663631460724,0.8494640290147534,0.341933118903989,
Wine quality (Low),2,15,3,True,50,20,0.8700512820512819,0.8379487179487178,0.9058899301655149,0.8999268803634487,1.02853751683482,
Wine quality (Low),2,16,3,True,49,20,0.8324324324324326,0.8313844456701601,0.8656571295954728,0.8765945387131178,0.3842325698339103,
Wine quality (Low),2,17,3,True,36,17,0.7931372549019607,0.8370915032679738,0.8192454344206923,0.8440783707762834,0.3515578757884229,
Wine quality (Low),2,18,3,True,52,20,0.8215116279069767,0.8511627906976746,0.8517351903964521,0.8638637371106493,0.3838505174124958,
Wine quality (Low),2,19,2,True,46,20,0.8711079943899019,0.9159887798036463,0.8591891506084705,0.8883896784789834,0.4467843654341058,
Wine quality (Low),2,20,2,True,31,15,0.8438172043010752,0.8763440860215055,0.7900257318393791,0.8437396675441896,0.3725528108934299,
Wine quality (Low),3,0,0,False,1000,20,0.9448400206291904,0.944562300154719,0.9515125685414099,0.961157132490346,0.6185294885669467,0.025821794166094144
Wine quality (Low),3,1,1,False,754,20,0.9244689002582862,0.9244678920440901,0.9395860352702735,0.9488519773588409,0.42820954298243075,0.01680041615004354
Wine quality (Low),3,2,2,False,667,20,0.9191628459140422,0.9104111337889579,0.9358392697681455,0.9384900494947529,0.4011308727433194,0.018271798622156585
Wine quality (Low),3,3,3,True,34,16,0.8419117647058824,0.8788699690402477,0.8640586630604121,0.8784242601330831,0.39218820434114887,
Wine quality (Low),3,4,3,True,49,20,0.8494760066188637,0.8703805846662991,0.8330423117686644,0.8543433240710129,0.33053343625121856,
Wine quality (Low),3,5,3,True,37,18,0.8141299193930773,0.80891417733523,0.8470071970968786,0.8420003549909459,0.3550402139933187,
Wine quality (Low),3,6,3,True,70,20,0.8655877034358047,0.8761482820976492,0.8830047323732821,0.8899429672571038,0.37184416291404376,
Wine quality (Low),3,7,3,True,45,20,0.8349425287356321,0.8414559386973183,0.8414583916058992,0.8635119018197205,0.34535545304165566,
Wine quality (Low),3,8,3,True,34,16,0.810952012383901,0.8436532507739939,0.7822648654649794,0.8404169986331179,0.3782766714595081,
Wine quality (Low),3,9,3,True,26,12,0.7636752136752136,0.7935897435897434,0.8305894605971176,0.8376518602158458,0.4310803558712212,
Wine quality (Low),3,10,3,True,50,20,0.7780000000000001,0.8023589743589744,0.8039807823501559,0.8267313390726825,0.4055441967026201,
Wine quality (Low),3,11,3,True,69,20,0.8653679653679653,0.8910784867306607,0.8689485459093654,0.8959184948126955,0.3831426986234225,
Wine quality (Low),3,12,3,True,77,20,0.8037983521854488,0.8374668342410277,0.8416157780438064,0.8723269656301548,0.4486774708429041,
Wine quality (Low),3,13,3,True,28,13,0.7884615384615383,0.7726648351648351,0.8401709219335151,0.8544562698641738,0.3357491996504003,
Wine quality (Low),3,14,2,True,48,20,0.8854761904761905,0.9224404761904762,0.8647879400983661,0.8999562164547209,0.5090337848571382,
Wine quality (Low),3,15,2,True,31,15,0.7919354838709678,0.7913978494623658,0.8053971043301699,0.8380479936938217,0.4144096530572908,
Wine quality (Low),3,16,1,False,246,20,0.9135523362194179,0.920251636391074,0.9178447682297838,0.9359643915227956,0.4736232326826124,0.020318201637696324
Wine quality (Low),3,17,2,False,160,20,0.8832191119691121,0.8892857142857142,0.9014700312769683,0.9099190471203628,0.39610850266816927,0.029361501353016052
Wine quality (Low),3,18,3,True,26,12,0.7329059829059829,0.7777777777777778,0.7818327367373488,0.813044915715123,0.4696585465787816,
Wine quality (Low),3,19,3,True,115,20,0.8568613326472858,0.8720246977103163,0.8911686430344369,0.8986039656270504,0.3904662703500998,
Wine quality (Low),3,20,2,False,78,20,0.8637786774628882,0.8994871794871798,0.8665634934875674,0.9021882751622757,0.6230552290067128,0.015757093904036092
Wine quality (Low),3,21,3,True,25,12,0.778974358974359,0.8092307692307692,0.8251815287799773,0.835627449457953,0.36272370585239255,
Wine quality (Low),3,22,3,True,32,15,0.7296296296296296,0.8048611111111111,0.7668641688221384,0.8144247430668262,0.486533981206215,
Wine quality (Low),4,0,0,False,1000,20,0.9467051572975761,0.9444320783909231,0.9540734721567649,0.9608003028581363,0.5351319948578525,0.023775636583094843
Wine quality (Low),4,1,1,False,754,20,0.9282061669712697,0.9207739785415356,0.941932694490409,0.9455228148710966,0.42613126696122705,0.016577812632244535
Wine quality (Low),4,2,2,False,644,20,0.9172240023893048,0.9184983826633661,0.9346475887236902,0.9424492641320371,0.43644294979934334,0.017587136108149617
Wine quality (Low),4,3,3,True,44,20,0.8569865319865321,0.8611952861952862,0.8738018282348347,0.8753948249118726,0.3542009364027122,
Wine quality (Low),4,4,3,True,40,19,0.8034688995215312,0.8155502392344498,0.8325419250168128,0.8455410715605272,0.34701960223036293,
Wine quality (Low),4,5,3,False,180,20,0.8844221479004087,0.8940914158305462,0.8989019212976146,0.9126727198638501,0.4232896152474434,0.017498903239112996
Wine quality (Low),4,6,4,True,52,20,0.773345259391771,0.7849731663685151,0.819895546895649,0.8429933018791533,0.45706711440113146,
Wine quality (Low),4,7,4,True,55,20,0.8825974025974026,0.8967717996289426,0.8767695207880087,0.8926162552284083,0.31612033752716945,
Wine quality (Low),4,8,3,True,39,19,0.7695006747638328,0.8056680161943321,0.7761968935968853,0.8318309380810592,0.44006596071919085,
Wine quality (Low),4,9,3,True,28,13,0.7881181318681317,0.7623626373626374,0.8420695240848488,0.8596964282040261,0.3934276415163774,
Wine quality (Low),4,10,3,True,33,16,0.7912210338680926,0.7932263814616757,0.8303294147376762,0.8586473936770054,0.5076553649410894,
Wine quality (Low),4,11,3,True,33,16,0.7404188948306595,0.7482174688057041,0.7830064101367602,0.7853045145896901,0.45431236987635476,
Wine quality (Low),4,12,3,False,132,20,0.8832400358262428,0.8928571428571429,0.903801852259153,0.9162372991356622,0.5332037328814887,0.0447529420168948
Wine quality (Low),4,13,4,True,26,12,0.8465811965811965,0.9316239316239316,0.8440097488337172,0.8872495785628515,0.5353633891301964,
Wine quality (Low),4,14,4,True,76,20,0.8740746096009254,0.8975274725274729,0.8744799569652119,0.8939553349380396,0.45346861379625175,
Wine quality (Low),4,15,2,True,49,20,0.8847214561500275,0.916657473800331,0.8786205509205867,0.9050178792608733,0.4025133103058246,
Wine quality (Low),4,16,2,True,31,15,0.8352150537634407,0.8682795698924731,0.8303456428604316,0.8635018960629229,0.3960626941279458,
Wine quality (Low),4,17,1,False,246,20,0.9145313413690983,0.9275941750136759,0.9219473563006536,0.9393644399672142,0.46410262213249787,0.01489772642223557
Wine quality (Low),4,18,2,True,69,20,0.8808959156785244,0.9146997929606625,0.8739811701245954,0.8937486041215155,0.4161030393296545,
Wine quality (Low),4,19,2,True,28,13,0.7661401098901098,0.8307005494505495,0.7934321700408976,0.8511850798862639,0.4251796645144085,
Wine quality (Low),4,20,2,True,105,20,0.888200703100032,0.8945030361137744,0.8902149418294134,0.9092714150693805,0.3604627376995036,
Breast cancer (Low),0,0,0,False,569,20,0.9196257259555524,0.9328677753246094,0.9299147431949385,0.947715310333011,0.543502868227079,0.01422972469688015
Breast cancer (Low),0,1,1,False,376,20,0.8814707331342181,0.892150598885365,0.8986632832241643,0.9172564322580828,0.5528794711450763,0.01827145308544336
Breast cancer (Low),0,2,2,True,29,14,0.8111658456486045,0.8417077175697866,0.819716422527116,0.8233934642871085,0.49663743438946034,
Breast cancer (Low),0,3,2,True,39,19,0.7110661268556004,0.7454790823211875,0.761375612647123,0.7977635737093135,0.5595899491946852,
Breast cancer (Low),0,4,2,True,26,12,0.782051282051282,0.8444444444444444,0.7783749771579882,0.8441128830988884,0.7711954136061987,
Breast cancer (Low),0,5,2,True,40,19,0.7813397129186603,0.8133971291866029,0.8266403038670436,0.8525471735262636,0.4240272070616219,
Breast cancer (Low),0,6,2,False,150,20,0.8624156206415622,0.880362622036262,0.8765207352005556,0.8997762867283305,0.47209992101963255,0.022601677194669018
Breast cancer (Low),0,7,3,True,44,20,0.7728956228956229,0.7787037037037038,0.8191641956439933,0.8382436016818108,0.38226031168007196,
Breast cancer (Low),0,8,3,True,27,13,0.754985754985755,0.7802197802197802,0.7615602107256995,0.8037258315884792,0.5243643210279715,
Breast cancer (Low),0,9,1,False,119,20,0.8353653325737074,0.8588330247353179,0.8557226411424836,0.8883065453312843,0.6708260239787602,0.02318368904483911
Breast cancer (Low),0,10,2,True,28,13,0.8358516483516484,0.8550824175824175,0.8289033669041272,0.8595768554810539,0.5738570549395515,
Breast cancer (Low),0,11,2,True,37,18,0.8071755966492807,0.8473210052157422,0.8305744137290931,0.8597817678515037,0.7779134044958771,
Breast cancer (Low),0,12,1,True,57,20,0.8067527308838134,0.8274412446209864,0.8188662324197881,0.837216947060276,0.668202643039184,
Breast cancer (Low),1,0,0,False,569,20,0.9116706075099583,0.9284928681343247,0.9219824718102,0.9450410608802365,0.5422666845251172,0.015791588249205953
Breast cancer (Low),1,1,1,False,380,20,0.881366990437467,0.8878736540923123,0.9025714398372121,0.9159016202050755,0.5564766244202958,0.030223827825767026
Breast cancer (Low),1,2,2,True,42,20,0.7007246376811594,0.7059006211180124,0.7922080106484776,0.8238786685143138,0.5747662663902178,
Breast cancer (Low),1,3,2,False,241,20,0.8892106326568829,0.9006761218596309,0.9130639456077368,0.925362881613624,0.467201529384743,0.015537425921629428
Breast cancer (Low),1,4,3,True,25,12,0.8097435897435896,0.8282051282051281,0.7742238678874231,0.7910015490693492,0.34129296063134446,
Breast cancer (Low),1,5,3,True,26,12,0.7128205128205126,0.6880341880341879,0.7567952693398678,0.7294343800347286,0.4922880322705318,
Breast cancer (Low),1,6,1,False,117,20,0.858653228595425,0.8833555654364903,0.8737316458956597,0.8990750088219317,0.6700469073509268,0.02690399794667701
Breast cancer (Low),1,7,2,True,29,14,0.8013136288998358,0.8174055829228244,0.7823024414065145,0.8184174255700769,0.7458619961386215,
Breast cancer (Low),1,8,2,False,61,20,0.8385917764041925,0.8500134372480516,0.8438623711273006,0.8713472613776462,0.5350470827639148,0.024765564764499228
Breast cancer (Low),1,9,3,True,25,12,0.6902564102564103,0.7384615384615385,0.7199185624840098,0.768642788681229,0.6631128435487822,
Breast cancer (Low),1,10,3,True,27,13,0.798941798941799,0.754985754985755,0.7951849476884818,0.8133752029848523,0.5342723639630856,
Breast cancer (Low),1,11,1,True,59,20,0.8021112102289623,0.8191793041926851,0.8369661804601507,0.8385718846548742,0.6647967268430559,
Breast cancer (Low),2,0,0,False,569,20,0.912739938610963,0.9336890699120286,0.9224487350796525,0.9482061242804316,0.5402047202910274,0.0150771484533902
Breast cancer (Low),2,1,1,False,380,20,0.871044725547775,0.8946220164144265,0.8899426256253394,0.919122176489471,0.5461552706051699,0.026486179737652604
Breast cancer (Low),2,2,2,True,40,19,0.7307416267942584,0.7261961722488038,0.7976347748528001,0.8212465412116241,0.5486842861665556,
Breast cancer (Low),2,3,2,False,277,20,0.8813826788028793,0.901025182885304,0.8978981279471878,0.9221215409542922,0.5444404887219509,0.02928426847747943
Breast cancer (Low),2,4,3,True,28,13,0.8447802197802198,0.8715659340659341,0.8305471427750721,0.8512871130616418,0.4620628106113892,
Breast cancer (Low),2,5,3,False,227,20,0.8813128425866766,0.9041272937193844,0.8935388719497586,0.9224879735221091,0.5491937352114893,0.01618374221076606
Breast cancer (Low),2,6,4,True,30,14,0.7168067226890756,0.758543417366947,0.7677129008223017,0.8014525825991202,0.7621718759005474,
Breast cancer (Low),2,7,4,True,42,20,0.7955486542443063,0.7917184265010352,0.7949685459600654,0.840032840977331,0.4313059644548541,
Breast cancer (Low),2,8,4,True,98,20,0.8584278155706727,0.878745275888133,0.8577008300814631,0.8923238953257195,0.48936109730464805,
Breast cancer (Low),2,9,1,True,60,20,0.8009604519774011,0.830367231638418,0.819965384118287,0.8367799437193736,0.6646454946320901,
Breast cancer (Low),2,10,1,False,119,20,0.8516782984380191,0.885799743626264,0.8621479014945443,0.9008111134409953,0.6800227133542083,0.023713718886490546
Breast cancer (Low),2,11,2,True,27,13,0.7423687423687424,0.796092796092796,0.7726470257023408,0.7981582636035645,0.7448428963780053,
Breast cancer (Low),2,12,2,True,61,20,0.8359580757860791,0.8590163934426229,0.8385553725979336,0.8806850992185425,0.5479982840952262,
Breast cancer (Low),3,0,0,False,569,20,0.9124563284395075,0.933315056958648,0.9249082436244175,0.9483384764700051,0.5449338070146789,0.013862079268078472
Breast cancer (Low),3,1,1,False,383,20,0.8686687776605004,0.8950710145732645,0.8945799435014702,0.9201781435699068,0.548272178909996,0.02429133271271205
Breast cancer (Low),3,2,2,False,286,20,0.8811934640701765,0.9076327781807235,0.8963871604824293,0.9264874674997168,0.5495925615563508,0.03201748590271645
Breast cancer (Low),3,3,3,True,28,13,0.9203296703296704,0.8780906593406594,0.8734020027972406,0.8683644307217471,0.4444847143661025,
Breast cancer (Low),3,4,3,True,25,12,0.8282051282051284,0.7933333333333333,0.8014370323038874,0.8350618673095453,0.5517477919959632,
Breast cancer (Low),3,5,3,True,67,20,0.869903905131875,0.8863218155796361,0.87013197187415,0.8851818300369038,0.41338943272268164,
Breast cancer (Low),3,6,2,True,42,20,0.7158385093167702,0.7315734989648034,0.7899214488610286,0.8203175157111117,0.5175398462434773,
Breast cancer (Low),3,7,1,False,118,20,0.8526004842615014,0.8854188861985473,0.8592725041530938,0.8992048764536203,0.683232943279862,0.042037583281294796
Breast cancer (Low),3,8,2,True,30,14,0.7372549019607845,0.6997198879551821,0.8039236131507418,0.7850993143930994,0.5552333062090162,
Breast cancer (Low),3,9,2,True,25,12,0.6676923076923077,0.6405128205128205,0.7237831404739872,0.707792875299281,0.6247934787470144,
Breast cancer (Low),3,10,1,True,57,20,0.7757696127110227,0.8004634227077126,0.8104452004714028,0.82682178843317,0.6649190532234364,
Breast cancer (Low),4,0,0,False,569,20,0.911947853586657,0.9331770050570075,0.9236227511245223,0.9480937975278253,0.5443462507471094,0.014362973455139923
Breast cancer (Low),4,1,1,False,378,20,0.8796703589509345,0.8920977503711317,0.9016184728661812,0.9181848859618102,0.5599633487256018,0.025529169181727485
Breast cancer (Low),4,2,2,False,307,20,0.8822985079901752,0.9007174370181008,0.8997338888637775,0.9226557381761232,0.5477761382833763,0.02897445452697268
Breast cancer (Low),4,3,3,True,95,20,0.8597144022847817,0.8762790697674421,0.8665268091472177,0.8862399190643822,0.41729844215420053,
Breast cancer (Low),4,4,3,True,29,14,0.748768472906404,0.7737274220032841,0.7864080191812995,0.8048432379297288,0.5828223753432863,
Breast cancer (Low),4,5,2,True,51,20,0.8121951219512197,0.8534194165471067,0.8343508141389332,0.8691717457091857,0.4711005529539518,
Breast cancer (Low),4,6,1,False,118,20,0.8316707021791768,0.8553704600484263,0.8461178766136698,0.8860295127036694,0.672421547985805,0.029363771865164097
Breast cancer (Low),4,7,2,True,43,20,0.6735813953488372,0.7015813953488372,0.7708098204010022,0.8152511946503549,0.7711019463984606,
Breast cancer (Low),4,8,2,True,65,20,0.8127536231884058,0.8414492753623187,0.8113489088324979,0.8545402677382327,0.5686422431635269,
Breast cancer (Low),4,9,1,True,58,20,0.8009404388714734,0.8114733542319749,0.8267124548403415,0.8263062079106146,0.6619179424899062,
Digits (Low),0,0,0,False,1000,20,0.9615895822588963,0.9619258380608561,0.9658509188694461,0.9748028597098376,0.608296682828165,0.02820135403863079
Digits (Low),0,1,1,True,100,20,0.8440791366906475,0.8355323741007191,0.8667935144184054,0.8634181514645303,0.6082797484290311,
Digits (Low),0,2,1,False,102,20,0.8843137254901962,0.9090017825311943,0.8944586570042855,0.9124982036802655,0.7079289170961308,0.020637124480704587
Digits (Low),0,3,2,True,39,19,0.7493927125506074,0.7591093117408907,0.7986732374889404,0.8043344642276493,0.6026721190803176,
Digits (Low),0,4,2,True,60,20,0.8612994350282486,0.8809039548022599,0.8831720634323479,0.8953873412572879,0.7187407105248226,
Digits (Low),0,5,1,True,87,20,0.9121961143322146,0.9166208930932763,0.9166464617022958,0.9265787937459862,0.7055857431285228,
Digits (Low),0,6,1,True,106,20,0.8689616393852305,0.9166250156191429,0.8688319852408459,0.9241043185814103,0.8066263359988242,
Digits (Low),0,7,1,False,92,20,0.8957758925415342,0.9164369034994698,0.9025949199924131,0.9147145446021763,0.662322164795227,0.026498807383067154
Digits (Low),0,8,2,True,30,14,0.827731092436975,0.8229691876750702,0.8274581104372986,0.8355655712780722,0.6969596352288407,
Digits (Low),0,9,2,True,52,20,0.8838103756708408,0.8974508050089445,0.8756009703916428,0.8785462704270035,0.6827213771255214,
Digits (Low),0,10,1,False,107,20,0.8907580477673938,0.9044468877893838,0.8996796659261586,0.9136023879403621,0.721052184766471,0.021940562928894056
Digits (Low),0,11,2,True,39,19,0.8394062078272605,0.8511470985155197,0.8753662007480616,0.8786024396229458,0.7465527625526484,
Digits (Low),0,12,2,True,64,20,0.8230410447761194,0.8583955223880597,0.8661866396231116,0.8755888625950125,0.7373148530851269,
Digits (Low),0,13,1,False,192,20,0.8800793343653251,0.8809210526315789,0.9039936262816468,0.9182819316519377,0.6582953885141961,0.03552737611474029
Digits (Low),0,14,2,False,100,20,0.854589928057554,0.8844820143884892,0.8792191091337057,0.9049886415559968,0.7632118072931487,0.028578088137621492
Digits (Low),0,15,3,True,40,19,0.7686602870813397,0.8210526315789473,0.8219299463741777,0.8612925586143628,0.8155531479672897,
Digits (Low),0,16,3,True,33,16,0.7181372549019607,0.7749554367201426,0.8149090049007491,0.8471839626815527,0.6812852808766843,
Digits (Low),0,17,2,True,79,20,0.7977945974161554,0.8181782591674278,0.8272231497795919,0.8388563328200543,0.6962602961120973,
Digits (Low),0,18,1,True,53,20,0.9045702306079664,0.9249895178197064,0.9001368973543211,0.9172972310092099,0.7796057008589978,
Digits (Low),0,19,1,False,161,20,0.9090430974988696,0.9100901929987386,0.9201581102247351,0.9238332570777228,0.6031600308043522,0.028466082865876353
Digits (Low),0,20,2,True,54,20,0.8340425531914893,0.8626477541371159,0.8442505288427882,0.8687700322011326,0.617064544344636,
Digits (Low),0,21,2,False,88,20,0.8759584980237154,0.8866106719367589,0.8876844993594922,0.8996227579905455,0.6400422622844519,0.029190177832597645
Digits (Low),0,22,3,True,27,13,0.87993487993488,0.8945868945868946,0.822899468004124,0.8493813840158864,0.6805523457414636,
Digits (Low),0,23,3,True,32,15,0.8388888888888888,0.8530092592592593,0.830816448557465,0.8485764425080773,0.7365025717971363,
Digits (Low),1,0,0,False,1000,20,0.9612124806601341,0.963745693656524,0.965809881946972,0.9755054200666935,0.5228323632867207,0.02733688638739843
Digits (Low),1,1,1,True,100,20,0.8431294964028778,0.8457625899280573,0.8484361319359434,0.8676239635028593,0.6121136691353585,
Digits (Low),1,2,1,False,102,20,0.889366515837104,0.9100918689153983,0.8979023529750907,0.914322728713043,0.7061453806174054,0.01838915278851311
Digits (Low),1,3,2,True,60,20,0.8492937853107344,0.8638135593220341,0.8760337825078099,0.8918505159355287,0.7209266805136673,
Digits (Low),1,4,2,True,37,18,0.7885253674727358,0.7899478425794216,0.8169325973219502,0.8213382262032605,0.5956806831796689,
Digits (Low),1,5,1,False,107,20,0.8826278174821331,0.9000671919858285,0.9051130101117373,0.9128803718475048,0.7214929546158935,0.023726550461610662
Digits (Low),1,6,2,True,62,20,0.8220942140296977,0.8500000000000002,0.848727586432833,0.8814525886903718,0.7707982899154715,
Digits (Low),1,7,2,True,39,19,0.8201079622132252,0.8394062078272605,0.8663705964870602,0.8687703979850616,0.7433357017646849,
Digits (Low),1,8,1,True,53,20,0.910607966457023,0.9235220125786163,0.8920711688097797,0.9153397041577205,0.7662400587951671,
Digits (Low),1,9,1,False,161,20,0.9059946217367506,0.9100616358487423,0.9161147904983022,0.9242138849817192,0.6089083847370864,0.026894732310099027
Digits (Low),1,10,2,True,89,20,0.8619610102756169,0.8807260155574764,0.8855248144092962,0.8981168701050819,0.6658557435246568,
Digits (Low),1,11,2,True,55,20,0.8390723562152133,0.8578478664192951,0.8421020603448295,0.8582234010361819,0.63563139237252,
Digits (Low),1,12,1,False,92,20,0.8982414280664546,0.9193354542241075,0.9000254831204665,0.9184575147489852,0.6467517715584956,0.0221299976793371
Digits (Low),1,13,2,True,25,12,0.8066666666666665,0.8123076923076923,0.8034352172070165,0.8202035556042071,0.7239681142796456,
Digits (Low),1,14,2,True,31,15,0.8333333333333333,0.8494623655913979,0.8174147791593878,0.8460261477179348,0.7120689509833845,
Digits (Low),1,15,1,False,192,20,0.8913619066047472,0.8816208720330238,0.9102190130164559,0.9167465794701046,0.6606463254735717,0.02834585137920379
Digits (Low),1,16,2,True,76,20,0.8115673799884326,0.8326055523423944,0.8230666540120053,0.854333935698373,0.6891096695753258,
Digits (Low),1,17,2,True,33,16,0.7976827094474153,0.8270944741532976,0.865160717433785,0.8667769688472677,0.681643964775134,
Digits (Low),1,18,2,True,61,20,0.7955925826390756,0.827653856490191,0.8336319010638558,0.86792891000643,0.8002625911957653,
Digits (Low),1,19,1,True,87,20,0.913589665344319,0.9199979656189602,0.9088951053268856,0.9258352884344417,0.7212428093575058,
Digits (Low),1,20,1,True,106,20,0.8606272647757092,0.9129951268274398,0.8762094942713775,0.9248508121989591,0.8087946563194837,
Digits (Low),2,0,0,False,1000,20,0.9605760185662713,0.9629863847343991,0.9665327903572707,0.9750429069251172,0.5650606914457099,0.02817289865127359
Digits (Low),2,1,1,True,100,20,0.8219568345323742,0.8395899280575541,0.8523749087791415,0.8630685342231316,0.6191303774728558,
Digits (Low),2,2,1,True,106,20,0.8679182806447583,0.910289891290766,0.8854380359900981,0.9243054283256934,0.7982804587344502,
Digits (Low),2,3,1,False,102,20,0.8899355546414369,0.9057589469354176,0.8996785012019559,0.9099828789081895,0.7013121015905351,0.02145253951338286
Digits (Low),2,4,2,True,37,18,0.8631262841789158,0.8997945313734788,0.852658302285661,0.8739653681061139,0.6397652278190239,
Digits (Low),2,5,2,True,37,18,0.7613402876560771,0.7531215425952268,0.8034517707097937,0.8047061436164231,0.5992334361181471,
Digits (Low),2,6,1,True,87,20,0.9045773573390297,0.9187569931848235,0.9031274990990501,0.924957199295323,0.7238197033860342,
Digits (Low),2,7,1,False,107,20,0.8840877160833182,0.9089854010139883,0.9022879238901961,0.9155157788930542,0.7181695279589602,0.020288940281608287
Digits (Low),2,8,2,True,63,20,0.8315750915750915,0.8459096459096458,0.8594068141206705,0.8697627208440766,0.7281238412087844,
Digits (Low),2,9,2,True,38,18,0.8500417710944027,0.8539404065719857,0.8711695297295904,0.8763928940098871,0.7589162810413509,
Digits (Low),2,10,1,True,53,20,0.9082599580712788,0.9266247379454925,0.8940462582218403,0.9188700094835328,0.7740704145596592,
Digits (Low),2,11,1,False,161,20,0.9017158087622856,0.9012136788748484,0.919810326456929,0.9200708647393525,0.6064544098408032,0.02622234894934435
Digits (Low),2,12,2,True,55,20,0.8264935064935065,0.8489424860853432,0.8283517353949502,0.8619217448767987,0.6245406862023581,
Digits (Low),2,13,2,True,86,20,0.8921433060967945,0.8764299182903834,0.8995650420412951,0.8982002700606074,0.6757781596592813,
Digits (Low),2,14,1,False,92,20,0.8961470484270061,0.919017320607989,0.8978010088677763,0.9177647069626493,0.6691245388439959,0.02194388391207646
Digits (Low),2,15,2,True,31,15,0.7712365591397847,0.7997311827956989,0.7993007133498822,0.8217654098740634,0.7158438183136059,
Digits (Low),2,16,2,True,26,12,0.729059829059829,0.7414529914529915,0.7970778098830753,0.7831574225735285,0.7364259141634573,
Digits (Low),2,17,1,True,86,20,0.8227110831761995,0.8321495914519171,0.8471896705462978,0.8676193369118488,0.6781251856434954,
Digits (Low),2,18,1,False,106,20,0.8620079970011246,0.8800824690740973,0.8844642853925716,0.904059548874272,0.7571654594271863,0.022647601465036447
Digits (Low),2,19,2,True,35,17,0.7871148459383754,0.7759103641456584,0.848992838615576,0.8471331830376693,0.7076465662954073,
Digits (Low),2,20,2,True,60,20,0.8007344632768361,0.8222881355932204,0.8485736511181566,0.8675226964107937,0.8123167432429127,
Digits (Low),3,0,0,False,1000,20,0.9597776689014956,0.9633472408457968,0.9660163209277793,0.9753747246501071,0.5472623312988091,0.02521160152856884
Digits (Low),3,1,1,False,100,20,0.8380359712230216,0.8396474820143882,0.8544552309691593,0.864640661637148,0.6182772748019041,0.030541488219369885
Digits (Low),3,2,2,True,60,20,0.8337288135593219,0.8537570621468925,0.8336596582701395,0.8685757225691753,0.5958626497806326,
Digits (Low),3,3,2,True,26,12,0.7991452991452992,0.8064102564102563,0.8108158556261388,0.8498863596858091,0.6566514825155472,
Digits (Low),3,4,1,False,102,20,0.8848896201837377,0.9108117372823257,0.8929873499140989,0.914040631840399,0.7044496257392461,0.019865216354654613
Digits (Low),3,5,2,True,30,14,0.835014005602241,0.8344537815126052,0.8106460369737185,0.8320284071869091,0.5953341652467994,
Digits (Low),3,6,2,True,35,17,0.8623716153127917,0.895985060690943,0.8529034163471828,0.8673579711278845,0.6420647283717693,
Digits (Low),3,7,1,True,84,20,0.9183355585224743,0.9207498887405431,0.9111656622749491,0.9271832864460072,0.7089840142479162,
Digits (Low),3,8,1,False,106,20,0.8639260277395976,0.9131450705985256,0.8803662889196059,0.9261801121183402,0.8077000872913502,0.02464501975334434
Digits (Low),3,9,2,True,28,13,0.7754120879120878,0.8090659340659341,0.8361322091349328,0.8667734396104605,0.6810653425012362,
Digits (Low),3,10,2,True,40,19,0.7766746411483254,0.8851674641148326,0.8566963081751794,0.9082022858581478,0.8459387033424219,
Digits (Low),3,11,1,False,92,20,0.8946977730646873,0.9191940615058323,0.8998165719902211,0.9156564494614984,0.6685294118604215,0.022121846743101227
Digits (Low),3,12,2,True,27,13,0.7794057794057794,0.7859177859177859,0.841290498331403,0.8384051073868212,0.7287528509033391,
Digits (Low),3,13,2,True,25,12,0.8266666666666667,0.8076923076923077,0.8181897654502801,0.8191175268859634,0.7111624376132732,
Digits (Low),3,14,1,False,192,20,0.8883804179566565,0.879108617131063,0.9133198104572601,0.9158328318534247,0.6599846079403995,0.036838002847658355
Digits (Low),3,15,2,False,103,20,0.8732842316705725,0.8771543354536323,0.8911140837272068,0.905675066785829,0.7431519770237709,0.02252492897810382
Digits (Low),3,16,3,True,33,16,0.7611408199643493,0.7531194295900178,0.8502269178678395,0.8500811357761461,0.685247942695753,
Digits (Low),3,17,3,True,57,20,0.830056272757365,0.8180734856007945,0.846232773109584,0.8690760902074064,0.8088237999172512,
Digits (Low),3,18,2,True,77,20,0.8391146487920681,0.8345203183912863,0.8549204272546653,0.8589579772330486,0.6866171104926746,
Digits (Low),3,19,1,True,67,20,0.8369863013698631,0.8455326109180127,0.8683504677833047,0.8717318260920911,0.764979186998791,
Digits (Low),3,20,1,True,39,19,0.848582995951417,0.8327935222672065,0.8623796245738858,0.8691593948413416,0.7653781486135509,
Digits (Low),3,21,1,True,54,20,0.913002364066194,0.9308116627265565,0.8962235869556973,0.9182943646918288,0.7676441891982216,
Digits (Low),3,22,1,False,162,20,0.9060859972773788,0.9100643101910528,0.9143244826372542,0.9244304813728036,0.6125667183748758,0.026251510053066824
Digits (Low),3,23,2,True,56,20,0.8435924369747898,0.8249649859943978,0.839411507979323,0.8560576889559529,0.6322769571305347,
Digits (Low),3,24,2,True,87,20,0.8866748041908248,0.8777947309531074,0.8925482392443839,0.8950560235137032,0.66220375367763,
Digits (Low),4,0,0,False,1000,20,0.9617937596699329,0.963701495616297,0.9655667750065964,0.9756717858818529,0.5973482843544217,0.027959692927912647
Digits (Low),4,1,1,False,100,20,0.8257338129496401,0.8415899280575538,0.8496429934834486,0.8653799756712496,0.6154914015313089,0.028257414726161254
Digits (Low),4,2,2,True,64,20,0.8010727611940298,0.8173973880597015,0.8271977066108107,0.852245500409678,0.6135809115104948,
Digits (Low),4,3,2,True,27,13,0.827838827838828,0.8380138380138381,0.814208042364821,0.8386259688872668,0.661151670944678,
Digits (Low),4,4,1,False,102,20,0.8973810503222268,0.904326066090772,0.9026088442972576,0.9107893292614794,0.7012070284057087,0.01950858418605327
Digits (Low),4,5,2,True,33,16,0.8025846702317291,0.8248663101604279,0.8038108635075017,0.8338065718396613,0.612310356943249,
Digits (Low),4,6,2,True,36,17,0.8591503267973857,0.8880718954248367,0.8616886823411359,0.8779167986399433,0.6522935788588293,
Digits (Low),4,7,1,True,92,20,0.9050547896783315,0.9154471544715447,0.9078284862226652,0.9154013908059744,0.6689077182220883,
Digits (Low),4,8,1,True,86,20,0.9099622878692645,0.920312172637754,0.9060882256653909,0.9251801899025285,0.7303257640183993,
Digits (Low),4,9,1,True,106,20,0.8710358615519181,0.9108896663751093,0.8858588204071097,0.9253980686492009,0.8045249289812646,
Digits (Low),4,10,1,False,107,20,0.8838128397776558,0.8960356728361126,0.9013717655587558,0.9105953360093585,0.6934059826704675,0.02567972711699233
Digits (Low),4,11,2,True,39,19,0.8342780026990553,0.8442645074224021,0.8680444319019188,0.8808120529088916,0.7644703390056996,
Digits (Low),4,12,2,True,67,20,0.8254344714782254,0.8421590676753219,0.8482454868343539,0.8719451757274044,0.7738973342889135,
Digits (Low),4,13,1,False,191,20,0.8875862406419729,0.887338324281124,0.9063900268188975,0.9216301351177296,0.6583816767347315,0.034221479785990425
Digits (Low),4,14,2,True,73,20,0.8273166800966961,0.8399516518936342,0.8481462263545004,0.8674410237933815,0.6863943748526335,
Digits (Low),4,15,2,False,102,20,0.8596188125599892,0.8762237762237762,0.8827691633633276,0.9016563590341858,0.7512990880466782,0.029244903268083097
Digits (Low),4,16,3,True,42,20,0.7717391304347826,0.8277432712215322,0.8153203716534052,0.8686251830369772,0.8158837014142473,
Digits (Low),4,17,3,True,31,15,0.7201612903225807,0.7228494623655916,0.8057245797875351,0.8318905244869484,0.6830502437933814,
Digits (Low),4,18,1,True,54,20,0.91150512214342,0.9267533490937746,0.9023224594937119,0.9195027751605197,0.7709995763582295,
Digits (Low),4,19,1,False,162,20,0.9058771065108203,0.9063864244472608,0.914028103481809,0.9239426053765676,0.6069989853216078,0.022972115423524685
Digits (Low),4,20,2,True,85,20,0.885105234754452,0.8690987587695628,0.8970329440411946,0.8938296430854142,0.6609239928269179,
Digits (Low),4,21,2,True,26,12,0.8662393162393163,0.8824786324786322,0.8383279419919423,0.8483196425149147,0.6152321175531035,
Digits (Low),4,22,2,True,26,12,0.7897435897435898,0.7952991452991451,0.8341796191375052,0.83096950711522,0.6534704985364771,
